id,customer_message,gold_intent,pred_intent,intent_correct,confidence,gold_escalation,pred_escalation,escalation_correct,top1_retrieval_match,top3_retrieval_match,mean_retrieval_sim,reply,escalation_reason,judge_relevance,judge_groundedness,judge_correctness,judge_helpfulness,judge_unsupported_claims,judge_average_score,judge_verdict
gold_001,@AmazonHelp Where is my package? It was supposed to arrive today by 8 PM but tracking still says in transit.,delivery_delay_and_tracking,delivery_delay_and_tracking,True,0.9,AUTO_HANDLE,AUTO_HANDLE,True,True,True,0.3325,"We apologize for the inconvenience! Please check your order details and tracking at https://amzn.to/your-orders. If you require further assistance or personalized account review, please send us a DM: https://amzn.to/dm ^AB",Standard self-service guidance and link resolution path.,5,5,5,4,5,4.8,ACCEPTABLE
gold_002,@AmazonHelp Order #112-9018273 has had no tracking update for 6 days since departing the regional facility.,delivery_delay_and_tracking,delivery_delay_and_tracking,True,0.9,ESCALATE_TO_HUMAN,ESCALATE_TO_HUMAN,True,True,True,0.2463,"We apologize for the inconvenience! Please check your order details and tracking at https://amzn.to/your-orders. If you require further assistance or personalized account review, please send us a DM: https://amzn.to/dm ^AB","High-risk dispute, potential property/account impact, or SLA delay requiring human specialist review.",5,5,5,4,5,4.8,ACCEPTABLE
gold_003,@AmazonHelp Does Amazon deliver on Thanksgiving Day? My order says arriving Thursday.,delivery_delay_and_tracking,delivery_delay_and_tracking,True,0.9,AUTO_HANDLE,AUTO_HANDLE,True,True,True,0.4557,"We apologize for the inconvenience! Please check your order details and tracking at https://amzn.to/your-orders. If you require further assistance or personalized account review, please send us a DM: https://amzn.to/dm ^AB",Standard self-service guidance and link resolution path.,5,5,5,4,5,4.8,ACCEPTABLE
gold_004,"@AmazonHelp Courier marked delivery attempted at 2 PM, but I work from home and my ring buzzer never rang.",delivery_delay_and_tracking,delivery_delay_and_tracking,True,0.9,ESCALATE_TO_HUMAN,AUTO_HANDLE,False,False,True,0.1188,"We apologize for the inconvenience! Please check your order details and tracking at https://amzn.to/your-orders. If you require further assistance or personalized account review, please send us a DM: https://amzn.to/dm ^AB",Standard self-service guidance and link resolution path.,5,5,5,4,5,4.8,ACCEPTABLE
gold_005,@AmazonHelp Can I change the delivery address for order #114-8839201? It was just placed 5 minutes ago.,delivery_delay_and_tracking,damaged_or_incorrect_item,False,0.9,AUTO_HANDLE,AUTO_HANDLE,True,False,False,0.1459,"We apologize for the inconvenience! Please check your order details and tracking at https://amzn.to/your-orders. If you require further assistance or personalized account review, please send us a DM: https://amzn.to/dm ^AB",Standard self-service guidance and link resolution path.,5,5,5,4,5,4.8,ACCEPTABLE
gold_006,@AmazonHelp URGENT: My child needs the nebulizer medication shipped in order #111-2299182. Tracking has not updated.,delivery_delay_and_tracking,delivery_delay_and_tracking,True,0.9,ESCALATE_TO_HUMAN,ESCALATE_TO_HUMAN,True,True,True,0.2107,"We apologize for the inconvenience! Please check your order details and tracking at https://amzn.to/your-orders. If you require further assistance or personalized account review, please send us a DM: https://amzn.to/dm ^AB",Deterministic safety rule triggered by risk indicator: 'nebulizer'.,5,5,5,4,5,4.8,ACCEPTABLE
gold_007,@AmazonHelp Why does my tracking show carrier delay due to severe winter storm in Chicago?,delivery_delay_and_tracking,delivery_delay_and_tracking,True,0.9,AUTO_HANDLE,AUTO_HANDLE,True,True,True,0.2693,"We apologize for the inconvenience! Please check your order details and tracking at https://amzn.to/your-orders. If you require further assistance or personalized account review, please send us a DM: https://amzn.to/dm ^AB",Standard self-service guidance and link resolution path.,5,5,5,4,5,4.8,ACCEPTABLE
gold_008,@AmazonHelp The tracking link sent via SMS is broken and shows a 404 error page.,delivery_delay_and_tracking,damaged_or_incorrect_item,False,0.9,AUTO_HANDLE,AUTO_HANDLE,True,False,False,0.1004,"We apologize for the inconvenience! Please check your order details and tracking at https://amzn.to/your-orders. If you require further assistance or personalized account review, please send us a DM: https://amzn.to/dm ^AB",Standard self-service guidance and link resolution path.,5,5,5,4,5,4.8,ACCEPTABLE
gold_009,@AmazonHelp Driver delivered package to the leasing office without my authorization instead of my door.,delivery_delay_and_tracking,delivery_delay_and_tracking,True,0.9,AUTO_HANDLE,AUTO_HANDLE,True,True,True,0.2615,"We apologize for the inconvenience! Please check your order details and tracking at https://amzn.to/your-orders. If you require further assistance or personalized account review, please send us a DM: https://amzn.to/dm ^AB",Standard self-service guidance and link resolution path.,5,5,5,4,5,4.8,ACCEPTABLE
gold_010,@AmazonHelp Guaranteed delivery date was 3 days ago. I paid 2.99 for One-Day shipping.,delivery_delay_and_tracking,delivery_delay_and_tracking,True,0.9,ESCALATE_TO_HUMAN,ESCALATE_TO_HUMAN,True,False,False,0.1453,"We apologize for the inconvenience! Please check your order details and tracking at https://amzn.to/your-orders. If you require further assistance or personalized account review, please send us a DM: https://amzn.to/dm ^AB","High-risk dispute, potential property/account impact, or SLA delay requiring human specialist review.",5,5,5,4,5,4.8,ACCEPTABLE
gold_011,@AmazonHelp Tracking number 93612897230 isn't showing up on UPS website.,delivery_delay_and_tracking,delivery_delay_and_tracking,True,0.9,AUTO_HANDLE,AUTO_HANDLE,True,False,False,0.1076,"We apologize for the inconvenience! Please check your order details and tracking at https://amzn.to/your-orders. If you require further assistance or personalized account review, please send us a DM: https://amzn.to/dm ^AB",Standard self-service guidance and link resolution path.,5,5,5,4,5,4.8,ACCEPTABLE
gold_012,@AmazonHelp Is there a way to request deliveries only between 9 AM and 5 PM for my business address?,delivery_delay_and_tracking,damaged_or_incorrect_item,False,0.9,AUTO_HANDLE,AUTO_HANDLE,True,False,True,0.0797,"We apologize for the inconvenience! Please check your order details and tracking at https://amzn.to/your-orders. If you require further assistance or personalized account review, please send us a DM: https://amzn.to/dm ^AB",Standard self-service guidance and link resolution path.,5,5,5,4,5,4.8,ACCEPTABLE
gold_013,"@AmazonHelp Driver claims gate code 1234 did not work, but that is the active gate code.",delivery_delay_and_tracking,delivery_delay_and_tracking,True,0.9,ESCALATE_TO_HUMAN,AUTO_HANDLE,False,True,True,0.2309,"We apologize for the inconvenience! Please check your order details and tracking at https://amzn.to/your-orders. If you require further assistance or personalized account review, please send us a DM: https://amzn.to/dm ^AB",Standard self-service guidance and link resolution path.,5,5,5,4,5,4.8,ACCEPTABLE
gold_014,@AmazonHelp Can I pick up my package directly from the local Amazon carrier facility in Queens?,delivery_delay_and_tracking,delivery_delay_and_tracking,True,0.9,AUTO_HANDLE,AUTO_HANDLE,True,True,True,0.1736,"We apologize for the inconvenience! Please check your order details and tracking at https://amzn.to/your-orders. If you require further assistance or personalized account review, please send us a DM: https://amzn.to/dm ^AB",Standard self-service guidance and link resolution path.,5,5,5,4,5,4.8,ACCEPTABLE
gold_015,"@AmazonHelp Tracking shows out for delivery since 7 AM, it is now 9:30 PM. Will it still come tonight?",delivery_delay_and_tracking,delivery_delay_and_tracking,True,0.9,AUTO_HANDLE,AUTO_HANDLE,True,False,True,0.1837,"We apologize for the inconvenience! Please check your order details and tracking at https://amzn.to/your-orders. If you require further assistance or personalized account review, please send us a DM: https://amzn.to/dm ^AB",Standard self-service guidance and link resolution path.,5,5,5,4,5,4.8,ACCEPTABLE
gold_016,@AmazonHelp Order #113-9821730 was cancelled by Amazon due to shipping damage in transit. Where is my replacement?,delivery_delay_and_tracking,delivery_delay_and_tracking,True,0.9,ESCALATE_TO_HUMAN,AUTO_HANDLE,False,True,True,0.1748,"We apologize for the inconvenience! Please check your order details and tracking at https://amzn.to/your-orders. If you require further assistance or personalized account review, please send us a DM: https://amzn.to/dm ^AB",Standard self-service guidance and link resolution path.,5,5,5,4,5,4.8,ACCEPTABLE
gold_017,@AmazonHelp How do I track an Amazon Locker delivery PIN code?,delivery_delay_and_tracking,delivery_delay_and_tracking,True,0.9,AUTO_HANDLE,AUTO_HANDLE,True,False,False,0.2382,"We apologize for the inconvenience! Please check your order details and tracking at https://amzn.to/your-orders. If you require further assistance or personalized account review, please send us a DM: https://amzn.to/dm ^AB",Standard self-service guidance and link resolution path.,5,5,5,4,5,4.8,ACCEPTABLE
gold_018,"@AmazonHelp I received delivery notification for package 2 of 3, but where are the other 2 items?",delivery_delay_and_tracking,delivery_delay_and_tracking,True,0.9,AUTO_HANDLE,AUTO_HANDLE,True,False,False,0.1174,"We apologize for the inconvenience! Please check your order details and tracking at https://amzn.to/your-orders. If you require further assistance or personalized account review, please send us a DM: https://amzn.to/dm ^AB",Standard self-service guidance and link resolution path.,5,5,5,4,5,4.8,ACCEPTABLE
gold_019,@AmazonHelp Driver threw the box over my 8ft locked gate and landed on my flowerbed.,delivery_delay_and_tracking,account_access_and_security,False,0.9,ESCALATE_TO_HUMAN,ESCALATE_TO_HUMAN,True,True,True,0.2531,"We apologize for the inconvenience! Please check your order details and tracking at https://amzn.to/your-orders. If you require further assistance or personalized account review, please send us a DM: https://amzn.to/dm ^AB","High-risk dispute, potential property/account impact, or SLA delay requiring human specialist review.",5,5,5,4,5,4.8,ACCEPTABLE
gold_020,@AmazonHelp Can I track the delivery truck in real time on the map?,delivery_delay_and_tracking,delivery_delay_and_tracking,True,0.9,AUTO_HANDLE,AUTO_HANDLE,True,False,True,0.0834,"We apologize for the inconvenience! Please check your order details and tracking at https://amzn.to/your-orders. If you require further assistance or personalized account review, please send us a DM: https://amzn.to/dm ^AB",Standard self-service guidance and link resolution path.,5,5,5,4,5,4.8,ACCEPTABLE
gold_021,"@AmazonHelp Tracking says delivered to mailroom, but our building does not have a mailroom.",delivery_delay_and_tracking,delivery_delay_and_tracking,True,0.9,ESCALATE_TO_HUMAN,AUTO_HANDLE,False,True,True,0.2407,"We apologize for the inconvenience! Please check your order details and tracking at https://amzn.to/your-orders. If you require further assistance or personalized account review, please send us a DM: https://amzn.to/dm ^AB",Standard self-service guidance and link resolution path.,5,5,5,4,5,4.8,ACCEPTABLE
gold_022,@AmazonHelp Package was routed to the wrong state! Shipped to Florida instead of California.,delivery_delay_and_tracking,delivery_delay_and_tracking,True,0.9,ESCALATE_TO_HUMAN,AUTO_HANDLE,False,False,False,0.1587,"We apologize for the inconvenience! Please check your order details and tracking at https://amzn.to/your-orders. If you require further assistance or personalized account review, please send us a DM: https://amzn.to/dm ^AB",Standard self-service guidance and link resolution path.,5,5,5,4,5,4.8,ACCEPTABLE
gold_023,@AmazonHelp What does 'Available for pickup at carrier facility' mean?,delivery_delay_and_tracking,delivery_delay_and_tracking,True,0.9,AUTO_HANDLE,AUTO_HANDLE,True,True,True,0.2212,"We apologize for the inconvenience! Please check your order details and tracking at https://amzn.to/your-orders. If you require further assistance or personalized account review, please send us a DM: https://amzn.to/dm ^AB",Standard self-service guidance and link resolution path.,5,5,5,4,5,4.8,ACCEPTABLE
gold_024,@AmazonHelp Amazon Day delivery was scheduled for Wednesday but it arrived on Tuesday when I was out of town.,delivery_delay_and_tracking,delivery_delay_and_tracking,True,0.9,AUTO_HANDLE,AUTO_HANDLE,True,False,False,0.103,"We apologize for the inconvenience! Please check your order details and tracking at https://amzn.to/your-orders. If you require further assistance or personalized account review, please send us a DM: https://amzn.to/dm ^AB",Standard self-service guidance and link resolution path.,5,5,5,4,5,4.8,ACCEPTABLE
gold_025,"@AmazonHelp Driver marked customer refused delivery, but I never spoke to any driver!",delivery_delay_and_tracking,delivery_delay_and_tracking,True,0.9,ESCALATE_TO_HUMAN,AUTO_HANDLE,False,True,True,0.3556,"We apologize for the inconvenience! Please check your order details and tracking at https://amzn.to/your-orders. If you require further assistance or personalized account review, please send us a DM: https://amzn.to/dm ^AB",Standard self-service guidance and link resolution path.,5,5,5,4,5,4.8,ACCEPTABLE
gold_026,"@AmazonHelp Delivered notification arrived 5 mins ago, but porch is completely empty.",missing_or_stolen_package,missing_or_stolen_package,True,0.9,AUTO_HANDLE,AUTO_HANDLE,True,True,True,0.3447,"We apologize for the inconvenience! Please check your order details and tracking at https://amzn.to/your-orders. If you require further assistance or personalized account review, please send us a DM: https://amzn.to/dm ^AB",Standard self-service guidance and link resolution path.,5,5,5,4,5,4.8,ACCEPTABLE
gold_027,@AmazonHelp Delivery photo clearly shows a white door and green mat. My building has black doors and concrete.,missing_or_stolen_package,delivery_delay_and_tracking,False,0.9,ESCALATE_TO_HUMAN,AUTO_HANDLE,False,True,True,0.2471,"We apologize for the inconvenience! Please check your order details and tracking at https://amzn.to/your-orders. If you require further assistance or personalized account review, please send us a DM: https://amzn.to/dm ^AB",Standard self-service guidance and link resolution path.,5,5,5,4,5,4.8,ACCEPTABLE
gold_028,@AmazonHelp Package has been marked delivered for 48 hours. Searched entire neighborhood. Missing.,missing_or_stolen_package,missing_or_stolen_package,True,0.9,ESCALATE_TO_HUMAN,AUTO_HANDLE,False,True,True,0.232,"We apologize for the inconvenience! Please check your order details and tracking at https://amzn.to/your-orders. If you require further assistance or personalized account review, please send us a DM: https://amzn.to/dm ^AB",Standard self-service guidance and link resolution path.,5,5,5,4,5,4.8,ACCEPTABLE
gold_029,@AmazonHelp Porch pirate stole package. Ring doorbell footage recorded suspect at 3:15 PM.,missing_or_stolen_package,missing_or_stolen_package,True,0.9,ESCALATE_TO_HUMAN,AUTO_HANDLE,False,True,True,0.2883,"We apologize for the inconvenience! Please check your order details and tracking at https://amzn.to/your-orders. If you require further assistance or personalized account review, please send us a DM: https://amzn.to/dm ^AB",Standard self-service guidance and link resolution path.,5,5,5,4,5,4.8,ACCEPTABLE
gold_030,"@AmazonHelp Tracking says handed directly to resident, but everyone in my house was at work.",missing_or_stolen_package,missing_or_stolen_package,True,0.9,ESCALATE_TO_HUMAN,AUTO_HANDLE,False,False,False,0.2565,"We apologize for the inconvenience! Please check your order details and tracking at https://amzn.to/your-orders. If you require further assistance or personalized account review, please send us a DM: https://amzn.to/dm ^AB",Standard self-service guidance and link resolution path.,5,5,5,4,5,4.8,ACCEPTABLE
gold_031,@AmazonHelp Where do drivers usually leave packages if the front porch is wet from rain?,missing_or_stolen_package,delivery_delay_and_tracking,False,0.9,AUTO_HANDLE,AUTO_HANDLE,True,True,True,0.2546,"We apologize for the inconvenience! Please check your order details and tracking at https://amzn.to/your-orders. If you require further assistance or personalized account review, please send us a DM: https://amzn.to/dm ^AB",Standard self-service guidance and link resolution path.,5,5,5,4,5,4.8,ACCEPTABLE
gold_032,@AmazonHelp Amazon locker says locker empty when I entered my pickup code!,missing_or_stolen_package,missing_or_stolen_package,True,0.9,ESCALATE_TO_HUMAN,AUTO_HANDLE,False,False,False,0.2262,"We apologize for the inconvenience! Please check your order details and tracking at https://amzn.to/your-orders. If you require further assistance or personalized account review, please send us a DM: https://amzn.to/dm ^AB",Standard self-service guidance and link resolution path.,5,5,5,4,5,4.8,ACCEPTABLE
gold_033,"@AmazonHelp Package marked delivered inside mailbox, but mailbox key was missing.",missing_or_stolen_package,missing_or_stolen_package,True,0.9,AUTO_HANDLE,AUTO_HANDLE,True,True,True,0.2261,"We apologize for the inconvenience! Please check your order details and tracking at https://amzn.to/your-orders. If you require further assistance or personalized account review, please send us a DM: https://amzn.to/dm ^AB",Standard self-service guidance and link resolution path.,5,5,5,4,5,4.8,ACCEPTABLE
gold_034,"@AmazonHelp Neighbor brought over an opened package that was addressed to me, but contents were missing.",missing_or_stolen_package,damaged_or_incorrect_item,False,0.9,ESCALATE_TO_HUMAN,AUTO_HANDLE,False,True,True,0.1735,"We apologize for the inconvenience! Please check your order details and tracking at https://amzn.to/your-orders. If you require further assistance or personalized account review, please send us a DM: https://amzn.to/dm ^AB",Standard self-service guidance and link resolution path.,5,5,5,4,5,4.8,ACCEPTABLE
gold_035,@AmazonHelp Delivery photo is pitch black and cannot see where package was left.,missing_or_stolen_package,delivery_delay_and_tracking,False,0.9,AUTO_HANDLE,AUTO_HANDLE,True,True,True,0.2058,"We apologize for the inconvenience! Please check your order details and tracking at https://amzn.to/your-orders. If you require further assistance or personalized account review, please send us a DM: https://amzn.to/dm ^AB",Standard self-service guidance and link resolution path.,5,5,5,4,5,4.8,ACCEPTABLE
gold_036,"@AmazonHelp Package marked delivered to rear porch, but my property has no rear access.",missing_or_stolen_package,delivery_delay_and_tracking,False,0.9,ESCALATE_TO_HUMAN,AUTO_HANDLE,False,True,True,0.1932,"We apologize for the inconvenience! Please check your order details and tracking at https://amzn.to/your-orders. If you require further assistance or personalized account review, please send us a DM: https://amzn.to/dm ^AB",Standard self-service guidance and link resolution path.,5,5,5,4,5,4.8,ACCEPTABLE
gold_037,@AmazonHelp Order #114-9988210 was high value jewelry (00) marked delivered with no signature collected.,missing_or_stolen_package,delivery_delay_and_tracking,False,0.9,ESCALATE_TO_HUMAN,AUTO_HANDLE,False,True,True,0.1576,"We apologize for the inconvenience! Please check your order details and tracking at https://amzn.to/your-orders. If you require further assistance or personalized account review, please send us a DM: https://amzn.to/dm ^AB",Standard self-service guidance and link resolution path.,5,5,5,4,5,4.8,ACCEPTABLE
gold_038,@AmazonHelp Driver marked delivered at 11 PM while building was locked.,missing_or_stolen_package,account_access_and_security,False,0.9,ESCALATE_TO_HUMAN,ESCALATE_TO_HUMAN,True,False,False,0.2649,"We apologize for the inconvenience! Please check your order details and tracking at https://amzn.to/your-orders. If you require further assistance or personalized account review, please send us a DM: https://amzn.to/dm ^AB","High-risk dispute, potential property/account impact, or SLA delay requiring human specialist review.",5,5,5,4,5,4.8,ACCEPTABLE
gold_039,@AmazonHelp Can I report a package stolen online without calling customer service?,missing_or_stolen_package,missing_or_stolen_package,True,0.9,AUTO_HANDLE,ESCALATE_TO_HUMAN,False,True,True,0.2082,"We apologize for the inconvenience! Please check your order details and tracking at https://amzn.to/your-orders. If you require further assistance or personalized account review, please send us a DM: https://amzn.to/dm ^AB","High-risk dispute, potential property/account impact, or SLA delay requiring human specialist review.",5,5,5,4,5,4.8,ACCEPTABLE
gold_040,@AmazonHelp Package left in lobby was taken by another resident per CCTV.,missing_or_stolen_package,delivery_delay_and_tracking,False,0.9,ESCALATE_TO_HUMAN,AUTO_HANDLE,False,False,False,0.1244,"We apologize for the inconvenience! Please check your order details and tracking at https://amzn.to/your-orders. If you require further assistance or personalized account review, please send us a DM: https://amzn.to/dm ^AB",Standard self-service guidance and link resolution path.,5,5,5,4,5,4.8,ACCEPTABLE
gold_041,"@AmazonHelp Tracking says delivered to receptionist Jane, but our company has no employee named Jane.",missing_or_stolen_package,delivery_delay_and_tracking,False,0.9,ESCALATE_TO_HUMAN,AUTO_HANDLE,False,False,False,0.2475,"We apologize for the inconvenience! Please check your order details and tracking at https://amzn.to/your-orders. If you require further assistance or personalized account review, please send us a DM: https://amzn.to/dm ^AB",Standard self-service guidance and link resolution path.,5,5,5,4,5,4.8,ACCEPTABLE
gold_042,@AmazonHelp What should I do if a missing package shows up after I already reported it?,missing_or_stolen_package,missing_or_stolen_package,True,0.9,AUTO_HANDLE,AUTO_HANDLE,True,True,True,0.1825,"We apologize for the inconvenience! Please check your order details and tracking at https://amzn.to/your-orders. If you require further assistance or personalized account review, please send us a DM: https://amzn.to/dm ^AB",Standard self-service guidance and link resolution path.,5,5,5,4,5,4.8,ACCEPTABLE
gold_043,@AmazonHelp Driver left package on public sidewalk next to busy road and it was gone in 10 mins.,missing_or_stolen_package,delivery_delay_and_tracking,False,0.9,ESCALATE_TO_HUMAN,AUTO_HANDLE,False,False,False,0.2538,"We apologize for the inconvenience! Please check your order details and tracking at https://amzn.to/your-orders. If you require further assistance or personalized account review, please send us a DM: https://amzn.to/dm ^AB",Standard self-service guidance and link resolution path.,5,5,5,4,5,4.8,ACCEPTABLE
gold_044,@AmazonHelp Package marked delivered yesterday but postal carrier says they still have it at post office.,missing_or_stolen_package,delivery_delay_and_tracking,False,0.9,AUTO_HANDLE,AUTO_HANDLE,True,False,False,0.186,"We apologize for the inconvenience! Please check your order details and tracking at https://amzn.to/your-orders. If you require further assistance or personalized account review, please send us a DM: https://amzn.to/dm ^AB",Standard self-service guidance and link resolution path.,5,5,5,4,5,4.8,ACCEPTABLE
gold_045,@AmazonHelp Is a signature required for all electronics deliveries over 00?,missing_or_stolen_package,delivery_delay_and_tracking,False,0.9,AUTO_HANDLE,AUTO_HANDLE,True,False,False,0.1468,"We apologize for the inconvenience! Please check your order details and tracking at https://amzn.to/your-orders. If you require further assistance or personalized account review, please send us a DM: https://amzn.to/dm ^AB",Standard self-service guidance and link resolution path.,5,5,5,4,5,4.8,ACCEPTABLE
gold_046,"@AmazonHelp Package marked delivered 3 days ago, leasing office confirmed it never arrived.",missing_or_stolen_package,delivery_delay_and_tracking,False,0.9,ESCALATE_TO_HUMAN,ESCALATE_TO_HUMAN,True,False,False,0.1732,"We apologize for the inconvenience! Please check your order details and tracking at https://amzn.to/your-orders. If you require further assistance or personalized account review, please send us a DM: https://amzn.to/dm ^AB","High-risk dispute, potential property/account impact, or SLA delay requiring human specialist review.",5,5,5,4,5,4.8,ACCEPTABLE
gold_047,"@AmazonHelp App says delivered to garage via Amazon Key, but garage door never opened.",missing_or_stolen_package,delivery_delay_and_tracking,False,0.9,ESCALATE_TO_HUMAN,AUTO_HANDLE,False,True,True,0.1807,"We apologize for the inconvenience! Please check your order details and tracking at https://amzn.to/your-orders. If you require further assistance or personalized account review, please send us a DM: https://amzn.to/dm ^AB",Standard self-service guidance and link resolution path.,5,5,5,4,5,4.8,ACCEPTABLE
gold_048,"@AmazonHelp Driver says package delivered to dog house in backyard, but dog chewed the box.",missing_or_stolen_package,delivery_delay_and_tracking,False,0.9,ESCALATE_TO_HUMAN,AUTO_HANDLE,False,False,False,0.1377,"We apologize for the inconvenience! Please check your order details and tracking at https://amzn.to/your-orders. If you require further assistance or personalized account review, please send us a DM: https://amzn.to/dm ^AB",Standard self-service guidance and link resolution path.,5,5,5,4,5,4.8,ACCEPTABLE
gold_049,@AmazonHelp How long do I have to wait before Amazon will replace a lost package?,missing_or_stolen_package,delivery_delay_and_tracking,False,0.9,AUTO_HANDLE,ESCALATE_TO_HUMAN,False,False,False,0.1429,"We apologize for the inconvenience! Please check your order details and tracking at https://amzn.to/your-orders. If you require further assistance or personalized account review, please send us a DM: https://amzn.to/dm ^AB","High-risk dispute, potential property/account impact, or SLA delay requiring human specialist review.",5,5,5,4,5,4.8,ACCEPTABLE
gold_050,@AmazonHelp Missing parcel had custom engraved anniversary gift that cannot be reordered in time.,missing_or_stolen_package,missing_or_stolen_package,True,0.9,ESCALATE_TO_HUMAN,AUTO_HANDLE,False,False,True,0.1212,"We apologize for the inconvenience! Please check your order details and tracking at https://amzn.to/your-orders. If you require further assistance or personalized account review, please send us a DM: https://amzn.to/dm ^AB",Standard self-service guidance and link resolution path.,5,5,5,4,5,4.8,ACCEPTABLE
gold_051,@AmazonHelp How many days do I have to return an item bought during the holiday season?,return_and_refund_status,return_and_refund_status,True,0.9,AUTO_HANDLE,AUTO_HANDLE,True,True,True,0.2018,"We apologize for the inconvenience! Please check your order details and tracking at https://amzn.to/your-orders. If you require further assistance or personalized account review, please send us a DM: https://amzn.to/dm ^AB",Standard self-service guidance and link resolution path.,5,5,5,4,5,4.8,ACCEPTABLE
gold_052,"@AmazonHelp I returned an iPad on Nov 2nd, return tracking delivered Nov 5th, still no refund on Nov 24th.",return_and_refund_status,return_and_refund_status,True,0.9,ESCALATE_TO_HUMAN,AUTO_HANDLE,False,False,True,0.128,"We apologize for the inconvenience! Please check your order details and tracking at https://amzn.to/your-orders. If you require further assistance or personalized account review, please send us a DM: https://amzn.to/dm ^AB",Standard self-service guidance and link resolution path.,5,5,5,4,5,4.8,ACCEPTABLE
gold_053,@AmazonHelp Do I need the original cardboard shipping box to make a return at Kohl's?,return_and_refund_status,return_and_refund_status,True,0.9,AUTO_HANDLE,AUTO_HANDLE,True,True,True,0.1977,"We apologize for the inconvenience! Please check your order details and tracking at https://amzn.to/your-orders. If you require further assistance or personalized account review, please send us a DM: https://amzn.to/dm ^AB",Standard self-service guidance and link resolution path.,5,5,5,4,5,4.8,ACCEPTABLE
gold_054,@AmazonHelp UPS tracking says return package was lost in transit back to Amazon warehouse.,return_and_refund_status,return_and_refund_status,True,0.9,ESCALATE_TO_HUMAN,ESCALATE_TO_HUMAN,True,False,False,0.2368,"We apologize for the inconvenience! Please check your order details and tracking at https://amzn.to/your-orders. If you require further assistance or personalized account review, please send us a DM: https://amzn.to/dm ^AB","High-risk dispute, potential property/account impact, or SLA delay requiring human specialist review.",5,5,5,4,5,4.8,ACCEPTABLE
gold_055,@AmazonHelp Can I exchange an item for a different color directly through the return center?,return_and_refund_status,return_and_refund_status,True,0.9,AUTO_HANDLE,AUTO_HANDLE,True,True,True,0.1968,"We apologize for the inconvenience! Please check your order details and tracking at https://amzn.to/your-orders. If you require further assistance or personalized account review, please send us a DM: https://amzn.to/dm ^AB",Standard self-service guidance and link resolution path.,5,5,5,4,5,4.8,ACCEPTABLE
gold_056,@AmazonHelp I was charged a 5 restocking fee on a return that was defective upon arrival.,return_and_refund_status,return_and_refund_status,True,0.9,ESCALATE_TO_HUMAN,AUTO_HANDLE,False,True,True,0.1448,"We apologize for the inconvenience! Please check your order details and tracking at https://amzn.to/your-orders. If you require further assistance or personalized account review, please send us a DM: https://amzn.to/dm ^AB",Standard self-service guidance and link resolution path.,5,5,5,4,5,4.8,ACCEPTABLE
gold_057,@AmazonHelp My return QR code expired because I got sick. How do I get a new one?,return_and_refund_status,return_and_refund_status,True,0.9,AUTO_HANDLE,ESCALATE_TO_HUMAN,False,True,True,0.1621,"We apologize for the inconvenience! Please check your order details and tracking at https://amzn.to/your-orders. If you require further assistance or personalized account review, please send us a DM: https://amzn.to/dm ^AB","High-risk dispute, potential property/account impact, or SLA delay requiring human specialist review.",5,5,5,4,5,4.8,ACCEPTABLE
gold_058,@AmazonHelp Return center claims they received an empty box and denied my 00 refund.,return_and_refund_status,return_and_refund_status,True,0.9,ESCALATE_TO_HUMAN,AUTO_HANDLE,False,True,True,0.1938,"We apologize for the inconvenience! Please check your order details and tracking at https://amzn.to/your-orders. If you require further assistance or personalized account review, please send us a DM: https://amzn.to/dm ^AB",Standard self-service guidance and link resolution path.,5,5,5,4,5,4.8,ACCEPTABLE
gold_059,@AmazonHelp Will my refund go back to my gift card or my credit card?,return_and_refund_status,return_and_refund_status,True,0.9,AUTO_HANDLE,AUTO_HANDLE,True,False,True,0.2207,"We apologize for the inconvenience! Please check your order details and tracking at https://amzn.to/your-orders. If you require further assistance or personalized account review, please send us a DM: https://amzn.to/dm ^AB",Standard self-service guidance and link resolution path.,5,5,5,4,5,4.8,ACCEPTABLE
gold_060,"@AmazonHelp Returned two separate orders in the same box with one label, now only one refunded.",return_and_refund_status,return_and_refund_status,True,0.9,ESCALATE_TO_HUMAN,AUTO_HANDLE,False,True,True,0.1935,"We apologize for the inconvenience! Please check your order details and tracking at https://amzn.to/your-orders. If you require further assistance or personalized account review, please send us a DM: https://amzn.to/dm ^AB",Standard self-service guidance and link resolution path.,5,5,5,4,5,4.8,ACCEPTABLE
gold_061,@AmazonHelp Can I drop off an Amazon return at Whole Foods without printing anything?,return_and_refund_status,return_and_refund_status,True,0.9,AUTO_HANDLE,AUTO_HANDLE,True,True,True,0.1882,"We apologize for the inconvenience! Please check your order details and tracking at https://amzn.to/your-orders. If you require further assistance or personalized account review, please send us a DM: https://amzn.to/dm ^AB",Standard self-service guidance and link resolution path.,5,5,5,4,5,4.8,ACCEPTABLE
gold_062,@AmazonHelp I initiated a return 30 days ago but forgot to drop it off. Is the label still valid?,return_and_refund_status,return_and_refund_status,True,0.9,AUTO_HANDLE,ESCALATE_TO_HUMAN,False,True,True,0.1876,"We apologize for the inconvenience! Please check your order details and tracking at https://amzn.to/your-orders. If you require further assistance or personalized account review, please send us a DM: https://amzn.to/dm ^AB","High-risk dispute, potential property/account impact, or SLA delay requiring human specialist review.",5,5,5,4,5,4.8,ACCEPTABLE
gold_063,@AmazonHelp Bank says Amazon issued refund to an expired credit card account.,return_and_refund_status,return_and_refund_status,True,0.9,ESCALATE_TO_HUMAN,ESCALATE_TO_HUMAN,True,True,True,0.2202,"We apologize for the inconvenience! Please check your order details and tracking at https://amzn.to/your-orders. If you require further assistance or personalized account review, please send us a DM: https://amzn.to/dm ^AB","High-risk dispute, potential property/account impact, or SLA delay requiring human specialist review.",5,5,5,4,5,4.8,ACCEPTABLE
gold_064,@AmazonHelp Why is my return status showing 'Refund issued' but bank shows nothing after 8 business days?,return_and_refund_status,return_and_refund_status,True,0.9,ESCALATE_TO_HUMAN,ESCALATE_TO_HUMAN,True,True,True,0.229,"We apologize for the inconvenience! Please check your order details and tracking at https://amzn.to/your-orders. If you require further assistance or personalized account review, please send us a DM: https://amzn.to/dm ^AB","High-risk dispute, potential property/account impact, or SLA delay requiring human specialist review.",5,5,5,4,5,4.8,ACCEPTABLE
gold_065,@AmazonHelp Are opened personal care items like shampoo eligible for return?,return_and_refund_status,return_and_refund_status,True,0.9,AUTO_HANDLE,AUTO_HANDLE,True,False,False,0.1553,"We apologize for the inconvenience! Please check your order details and tracking at https://amzn.to/your-orders. If you require further assistance or personalized account review, please send us a DM: https://amzn.to/dm ^AB",Standard self-service guidance and link resolution path.,5,5,5,4,5,4.8,ACCEPTABLE
gold_066,@AmazonHelp Item was delivered with hazardous materials label and return portal says cannot be returned.,return_and_refund_status,return_and_refund_status,True,0.9,ESCALATE_TO_HUMAN,ESCALATE_TO_HUMAN,True,True,True,0.2194,"We apologize for the inconvenience! Please check your order details and tracking at https://amzn.to/your-orders. If you require further assistance or personalized account review, please send us a DM: https://amzn.to/dm ^AB","High-risk dispute, potential property/account impact, or SLA delay requiring human specialist review.",5,5,5,4,5,4.8,ACCEPTABLE
gold_067,@AmazonHelp How do I return a gift without the person who gave it knowing?,return_and_refund_status,return_and_refund_status,True,0.9,AUTO_HANDLE,AUTO_HANDLE,True,True,True,0.1983,"We apologize for the inconvenience! Please check your order details and tracking at https://amzn.to/your-orders. If you require further assistance or personalized account review, please send us a DM: https://amzn.to/dm ^AB",Standard self-service guidance and link resolution path.,5,5,5,4,5,4.8,ACCEPTABLE
gold_068,"@AmazonHelp I dropped package at UPS drop box without scanning receipt, will I still get refunded?",return_and_refund_status,return_and_refund_status,True,0.9,AUTO_HANDLE,AUTO_HANDLE,True,True,True,0.2226,"We apologize for the inconvenience! Please check your order details and tracking at https://amzn.to/your-orders. If you require further assistance or personalized account review, please send us a DM: https://amzn.to/dm ^AB",Standard self-service guidance and link resolution path.,5,5,5,4,5,4.8,ACCEPTABLE
gold_069,@AmazonHelp Amazon refunded me 0 less than what I paid on invoice #112-909281.,return_and_refund_status,return_and_refund_status,True,0.9,ESCALATE_TO_HUMAN,AUTO_HANDLE,False,False,False,0.1107,"We apologize for the inconvenience! Please check your order details and tracking at https://amzn.to/your-orders. If you require further assistance or personalized account review, please send us a DM: https://amzn.to/dm ^AB",Standard self-service guidance and link resolution path.,5,5,5,4,5,4.8,ACCEPTABLE
gold_070,@AmazonHelp Can I get an instant refund to Amazon gift card balance instead of waiting for bank?,return_and_refund_status,return_and_refund_status,True,0.9,AUTO_HANDLE,AUTO_HANDLE,True,False,False,0.223,"We apologize for the inconvenience! Please check your order details and tracking at https://amzn.to/your-orders. If you require further assistance or personalized account review, please send us a DM: https://amzn.to/dm ^AB",Standard self-service guidance and link resolution path.,5,5,5,4,5,4.8,ACCEPTABLE
gold_071,"@AmazonHelp Return center received my return 10 days ago, status still says 'In transit'.",return_and_refund_status,return_and_refund_status,True,0.9,ESCALATE_TO_HUMAN,ESCALATE_TO_HUMAN,True,True,True,0.3126,"We apologize for the inconvenience! Please check your order details and tracking at https://amzn.to/your-orders. If you require further assistance or personalized account review, please send us a DM: https://amzn.to/dm ^AB","High-risk dispute, potential property/account impact, or SLA delay requiring human specialist review.",5,5,5,4,5,4.8,ACCEPTABLE
gold_072,@AmazonHelp Do third-party marketplace sellers have the same return policy as Amazon Prime?,return_and_refund_status,prime_membership_and_billing,False,0.9,AUTO_HANDLE,AUTO_HANDLE,True,False,False,0.2442,"We apologize for the inconvenience! Please check your order details and tracking at https://amzn.to/your-orders. If you require further assistance or personalized account review, please send us a DM: https://amzn.to/dm ^AB",Standard self-service guidance and link resolution path.,5,5,5,4,5,4.8,ACCEPTABLE
gold_073,@AmazonHelp Seller refused return on counterfeit item they sold me.,return_and_refund_status,return_and_refund_status,True,0.9,ESCALATE_TO_HUMAN,ESCALATE_TO_HUMAN,True,True,True,0.1545,"We apologize for the inconvenience! Please check your order details and tracking at https://amzn.to/your-orders. If you require further assistance or personalized account review, please send us a DM: https://amzn.to/dm ^AB","High-risk dispute, potential property/account impact, or SLA delay requiring human specialist review.",5,5,5,4,5,4.8,ACCEPTABLE
gold_074,@AmazonHelp How do I cancel a return request I made by mistake?,return_and_refund_status,return_and_refund_status,True,0.9,AUTO_HANDLE,AUTO_HANDLE,True,True,True,0.1445,"We apologize for the inconvenience! Please check your order details and tracking at https://amzn.to/your-orders. If you require further assistance or personalized account review, please send us a DM: https://amzn.to/dm ^AB",Standard self-service guidance and link resolution path.,5,5,5,4,5,4.8,ACCEPTABLE
gold_075,@AmazonHelp Return pickup by UPS was never scheduled by Amazon as promised.,return_and_refund_status,return_and_refund_status,True,0.9,ESCALATE_TO_HUMAN,AUTO_HANDLE,False,True,True,0.2028,"We apologize for the inconvenience! Please check your order details and tracking at https://amzn.to/your-orders. If you require further assistance or personalized account review, please send us a DM: https://amzn.to/dm ^AB",Standard self-service guidance and link resolution path.,5,5,5,4,5,4.8,ACCEPTABLE
gold_076,"@AmazonHelp Glass bottle of olive oil broke inside box, soaked everything.",damaged_or_incorrect_item,delivery_delay_and_tracking,False,0.9,AUTO_HANDLE,AUTO_HANDLE,True,True,True,0.286,"We apologize for the inconvenience! Please check your order details and tracking at https://amzn.to/your-orders. If you require further assistance or personalized account review, please send us a DM: https://amzn.to/dm ^AB",Standard self-service guidance and link resolution path.,5,5,5,4,5,4.8,ACCEPTABLE
gold_077,"@AmazonHelp Ordered 128GB iPhone 15 Pro, box contained a brick wrapped in bubble wrap!",damaged_or_incorrect_item,damaged_or_incorrect_item,True,0.9,ESCALATE_TO_HUMAN,ESCALATE_TO_HUMAN,True,False,True,0.1996,"We apologize for the inconvenience! Please check your order details and tracking at https://amzn.to/your-orders. If you require further assistance or personalized account review, please send us a DM: https://amzn.to/dm ^AB","High-risk dispute, potential property/account impact, or SLA delay requiring human specialist review.",5,5,5,4,5,4.8,ACCEPTABLE
gold_078,@AmazonHelp Received green dress instead of blue dress. Can I exchange?,damaged_or_incorrect_item,damaged_or_incorrect_item,True,0.9,AUTO_HANDLE,AUTO_HANDLE,True,False,True,0.1477,"We apologize for the inconvenience! Please check your order details and tracking at https://amzn.to/your-orders. If you require further assistance or personalized account review, please send us a DM: https://amzn.to/dm ^AB",Standard self-service guidance and link resolution path.,5,5,5,4,5,4.8,ACCEPTABLE
gold_079,@AmazonHelp Lithium battery in cordless drill started smoking and swelling upon opening.,damaged_or_incorrect_item,delivery_delay_and_tracking,False,0.9,ESCALATE_TO_HUMAN,AUTO_HANDLE,False,False,False,0.0772,"We apologize for the inconvenience! Please check your order details and tracking at https://amzn.to/your-orders. If you require further assistance or personalized account review, please send us a DM: https://amzn.to/dm ^AB",Standard self-service guidance and link resolution path.,5,5,5,4,5,4.8,ACCEPTABLE
gold_080,@AmazonHelp The box was torn and one out of three books was missing.,damaged_or_incorrect_item,missing_or_stolen_package,False,0.9,AUTO_HANDLE,AUTO_HANDLE,True,True,True,0.1377,"We apologize for the inconvenience! Please check your order details and tracking at https://amzn.to/your-orders. If you require further assistance or personalized account review, please send us a DM: https://amzn.to/dm ^AB",Standard self-service guidance and link resolution path.,5,5,5,4,5,4.8,ACCEPTABLE
gold_081,"@AmazonHelp Ordered brand new laptop, but screen has scratches and previous user account was logged in.",damaged_or_incorrect_item,delivery_delay_and_tracking,False,0.9,ESCALATE_TO_HUMAN,AUTO_HANDLE,False,True,True,0.1628,"We apologize for the inconvenience! Please check your order details and tracking at https://amzn.to/your-orders. If you require further assistance or personalized account review, please send us a DM: https://amzn.to/dm ^AB",Standard self-service guidance and link resolution path.,5,5,5,4,5,4.8,ACCEPTABLE
gold_082,"@AmazonHelp Product box is dented, but item inside is completely intact and working.",damaged_or_incorrect_item,delivery_delay_and_tracking,False,0.9,AUTO_HANDLE,AUTO_HANDLE,True,True,True,0.1719,"We apologize for the inconvenience! Please check your order details and tracking at https://amzn.to/your-orders. If you require further assistance or personalized account review, please send us a DM: https://amzn.to/dm ^AB",Standard self-service guidance and link resolution path.,5,5,5,4,5,4.8,ACCEPTABLE
gold_083,"@AmazonHelp Baby formula can arrived with punctured seal, cannot feed to infant.",damaged_or_incorrect_item,delivery_delay_and_tracking,False,0.9,ESCALATE_TO_HUMAN,ESCALATE_TO_HUMAN,True,True,True,0.1031,"We apologize for the inconvenience! Please check your order details and tracking at https://amzn.to/your-orders. If you require further assistance or personalized account review, please send us a DM: https://amzn.to/dm ^AB",Deterministic safety rule triggered by risk indicator: 'infant'.,5,5,5,4,5,4.8,ACCEPTABLE
gold_084,@AmazonHelp Do I have to return an item that arrived completely shattered?,damaged_or_incorrect_item,damaged_or_incorrect_item,True,0.9,AUTO_HANDLE,ESCALATE_TO_HUMAN,False,False,False,0.165,"We apologize for the inconvenience! Please check your order details and tracking at https://amzn.to/your-orders. If you require further assistance or personalized account review, please send us a DM: https://amzn.to/dm ^AB","High-risk dispute, potential property/account impact, or SLA delay requiring human specialist review.",5,5,5,4,5,4.8,ACCEPTABLE
gold_085,@AmazonHelp Counterfeit perfume received; smells completely fake and packaging misspelled.,damaged_or_incorrect_item,general_product_or_policy_inquiry,False,0.9,ESCALATE_TO_HUMAN,ESCALATE_TO_HUMAN,True,True,True,0.1135,"We apologize for the inconvenience! Please check your order details and tracking at https://amzn.to/your-orders. If you require further assistance or personalized account review, please send us a DM: https://amzn.to/dm ^AB","High-risk dispute, potential property/account impact, or SLA delay requiring human specialist review.",5,5,5,4,5,4.8,ACCEPTABLE
gold_086,@AmazonHelp Missing power adapter from vacuum cleaner box.,damaged_or_incorrect_item,missing_or_stolen_package,False,0.9,AUTO_HANDLE,AUTO_HANDLE,True,False,False,0.1159,"We apologize for the inconvenience! Please check your order details and tracking at https://amzn.to/your-orders. If you require further assistance or personalized account review, please send us a DM: https://amzn.to/dm ^AB",Standard self-service guidance and link resolution path.,5,5,5,4,5,4.8,ACCEPTABLE
gold_087,"@AmazonHelp Ordered right shoe size 10, but received one shoe size 9 and one shoe size 11.",damaged_or_incorrect_item,damaged_or_incorrect_item,True,0.9,AUTO_HANDLE,AUTO_HANDLE,True,True,True,0.1338,"We apologize for the inconvenience! Please check your order details and tracking at https://amzn.to/your-orders. If you require further assistance or personalized account review, please send us a DM: https://amzn.to/dm ^AB",Standard self-service guidance and link resolution path.,5,5,5,4,5,4.8,ACCEPTABLE
gold_088,@AmazonHelp Delivered wrong item 3 times in a row for order #111-9281920! Incompetent!,damaged_or_incorrect_item,damaged_or_incorrect_item,True,0.9,ESCALATE_TO_HUMAN,ESCALATE_TO_HUMAN,True,False,True,0.1385,"We apologize for the inconvenience! Please check your order details and tracking at https://amzn.to/your-orders. If you require further assistance or personalized account review, please send us a DM: https://amzn.to/dm ^AB",Deterministic safety rule triggered by risk indicator: 'incompetent'.,5,5,5,4,5,4.8,ACCEPTABLE
gold_089,@AmazonHelp How do I upload photos of a damaged item during the return process?,damaged_or_incorrect_item,damaged_or_incorrect_item,True,0.9,AUTO_HANDLE,AUTO_HANDLE,True,True,True,0.1849,"We apologize for the inconvenience! Please check your order details and tracking at https://amzn.to/your-orders. If you require further assistance or personalized account review, please send us a DM: https://amzn.to/dm ^AB",Standard self-service guidance and link resolution path.,5,5,5,4,5,4.8,ACCEPTABLE
gold_090,@AmazonHelp Item expired 6 months ago according to printed expiration date on carton.,damaged_or_incorrect_item,delivery_delay_and_tracking,False,0.9,AUTO_HANDLE,ESCALATE_TO_HUMAN,False,False,False,0.1199,"We apologize for the inconvenience! Please check your order details and tracking at https://amzn.to/your-orders. If you require further assistance or personalized account review, please send us a DM: https://amzn.to/dm ^AB","High-risk dispute, potential property/account impact, or SLA delay requiring human specialist review.",5,5,5,4,5,4.8,ACCEPTABLE
gold_091,@AmazonHelp TV arrived with cracked screen that only shows black lines when turned on.,damaged_or_incorrect_item,delivery_delay_and_tracking,False,0.9,ESCALATE_TO_HUMAN,AUTO_HANDLE,False,False,True,0.1778,"We apologize for the inconvenience! Please check your order details and tracking at https://amzn.to/your-orders. If you require further assistance or personalized account review, please send us a DM: https://amzn.to/dm ^AB",Standard self-service guidance and link resolution path.,5,5,5,4,5,4.8,ACCEPTABLE
gold_092,@AmazonHelp Is packaging recyclable for the paper padded mailers?,damaged_or_incorrect_item,general_product_or_policy_inquiry,False,0.9,AUTO_HANDLE,AUTO_HANDLE,True,True,True,0.1712,"We apologize for the inconvenience! Please check your order details and tracking at https://amzn.to/your-orders. If you require further assistance or personalized account review, please send us a DM: https://amzn.to/dm ^AB",Standard self-service guidance and link resolution path.,5,5,5,4,5,4.8,ACCEPTABLE
gold_093,@AmazonHelp Missing assembly screws for bookshelf order #114-882910.,damaged_or_incorrect_item,missing_or_stolen_package,False,0.9,AUTO_HANDLE,AUTO_HANDLE,True,False,False,0.1613,"We apologize for the inconvenience! Please check your order details and tracking at https://amzn.to/your-orders. If you require further assistance or personalized account review, please send us a DM: https://amzn.to/dm ^AB",Standard self-service guidance and link resolution path.,5,5,5,4,5,4.8,ACCEPTABLE
gold_094,"@AmazonHelp Liquid bleach bottle burst in box, bleached my personal rug when I brought it inside.",damaged_or_incorrect_item,damaged_or_incorrect_item,True,0.9,ESCALATE_TO_HUMAN,AUTO_HANDLE,False,True,True,0.4277,"We apologize for the inconvenience! Please check your order details and tracking at https://amzn.to/your-orders. If you require further assistance or personalized account review, please send us a DM: https://amzn.to/dm ^AB",Standard self-service guidance and link resolution path.,5,5,5,4,5,4.8,ACCEPTABLE
gold_095,@AmazonHelp Product received is 110V US plug but I live in UK and ordered from UK site.,damaged_or_incorrect_item,delivery_delay_and_tracking,False,0.9,AUTO_HANDLE,AUTO_HANDLE,True,True,True,0.1149,"We apologize for the inconvenience! Please check your order details and tracking at https://amzn.to/your-orders. If you require further assistance or personalized account review, please send us a DM: https://amzn.to/dm ^AB",Standard self-service guidance and link resolution path.,5,5,5,4,5,4.8,ACCEPTABLE
gold_096,@AmazonHelp Mattress arrived with black mold spots on the fabric inside sealed plastic.,damaged_or_incorrect_item,delivery_delay_and_tracking,False,0.9,ESCALATE_TO_HUMAN,AUTO_HANDLE,False,True,True,0.1024,"We apologize for the inconvenience! Please check your order details and tracking at https://amzn.to/your-orders. If you require further assistance or personalized account review, please send us a DM: https://amzn.to/dm ^AB",Standard self-service guidance and link resolution path.,5,5,5,4,5,4.8,ACCEPTABLE
gold_097,@AmazonHelp Received order for someone else with their full name and address on packing slip.,damaged_or_incorrect_item,damaged_or_incorrect_item,True,0.9,AUTO_HANDLE,AUTO_HANDLE,True,False,True,0.1147,"We apologize for the inconvenience! Please check your order details and tracking at https://amzn.to/your-orders. If you require further assistance or personalized account review, please send us a DM: https://amzn.to/dm ^AB",Standard self-service guidance and link resolution path.,5,5,5,4,5,4.8,ACCEPTABLE
gold_098,@AmazonHelp Brand new camera lens has internal dust particles.,damaged_or_incorrect_item,delivery_delay_and_tracking,False,0.9,ESCALATE_TO_HUMAN,AUTO_HANDLE,False,True,True,0.1982,"We apologize for the inconvenience! Please check your order details and tracking at https://amzn.to/your-orders. If you require further assistance or personalized account review, please send us a DM: https://amzn.to/dm ^AB",Standard self-service guidance and link resolution path.,5,5,5,4,5,4.8,ACCEPTABLE
gold_099,@AmazonHelp Can I keep the incorrect item if Amazon sends a replacement?,damaged_or_incorrect_item,delivery_delay_and_tracking,False,0.9,AUTO_HANDLE,AUTO_HANDLE,True,False,True,0.1271,"We apologize for the inconvenience! Please check your order details and tracking at https://amzn.to/your-orders. If you require further assistance or personalized account review, please send us a DM: https://amzn.to/dm ^AB",Standard self-service guidance and link resolution path.,5,5,5,4,5,4.8,ACCEPTABLE
gold_100,@AmazonHelp Air fryer caught fire during first use according to manufacturer instructions.,damaged_or_incorrect_item,delivery_delay_and_tracking,False,0.9,ESCALATE_TO_HUMAN,ESCALATE_TO_HUMAN,True,False,False,0.2148,"We apologize for the inconvenience! Please check your order details and tracking at https://amzn.to/your-orders. If you require further assistance or personalized account review, please send us a DM: https://amzn.to/dm ^AB",Deterministic safety rule triggered by risk indicator: 'fire'.,5,5,5,4,5,4.8,ACCEPTABLE
gold_101,@AmazonHelp How do I cancel my Amazon Prime free trial before it charges my credit card?,prime_membership_and_billing,prime_membership_and_billing,True,0.9,AUTO_HANDLE,AUTO_HANDLE,True,True,True,0.2283,"We apologize for the inconvenience! Please check your order details and tracking at https://amzn.to/your-orders. If you require further assistance or personalized account review, please send us a DM: https://amzn.to/dm ^AB",Standard self-service guidance and link resolution path.,5,5,5,4,5,4.8,ACCEPTABLE
gold_102,@AmazonHelp I was charged 39 annual fee twice on the same day for Prime.,prime_membership_and_billing,prime_membership_and_billing,True,0.9,ESCALATE_TO_HUMAN,ESCALATE_TO_HUMAN,True,True,True,0.2253,"We apologize for the inconvenience! Please check your order details and tracking at https://amzn.to/your-orders. If you require further assistance or personalized account review, please send us a DM: https://amzn.to/dm ^AB","High-risk dispute, potential property/account impact, or SLA delay requiring human specialist review.",5,5,5,4,5,4.8,ACCEPTABLE
gold_103,@AmazonHelp Can I get a discount on Amazon Prime if I receive EBT or Medicaid?,prime_membership_and_billing,prime_membership_and_billing,True,0.9,AUTO_HANDLE,AUTO_HANDLE,True,True,True,0.3094,"We apologize for the inconvenience! Please check your order details and tracking at https://amzn.to/your-orders. If you require further assistance or personalized account review, please send us a DM: https://amzn.to/dm ^AB",Standard self-service guidance and link resolution path.,5,5,5,4,5,4.8,ACCEPTABLE
gold_104,@AmazonHelp Unauthorized 4.99 charge from Prime Video Channels every month for 6 months!,prime_membership_and_billing,account_access_and_security,False,0.9,ESCALATE_TO_HUMAN,ESCALATE_TO_HUMAN,True,False,False,0.1917,"We apologize for the inconvenience! Please check your order details and tracking at https://amzn.to/your-orders. If you require further assistance or personalized account review, please send us a DM: https://amzn.to/dm ^AB",Deterministic safety rule triggered by risk indicator: 'unauthorized'.,5,5,5,4,5,4.8,ACCEPTABLE
gold_105,@AmazonHelp Promo code FALL20 did not apply to qualifying items in my shopping cart.,prime_membership_and_billing,delivery_delay_and_tracking,False,0.9,ESCALATE_TO_HUMAN,AUTO_HANDLE,False,True,True,0.2987,"We apologize for the inconvenience! Please check your order details and tracking at https://amzn.to/your-orders. If you require further assistance or personalized account review, please send us a DM: https://amzn.to/dm ^AB",Standard self-service guidance and link resolution path.,5,5,5,4,5,4.8,ACCEPTABLE
gold_106,@AmazonHelp How do I update the default credit card used for Prime membership renewals?,prime_membership_and_billing,prime_membership_and_billing,True,0.9,AUTO_HANDLE,AUTO_HANDLE,True,True,True,0.2633,"We apologize for the inconvenience! Please check your order details and tracking at https://amzn.to/your-orders. If you require further assistance or personalized account review, please send us a DM: https://amzn.to/dm ^AB",Standard self-service guidance and link resolution path.,5,5,5,4,5,4.8,ACCEPTABLE
gold_107,@AmazonHelp Charged for Prime on a credit card that I removed from my wallet months ago.,prime_membership_and_billing,prime_membership_and_billing,True,0.9,ESCALATE_TO_HUMAN,AUTO_HANDLE,False,True,True,0.1892,"We apologize for the inconvenience! Please check your order details and tracking at https://amzn.to/your-orders. If you require further assistance or personalized account review, please send us a DM: https://amzn.to/dm ^AB",Standard self-service guidance and link resolution path.,5,5,5,4,5,4.8,ACCEPTABLE
gold_108,@AmazonHelp Does Prime membership include free Grubhub+ food delivery?,prime_membership_and_billing,prime_membership_and_billing,True,0.9,AUTO_HANDLE,AUTO_HANDLE,True,False,False,0.1778,"We apologize for the inconvenience! Please check your order details and tracking at https://amzn.to/your-orders. If you require further assistance or personalized account review, please send us a DM: https://amzn.to/dm ^AB",Standard self-service guidance and link resolution path.,5,5,5,4,5,4.8,ACCEPTABLE
gold_109,@AmazonHelp I cancelled Prime yesterday but today I was charged 4.99.,prime_membership_and_billing,prime_membership_and_billing,True,0.9,ESCALATE_TO_HUMAN,AUTO_HANDLE,False,True,True,0.2909,"We apologize for the inconvenience! Please check your order details and tracking at https://amzn.to/your-orders. If you require further assistance or personalized account review, please send us a DM: https://amzn.to/dm ^AB",Standard self-service guidance and link resolution path.,5,5,5,4,5,4.8,ACCEPTABLE
gold_110,@AmazonHelp Can college students keep the Prime Student rate after graduation?,prime_membership_and_billing,prime_membership_and_billing,True,0.9,AUTO_HANDLE,AUTO_HANDLE,True,True,True,0.2523,"We apologize for the inconvenience! Please check your order details and tracking at https://amzn.to/your-orders. If you require further assistance or personalized account review, please send us a DM: https://amzn.to/dm ^AB",Standard self-service guidance and link resolution path.,5,5,5,4,5,4.8,ACCEPTABLE
gold_111,@AmazonHelp My bank charged an overdraft fee because Amazon attempted Prime charge 3 times.,prime_membership_and_billing,prime_membership_and_billing,True,0.9,ESCALATE_TO_HUMAN,AUTO_HANDLE,False,True,True,0.1583,"We apologize for the inconvenience! Please check your order details and tracking at https://amzn.to/your-orders. If you require further assistance or personalized account review, please send us a DM: https://amzn.to/dm ^AB",Standard self-service guidance and link resolution path.,5,5,5,4,5,4.8,ACCEPTABLE
gold_112,@AmazonHelp How do I pause my Prime membership instead of permanently cancelling it?,prime_membership_and_billing,prime_membership_and_billing,True,0.9,AUTO_HANDLE,AUTO_HANDLE,True,True,True,0.3178,"We apologize for the inconvenience! Please check your order details and tracking at https://amzn.to/your-orders. If you require further assistance or personalized account review, please send us a DM: https://amzn.to/dm ^AB",Standard self-service guidance and link resolution path.,5,5,5,4,5,4.8,ACCEPTABLE
gold_113,@AmazonHelp Charged for Amazon Music Unlimited family plan when I only authorized single plan.,prime_membership_and_billing,delivery_delay_and_tracking,False,0.9,ESCALATE_TO_HUMAN,AUTO_HANDLE,False,True,True,0.1372,"We apologize for the inconvenience! Please check your order details and tracking at https://amzn.to/your-orders. If you require further assistance or personalized account review, please send us a DM: https://amzn.to/dm ^AB",Standard self-service guidance and link resolution path.,5,5,5,4,5,4.8,ACCEPTABLE
gold_114,@AmazonHelp What happens to my cloud photo storage if I cancel Prime?,prime_membership_and_billing,prime_membership_and_billing,True,0.9,AUTO_HANDLE,AUTO_HANDLE,True,True,True,0.2337,"We apologize for the inconvenience! Please check your order details and tracking at https://amzn.to/your-orders. If you require further assistance or personalized account review, please send us a DM: https://amzn.to/dm ^AB",Standard self-service guidance and link resolution path.,5,5,5,4,5,4.8,ACCEPTABLE
gold_115,@AmazonHelp I want an itemized tax receipt for all Prime charges in 2023 for my accountant.,prime_membership_and_billing,prime_membership_and_billing,True,0.9,AUTO_HANDLE,AUTO_HANDLE,True,True,True,0.1404,"We apologize for the inconvenience! Please check your order details and tracking at https://amzn.to/your-orders. If you require further assistance or personalized account review, please send us a DM: https://amzn.to/dm ^AB",Standard self-service guidance and link resolution path.,5,5,5,4,5,4.8,ACCEPTABLE
gold_116,"@AmazonHelp Signed up for annual Prime promo with 0 gift card bonus, gift card never sent.",prime_membership_and_billing,prime_membership_and_billing,True,0.9,ESCALATE_TO_HUMAN,AUTO_HANDLE,False,False,True,0.1754,"We apologize for the inconvenience! Please check your order details and tracking at https://amzn.to/your-orders. If you require further assistance or personalized account review, please send us a DM: https://amzn.to/dm ^AB",Standard self-service guidance and link resolution path.,5,5,5,4,5,4.8,ACCEPTABLE
gold_117,@AmazonHelp Can I pay for Amazon Prime membership using cash or retail store cards?,prime_membership_and_billing,prime_membership_and_billing,True,0.9,AUTO_HANDLE,AUTO_HANDLE,True,True,True,0.2661,"We apologize for the inconvenience! Please check your order details and tracking at https://amzn.to/your-orders. If you require further assistance or personalized account review, please send us a DM: https://amzn.to/dm ^AB",Standard self-service guidance and link resolution path.,5,5,5,4,5,4.8,ACCEPTABLE
gold_118,"@AmazonHelp My Prime delivery guarantee was missed 4 times this month, what is my compensation?",prime_membership_and_billing,prime_membership_and_billing,True,0.9,ESCALATE_TO_HUMAN,AUTO_HANDLE,False,False,False,0.1206,"We apologize for the inconvenience! Please check your order details and tracking at https://amzn.to/your-orders. If you require further assistance or personalized account review, please send us a DM: https://amzn.to/dm ^AB",Standard self-service guidance and link resolution path.,5,5,5,4,5,4.8,ACCEPTABLE
gold_119,@AmazonHelp How do I remove an authorized adult from my Amazon Household?,prime_membership_and_billing,prime_membership_and_billing,True,0.9,AUTO_HANDLE,AUTO_HANDLE,True,False,True,0.1464,"We apologize for the inconvenience! Please check your order details and tracking at https://amzn.to/your-orders. If you require further assistance or personalized account review, please send us a DM: https://amzn.to/dm ^AB",Standard self-service guidance and link resolution path.,5,5,5,4,5,4.8,ACCEPTABLE
gold_120,@AmazonHelp Card was charged 9 for Audible without my consent.,prime_membership_and_billing,delivery_delay_and_tracking,False,0.9,ESCALATE_TO_HUMAN,AUTO_HANDLE,False,True,True,0.1167,"We apologize for the inconvenience! Please check your order details and tracking at https://amzn.to/your-orders. If you require further assistance or personalized account review, please send us a DM: https://amzn.to/dm ^AB",Standard self-service guidance and link resolution path.,5,5,5,4,5,4.8,ACCEPTABLE
gold_121,@AmazonHelp Will I get a refund if I cancel Prime 6 months into an annual subscription?,prime_membership_and_billing,prime_membership_and_billing,True,0.9,AUTO_HANDLE,AUTO_HANDLE,True,True,True,0.224,"We apologize for the inconvenience! Please check your order details and tracking at https://amzn.to/your-orders. If you require further assistance or personalized account review, please send us a DM: https://amzn.to/dm ^AB",Standard self-service guidance and link resolution path.,5,5,5,4,5,4.8,ACCEPTABLE
gold_122,@AmazonHelp Prime Video says I need to pay extra to watch movies without ads now?,prime_membership_and_billing,prime_membership_and_billing,True,0.9,AUTO_HANDLE,AUTO_HANDLE,True,False,False,0.285,"We apologize for the inconvenience! Please check your order details and tracking at https://amzn.to/your-orders. If you require further assistance or personalized account review, please send us a DM: https://amzn.to/dm ^AB",Standard self-service guidance and link resolution path.,5,5,5,4,5,4.8,ACCEPTABLE
gold_123,"@AmazonHelp My credit card expired, will my Prime membership cancel immediately?",prime_membership_and_billing,prime_membership_and_billing,True,0.9,AUTO_HANDLE,ESCALATE_TO_HUMAN,False,True,True,0.2536,"We apologize for the inconvenience! Please check your order details and tracking at https://amzn.to/your-orders. If you require further assistance or personalized account review, please send us a DM: https://amzn.to/dm ^AB","High-risk dispute, potential property/account impact, or SLA delay requiring human specialist review.",5,5,5,4,5,4.8,ACCEPTABLE
gold_124,@AmazonHelp Disputed charge with my bank and now Amazon locked my whole account.,prime_membership_and_billing,account_access_and_security,False,0.9,ESCALATE_TO_HUMAN,ESCALATE_TO_HUMAN,True,False,False,0.1719,"We apologize for the inconvenience! Please check your order details and tracking at https://amzn.to/your-orders. If you require further assistance or personalized account review, please send us a DM: https://amzn.to/dm ^AB","High-risk dispute, potential property/account impact, or SLA delay requiring human specialist review.",5,5,5,4,5,4.8,ACCEPTABLE
gold_125,@AmazonHelp Can I transfer my Prime membership from US account to Amazon UK?,prime_membership_and_billing,prime_membership_and_billing,True,0.9,AUTO_HANDLE,AUTO_HANDLE,True,True,True,0.2412,"We apologize for the inconvenience! Please check your order details and tracking at https://amzn.to/your-orders. If you require further assistance or personalized account review, please send us a DM: https://amzn.to/dm ^AB",Standard self-service guidance and link resolution path.,5,5,5,4,5,4.8,ACCEPTABLE
gold_126,@AmazonHelp Prime Video gives error 5004 on my Samsung Smart TV.,digital_services_and_devices,prime_membership_and_billing,False,0.9,AUTO_HANDLE,AUTO_HANDLE,True,True,True,0.4046,"We apologize for the inconvenience! Please check your order details and tracking at https://amzn.to/your-orders. If you require further assistance or personalized account review, please send us a DM: https://amzn.to/dm ^AB",Standard self-service guidance and link resolution path.,5,5,5,4,5,4.8,ACCEPTABLE
gold_127,"@AmazonHelp Fire Tablet won't turn on after charging overnight, battery light flashes red.",digital_services_and_devices,digital_services_and_devices,True,0.9,ESCALATE_TO_HUMAN,ESCALATE_TO_HUMAN,True,False,False,0.2042,"We apologize for the inconvenience! Please check your order details and tracking at https://amzn.to/your-orders. If you require further assistance or personalized account review, please send us a DM: https://amzn.to/dm ^AB",Deterministic safety rule triggered by risk indicator: 'fire'.,5,5,5,4,5,4.8,ACCEPTABLE
gold_128,@AmazonHelp How do I sync Kindle books between my phone and my Paperwhite?,digital_services_and_devices,digital_services_and_devices,True,0.9,AUTO_HANDLE,AUTO_HANDLE,True,False,False,0.1712,"We apologize for the inconvenience! Please check your order details and tracking at https://amzn.to/your-orders. If you require further assistance or personalized account review, please send us a DM: https://amzn.to/dm ^AB",Standard self-service guidance and link resolution path.,5,5,5,4,5,4.8,ACCEPTABLE
gold_129,@AmazonHelp Echo Dot won't connect to 5GHz Wi-Fi network.,digital_services_and_devices,digital_services_and_devices,True,0.9,AUTO_HANDLE,AUTO_HANDLE,True,False,False,0.0656,"We apologize for the inconvenience! Please check your order details and tracking at https://amzn.to/your-orders. If you require further assistance or personalized account review, please send us a DM: https://amzn.to/dm ^AB",Standard self-service guidance and link resolution path.,5,5,5,4,5,4.8,ACCEPTABLE
gold_130,@AmazonHelp Purchased an audiobook on Audible but it won't play on my Alexa speaker.,digital_services_and_devices,digital_services_and_devices,True,0.9,AUTO_HANDLE,AUTO_HANDLE,True,True,True,0.1168,"We apologize for the inconvenience! Please check your order details and tracking at https://amzn.to/your-orders. If you require further assistance or personalized account review, please send us a DM: https://amzn.to/dm ^AB",Standard self-service guidance and link resolution path.,5,5,5,4,5,4.8,ACCEPTABLE
gold_131,@AmazonHelp Kindle Paperwhite screen has permanent vertical dead pixel lines.,digital_services_and_devices,digital_services_and_devices,True,0.9,ESCALATE_TO_HUMAN,AUTO_HANDLE,False,False,False,0.275,"We apologize for the inconvenience! Please check your order details and tracking at https://amzn.to/your-orders. If you require further assistance or personalized account review, please send us a DM: https://amzn.to/dm ^AB",Standard self-service guidance and link resolution path.,5,5,5,4,5,4.8,ACCEPTABLE
gold_132,"@AmazonHelp Rented movie on Prime Video by accident, haven't started watching yet. Can I refund?",digital_services_and_devices,prime_membership_and_billing,False,0.9,AUTO_HANDLE,AUTO_HANDLE,True,True,True,0.2082,"We apologize for the inconvenience! Please check your order details and tracking at https://amzn.to/your-orders. If you require further assistance or personalized account review, please send us a DM: https://amzn.to/dm ^AB",Standard self-service guidance and link resolution path.,5,5,5,4,5,4.8,ACCEPTABLE
gold_133,"@AmazonHelp Fire TV Stick remote buttons stopped working, reset button does nothing.",digital_services_and_devices,digital_services_and_devices,True,0.9,ESCALATE_TO_HUMAN,ESCALATE_TO_HUMAN,True,True,True,0.1906,"We apologize for the inconvenience! Please check your order details and tracking at https://amzn.to/your-orders. If you require further assistance or personalized account review, please send us a DM: https://amzn.to/dm ^AB",Deterministic safety rule triggered by risk indicator: 'fire'.,5,5,5,4,5,4.8,ACCEPTABLE
gold_134,@AmazonHelp How do I set up parental controls on my child's Fire HD Kids tablet?,digital_services_and_devices,digital_services_and_devices,True,0.9,AUTO_HANDLE,ESCALATE_TO_HUMAN,False,False,False,0.152,"We apologize for the inconvenience! Please check your order details and tracking at https://amzn.to/your-orders. If you require further assistance or personalized account review, please send us a DM: https://amzn.to/dm ^AB",Deterministic safety rule triggered by risk indicator: 'fire'.,5,5,5,4,5,4.8,ACCEPTABLE
gold_135,@AmazonHelp Audio is out of sync with video on all Prime Video movies on Apple TV.,digital_services_and_devices,prime_membership_and_billing,False,0.9,AUTO_HANDLE,AUTO_HANDLE,True,True,True,0.4083,"We apologize for the inconvenience! Please check your order details and tracking at https://amzn.to/your-orders. If you require further assistance or personalized account review, please send us a DM: https://amzn.to/dm ^AB",Standard self-service guidance and link resolution path.,5,5,5,4,5,4.8,ACCEPTABLE
gold_136,@AmazonHelp Echo Show camera privacy shutter is physically jammed closed.,digital_services_and_devices,digital_services_and_devices,True,0.9,ESCALATE_TO_HUMAN,AUTO_HANDLE,False,False,False,0.1304,"We apologize for the inconvenience! Please check your order details and tracking at https://amzn.to/your-orders. If you require further assistance or personalized account review, please send us a DM: https://amzn.to/dm ^AB",Standard self-service guidance and link resolution path.,5,5,5,4,5,4.8,ACCEPTABLE
gold_137,@AmazonHelp Why did the Kindle store remove a book I previously purchased and paid for?,digital_services_and_devices,digital_services_and_devices,True,0.9,ESCALATE_TO_HUMAN,AUTO_HANDLE,False,True,True,0.1485,"We apologize for the inconvenience! Please check your order details and tracking at https://amzn.to/your-orders. If you require further assistance or personalized account review, please send us a DM: https://amzn.to/dm ^AB",Standard self-service guidance and link resolution path.,5,5,5,4,5,4.8,ACCEPTABLE
gold_138,@AmazonHelp Can I sideload PDF documents onto my Kindle Paperwhite via USB?,digital_services_and_devices,digital_services_and_devices,True,0.9,AUTO_HANDLE,AUTO_HANDLE,True,False,False,0.3071,"We apologize for the inconvenience! Please check your order details and tracking at https://amzn.to/your-orders. If you require further assistance or personalized account review, please send us a DM: https://amzn.to/dm ^AB",Standard self-service guidance and link resolution path.,5,5,5,4,5,4.8,ACCEPTABLE
gold_139,@AmazonHelp Alexa started playing music randomly in the middle of the night at max volume.,digital_services_and_devices,digital_services_and_devices,True,0.9,AUTO_HANDLE,AUTO_HANDLE,True,True,True,0.1822,"We apologize for the inconvenience! Please check your order details and tracking at https://amzn.to/your-orders. If you require further assistance or personalized account review, please send us a DM: https://amzn.to/dm ^AB",Standard self-service guidance and link resolution path.,5,5,5,4,5,4.8,ACCEPTABLE
gold_140,@AmazonHelp Fire TV 4K keeps shutting down due to overheating warning.,digital_services_and_devices,digital_services_and_devices,True,0.9,ESCALATE_TO_HUMAN,ESCALATE_TO_HUMAN,True,True,True,0.3836,"We apologize for the inconvenience! Please check your order details and tracking at https://amzn.to/your-orders. If you require further assistance or personalized account review, please send us a DM: https://amzn.to/dm ^AB",Deterministic safety rule triggered by risk indicator: 'fire'.,5,5,5,4,5,4.8,ACCEPTABLE
gold_141,@AmazonHelp How to pair bluetooth headphones with Fire TV Stick?,digital_services_and_devices,digital_services_and_devices,True,0.9,AUTO_HANDLE,ESCALATE_TO_HUMAN,False,False,False,0.1384,"We apologize for the inconvenience! Please check your order details and tracking at https://amzn.to/your-orders. If you require further assistance or personalized account review, please send us a DM: https://amzn.to/dm ^AB",Deterministic safety rule triggered by risk indicator: 'fire'.,5,5,5,4,5,4.8,ACCEPTABLE
gold_142,"@AmazonHelp Bought Kindle eBook in Spanish by mistake, want English version.",digital_services_and_devices,digital_services_and_devices,True,0.9,AUTO_HANDLE,AUTO_HANDLE,True,True,True,0.1611,"We apologize for the inconvenience! Please check your order details and tracking at https://amzn.to/your-orders. If you require further assistance or personalized account review, please send us a DM: https://amzn.to/dm ^AB",Standard self-service guidance and link resolution path.,5,5,5,4,5,4.8,ACCEPTABLE
gold_143,@AmazonHelp Ring Video Doorbell not recording motion events after latest firmware update.,digital_services_and_devices,delivery_delay_and_tracking,False,0.9,AUTO_HANDLE,AUTO_HANDLE,True,False,True,0.1283,"We apologize for the inconvenience! Please check your order details and tracking at https://amzn.to/your-orders. If you require further assistance or personalized account review, please send us a DM: https://amzn.to/dm ^AB",Standard self-service guidance and link resolution path.,5,5,5,4,5,4.8,ACCEPTABLE
gold_144,@AmazonHelp Kindle battery drains from 100% to 0% in less than 2 hours.,digital_services_and_devices,digital_services_and_devices,True,0.9,ESCALATE_TO_HUMAN,AUTO_HANDLE,False,False,False,0.2267,"We apologize for the inconvenience! Please check your order details and tracking at https://amzn.to/your-orders. If you require further assistance or personalized account review, please send us a DM: https://amzn.to/dm ^AB",Standard self-service guidance and link resolution path.,5,5,5,4,5,4.8,ACCEPTABLE
gold_145,@AmazonHelp How to deregister an old Kindle device before selling it on eBay?,digital_services_and_devices,digital_services_and_devices,True,0.9,AUTO_HANDLE,AUTO_HANDLE,True,False,False,0.1806,"We apologize for the inconvenience! Please check your order details and tracking at https://amzn.to/your-orders. If you require further assistance or personalized account review, please send us a DM: https://amzn.to/dm ^AB",Standard self-service guidance and link resolution path.,5,5,5,4,5,4.8,ACCEPTABLE
gold_146,@AmazonHelp Prime Video video quality is blurry on fiber gigabit internet connection.,digital_services_and_devices,prime_membership_and_billing,False,0.9,AUTO_HANDLE,AUTO_HANDLE,True,True,True,0.2678,"We apologize for the inconvenience! Please check your order details and tracking at https://amzn.to/your-orders. If you require further assistance or personalized account review, please send us a DM: https://amzn.to/dm ^AB",Standard self-service guidance and link resolution path.,5,5,5,4,5,4.8,ACCEPTABLE
gold_147,@AmazonHelp Echo Studio speaker makes loud buzzing and popping electrical noise.,digital_services_and_devices,digital_services_and_devices,True,0.9,ESCALATE_TO_HUMAN,AUTO_HANDLE,False,False,False,0.0656,"We apologize for the inconvenience! Please check your order details and tracking at https://amzn.to/your-orders. If you require further assistance or personalized account review, please send us a DM: https://amzn.to/dm ^AB",Standard self-service guidance and link resolution path.,5,5,5,4,5,4.8,ACCEPTABLE
gold_148,@AmazonHelp Can I share my Kindle books with family members?,digital_services_and_devices,digital_services_and_devices,True,0.9,AUTO_HANDLE,AUTO_HANDLE,True,False,False,0.1419,"We apologize for the inconvenience! Please check your order details and tracking at https://amzn.to/your-orders. If you require further assistance or personalized account review, please send us a DM: https://amzn.to/dm ^AB",Standard self-service guidance and link resolution path.,5,5,5,4,5,4.8,ACCEPTABLE
gold_149,@AmazonHelp Fire Stick HDMI port connector broke off inside television.,digital_services_and_devices,delivery_delay_and_tracking,False,0.9,ESCALATE_TO_HUMAN,ESCALATE_TO_HUMAN,True,False,False,0.1703,"We apologize for the inconvenience! Please check your order details and tracking at https://amzn.to/your-orders. If you require further assistance or personalized account review, please send us a DM: https://amzn.to/dm ^AB",Deterministic safety rule triggered by risk indicator: 'fire'.,5,5,5,4,5,4.8,ACCEPTABLE
gold_150,@AmazonHelp Is the Kindle Oasis waterproof for use in the pool?,digital_services_and_devices,digital_services_and_devices,True,0.9,AUTO_HANDLE,AUTO_HANDLE,True,False,False,0.2473,"We apologize for the inconvenience! Please check your order details and tracking at https://amzn.to/your-orders. If you require further assistance or personalized account review, please send us a DM: https://amzn.to/dm ^AB",Standard self-service guidance and link resolution path.,5,5,5,4,5,4.8,ACCEPTABLE
gold_151,"@AmazonHelp URGENT: Hacker accessed my account, changed email and ordered 4 iPhones to Miami!",account_access_and_security,account_access_and_security,True,0.9,ESCALATE_TO_HUMAN,ESCALATE_TO_HUMAN,True,True,True,0.204,"We apologize for the inconvenience! Please check your order details and tracking at https://amzn.to/your-orders. If you require further assistance or personalized account review, please send us a DM: https://amzn.to/dm ^AB",Deterministic safety rule triggered by risk indicator: 'hacker'.,5,5,5,4,5,4.8,ACCEPTABLE
gold_152,@AmazonHelp How do I turn on Two-Step Verification for extra login security?,account_access_and_security,account_access_and_security,True,0.9,AUTO_HANDLE,AUTO_HANDLE,True,True,True,0.1823,"We apologize for the inconvenience! Please check your order details and tracking at https://amzn.to/your-orders. If you require further assistance or personalized account review, please send us a DM: https://amzn.to/dm ^AB",Standard self-service guidance and link resolution path.,5,5,5,4,5,4.8,ACCEPTABLE
gold_153,@AmazonHelp Not receiving the 6-digit SMS verification code to my phone number.,account_access_and_security,account_access_and_security,True,0.9,AUTO_HANDLE,AUTO_HANDLE,True,True,True,0.1824,"We apologize for the inconvenience! Please check your order details and tracking at https://amzn.to/your-orders. If you require further assistance or personalized account review, please send us a DM: https://amzn.to/dm ^AB",Standard self-service guidance and link resolution path.,5,5,5,4,5,4.8,ACCEPTABLE
gold_154,@AmazonHelp Account locked for security reasons with no instructions on how to unlock.,account_access_and_security,account_access_and_security,True,0.9,ESCALATE_TO_HUMAN,ESCALATE_TO_HUMAN,True,True,True,0.264,"We apologize for the inconvenience! Please check your order details and tracking at https://amzn.to/your-orders. If you require further assistance or personalized account review, please send us a DM: https://amzn.to/dm ^AB","High-risk dispute, potential property/account impact, or SLA delay requiring human specialist review.",5,5,5,4,5,4.8,ACCEPTABLE
gold_155,"@AmazonHelp Received suspicious email claiming my Amazon order is on hold, looks like phishing.",account_access_and_security,account_access_and_security,True,0.9,AUTO_HANDLE,AUTO_HANDLE,True,True,True,0.2279,"We apologize for the inconvenience! Please check your order details and tracking at https://amzn.to/your-orders. If you require further assistance or personalized account review, please send us a DM: https://amzn.to/dm ^AB",Standard self-service guidance and link resolution path.,5,5,5,4,5,4.8,ACCEPTABLE
gold_156,@AmazonHelp Someone in another state logged into my Prime Video profile and made watchlists.,account_access_and_security,prime_membership_and_billing,False,0.9,ESCALATE_TO_HUMAN,AUTO_HANDLE,False,False,False,0.2341,"We apologize for the inconvenience! Please check your order details and tracking at https://amzn.to/your-orders. If you require further assistance or personalized account review, please send us a DM: https://amzn.to/dm ^AB",Standard self-service guidance and link resolution path.,5,5,5,4,5,4.8,ACCEPTABLE
gold_157,@AmazonHelp How do I permanently delete my Amazon account and personal data under GDPR/CCPA?,account_access_and_security,delivery_delay_and_tracking,False,0.9,AUTO_HANDLE,AUTO_HANDLE,True,True,True,0.1578,"We apologize for the inconvenience! Please check your order details and tracking at https://amzn.to/your-orders. If you require further assistance or personalized account review, please send us a DM: https://amzn.to/dm ^AB",Standard self-service guidance and link resolution path.,5,5,5,4,5,4.8,ACCEPTABLE
gold_158,@AmazonHelp I lost access to my registered phone number and cannot pass 2FA to login.,account_access_and_security,account_access_and_security,True,0.9,ESCALATE_TO_HUMAN,ESCALATE_TO_HUMAN,True,True,True,0.1132,"We apologize for the inconvenience! Please check your order details and tracking at https://amzn.to/your-orders. If you require further assistance or personalized account review, please send us a DM: https://amzn.to/dm ^AB","High-risk dispute, potential property/account impact, or SLA delay requiring human specialist review.",5,5,5,4,5,4.8,ACCEPTABLE
gold_159,@AmazonHelp Credit card on file was used for fraudulent Amazon orders on an unknown account.,account_access_and_security,delivery_delay_and_tracking,False,0.9,ESCALATE_TO_HUMAN,AUTO_HANDLE,False,True,True,0.1685,"We apologize for the inconvenience! Please check your order details and tracking at https://amzn.to/your-orders. If you require further assistance or personalized account review, please send us a DM: https://amzn.to/dm ^AB",Standard self-service guidance and link resolution path.,5,5,5,4,5,4.8,ACCEPTABLE
gold_160,@AmazonHelp How do I download a copy of all my Amazon purchase history and personal data?,account_access_and_security,delivery_delay_and_tracking,False,0.9,AUTO_HANDLE,AUTO_HANDLE,True,False,False,0.1285,"We apologize for the inconvenience! Please check your order details and tracking at https://amzn.to/your-orders. If you require further assistance or personalized account review, please send us a DM: https://amzn.to/dm ^AB",Standard self-service guidance and link resolution path.,5,5,5,4,5,4.8,ACCEPTABLE
gold_161,@AmazonHelp Amazon account password reset email is not arriving in my inbox or spam.,account_access_and_security,account_access_and_security,True,0.9,AUTO_HANDLE,AUTO_HANDLE,True,True,True,0.1881,"We apologize for the inconvenience! Please check your order details and tracking at https://amzn.to/your-orders. If you require further assistance or personalized account review, please send us a DM: https://amzn.to/dm ^AB",Standard self-service guidance and link resolution path.,5,5,5,4,5,4.8,ACCEPTABLE
gold_162,@AmazonHelp Employee who left my business still has access to our Amazon Business account.,account_access_and_security,delivery_delay_and_tracking,False,0.9,ESCALATE_TO_HUMAN,AUTO_HANDLE,False,True,True,0.1813,"We apologize for the inconvenience! Please check your order details and tracking at https://amzn.to/your-orders. If you require further assistance or personalized account review, please send us a DM: https://amzn.to/dm ^AB",Standard self-service guidance and link resolution path.,5,5,5,4,5,4.8,ACCEPTABLE
gold_163,@AmazonHelp Received physical package addressed to me containing random cheap seeds I never ordered.,account_access_and_security,damaged_or_incorrect_item,False,0.9,AUTO_HANDLE,AUTO_HANDLE,True,True,True,0.1351,"We apologize for the inconvenience! Please check your order details and tracking at https://amzn.to/your-orders. If you require further assistance or personalized account review, please send us a DM: https://amzn.to/dm ^AB",Standard self-service guidance and link resolution path.,5,5,5,4,5,4.8,ACCEPTABLE
gold_164,@AmazonHelp Account suspended because algorithm thought I had linked accounts.,account_access_and_security,delivery_delay_and_tracking,False,0.9,ESCALATE_TO_HUMAN,AUTO_HANDLE,False,True,True,0.175,"We apologize for the inconvenience! Please check your order details and tracking at https://amzn.to/your-orders. If you require further assistance or personalized account review, please send us a DM: https://amzn.to/dm ^AB",Standard self-service guidance and link resolution path.,5,5,5,4,5,4.8,ACCEPTABLE
gold_165,@AmazonHelp Can I have two Amazon accounts registered to the same mobile phone number?,account_access_and_security,delivery_delay_and_tracking,False,0.9,AUTO_HANDLE,AUTO_HANDLE,True,True,True,0.1352,"We apologize for the inconvenience! Please check your order details and tracking at https://amzn.to/your-orders. If you require further assistance or personalized account review, please send us a DM: https://amzn.to/dm ^AB",Standard self-service guidance and link resolution path.,5,5,5,4,5,4.8,ACCEPTABLE
gold_166,@AmazonHelp Someone placed an order using archived orders feature to hide it from me.,account_access_and_security,delivery_delay_and_tracking,False,0.9,ESCALATE_TO_HUMAN,AUTO_HANDLE,False,True,True,0.0691,"We apologize for the inconvenience! Please check your order details and tracking at https://amzn.to/your-orders. If you require further assistance or personalized account review, please send us a DM: https://amzn.to/dm ^AB",Standard self-service guidance and link resolution path.,5,5,5,4,5,4.8,ACCEPTABLE
gold_167,@AmazonHelp How to view active devices currently signed into my Amazon account?,account_access_and_security,delivery_delay_and_tracking,False,0.9,AUTO_HANDLE,AUTO_HANDLE,True,True,True,0.1419,"We apologize for the inconvenience! Please check your order details and tracking at https://amzn.to/your-orders. If you require further assistance or personalized account review, please send us a DM: https://amzn.to/dm ^AB",Standard self-service guidance and link resolution path.,5,5,5,4,5,4.8,ACCEPTABLE
gold_168,@AmazonHelp Received SMS asking for OTP code from a person claiming to be Amazon support.,account_access_and_security,account_access_and_security,True,0.9,AUTO_HANDLE,AUTO_HANDLE,True,True,True,0.1772,"We apologize for the inconvenience! Please check your order details and tracking at https://amzn.to/your-orders. If you require further assistance or personalized account review, please send us a DM: https://amzn.to/dm ^AB",Standard self-service guidance and link resolution path.,5,5,5,4,5,4.8,ACCEPTABLE
gold_169,"@AmazonHelp My Amazon seller account balance of 2,000 is frozen due to verification hold.",account_access_and_security,account_access_and_security,True,0.9,ESCALATE_TO_HUMAN,ESCALATE_TO_HUMAN,True,True,True,0.1457,"We apologize for the inconvenience! Please check your order details and tracking at https://amzn.to/your-orders. If you require further assistance or personalized account review, please send us a DM: https://amzn.to/dm ^AB","High-risk dispute, potential property/account impact, or SLA delay requiring human specialist review.",5,5,5,4,5,4.8,ACCEPTABLE
gold_170,@AmazonHelp How do I change the email address associated with my Amazon account?,account_access_and_security,damaged_or_incorrect_item,False,0.9,AUTO_HANDLE,AUTO_HANDLE,True,True,True,0.1967,"We apologize for the inconvenience! Please check your order details and tracking at https://amzn.to/your-orders. If you require further assistance or personalized account review, please send us a DM: https://amzn.to/dm ^AB",Standard self-service guidance and link resolution path.,5,5,5,4,5,4.8,ACCEPTABLE
gold_171,@AmazonHelp Identity verification document upload keeps failing with error 500.,account_access_and_security,account_access_and_security,True,0.9,ESCALATE_TO_HUMAN,AUTO_HANDLE,False,False,False,0.1293,"We apologize for the inconvenience! Please check your order details and tracking at https://amzn.to/your-orders. If you require further assistance or personalized account review, please send us a DM: https://amzn.to/dm ^AB",Standard self-service guidance and link resolution path.,5,5,5,4,5,4.8,ACCEPTABLE
gold_172,@AmazonHelp Can I set up Passkey biometric login on iPhone for Amazon app?,account_access_and_security,delivery_delay_and_tracking,False,0.9,AUTO_HANDLE,AUTO_HANDLE,True,False,False,0.2597,"We apologize for the inconvenience! Please check your order details and tracking at https://amzn.to/your-orders. If you require further assistance or personalized account review, please send us a DM: https://amzn.to/dm ^AB",Standard self-service guidance and link resolution path.,5,5,5,4,5,4.8,ACCEPTABLE
gold_173,@AmazonHelp I received an email stating an unrecognized login from Russia at 3 AM.,account_access_and_security,delivery_delay_and_tracking,False,0.9,ESCALATE_TO_HUMAN,AUTO_HANDLE,False,True,True,0.156,"We apologize for the inconvenience! Please check your order details and tracking at https://amzn.to/your-orders. If you require further assistance or personalized account review, please send us a DM: https://amzn.to/dm ^AB",Standard self-service guidance and link resolution path.,5,5,5,4,5,4.8,ACCEPTABLE
gold_174,@AmazonHelp What is the minimum password requirement for Amazon accounts?,account_access_and_security,account_access_and_security,True,0.9,AUTO_HANDLE,AUTO_HANDLE,True,False,False,0.1392,"We apologize for the inconvenience! Please check your order details and tracking at https://amzn.to/your-orders. If you require further assistance or personalized account review, please send us a DM: https://amzn.to/dm ^AB",Standard self-service guidance and link resolution path.,5,5,5,4,5,4.8,ACCEPTABLE
gold_175,@AmazonHelp Account locked because of billing address discrepancy between bank and Amazon.,account_access_and_security,account_access_and_security,True,0.9,ESCALATE_TO_HUMAN,ESCALATE_TO_HUMAN,True,True,True,0.1762,"We apologize for the inconvenience! Please check your order details and tracking at https://amzn.to/your-orders. If you require further assistance or personalized account review, please send us a DM: https://amzn.to/dm ^AB","High-risk dispute, potential property/account impact, or SLA delay requiring human specialist review.",5,5,5,4,5,4.8,ACCEPTABLE
gold_176,@AmazonHelp Does Amazon ship to APO/FPO military addresses overseas?,general_product_or_policy_inquiry,damaged_or_incorrect_item,False,0.9,AUTO_HANDLE,AUTO_HANDLE,True,True,True,0.5368,"We apologize for the inconvenience! Please check your order details and tracking at https://amzn.to/your-orders. If you require further assistance or personalized account review, please send us a DM: https://amzn.to/dm ^AB",Standard self-service guidance and link resolution path.,5,5,5,4,5,4.8,ACCEPTABLE
gold_177,@AmazonHelp Can I combine two Amazon gift cards on a single order?,general_product_or_policy_inquiry,general_product_or_policy_inquiry,True,0.9,AUTO_HANDLE,AUTO_HANDLE,True,True,True,0.2209,"We apologize for the inconvenience! Please check your order details and tracking at https://amzn.to/your-orders. If you require further assistance or personalized account review, please send us a DM: https://amzn.to/dm ^AB",Standard self-service guidance and link resolution path.,5,5,5,4,5,4.8,ACCEPTABLE
gold_178,@AmazonHelp What is the difference between Amazon Renewed and Amazon Renewed Premium?,general_product_or_policy_inquiry,general_product_or_policy_inquiry,True,0.9,AUTO_HANDLE,AUTO_HANDLE,True,True,True,0.3,"We apologize for the inconvenience! Please check your order details and tracking at https://amzn.to/your-orders. If you require further assistance or personalized account review, please send us a DM: https://amzn.to/dm ^AB",Standard self-service guidance and link resolution path.,5,5,5,4,5,4.8,ACCEPTABLE
gold_179,@AmazonHelp Can I request Amazon packaging without plastic bubble wrap?,general_product_or_policy_inquiry,general_product_or_policy_inquiry,True,0.9,AUTO_HANDLE,AUTO_HANDLE,True,False,False,0.117,"We apologize for the inconvenience! Please check your order details and tracking at https://amzn.to/your-orders. If you require further assistance or personalized account review, please send us a DM: https://amzn.to/dm ^AB",Standard self-service guidance and link resolution path.,5,5,5,4,5,4.8,ACCEPTABLE
gold_180,@AmazonHelp Does Amazon offer price adjustments if an item goes on sale 2 days later?,general_product_or_policy_inquiry,delivery_delay_and_tracking,False,0.9,AUTO_HANDLE,AUTO_HANDLE,True,False,False,0.3304,"We apologize for the inconvenience! Please check your order details and tracking at https://amzn.to/your-orders. If you require further assistance or personalized account review, please send us a DM: https://amzn.to/dm ^AB",Standard self-service guidance and link resolution path.,5,5,5,4,5,4.8,ACCEPTABLE
gold_181,@AmazonHelp Do you price match Walmart on electronics items?,general_product_or_policy_inquiry,general_product_or_policy_inquiry,True,0.9,AUTO_HANDLE,AUTO_HANDLE,True,False,False,0.1703,"We apologize for the inconvenience! Please check your order details and tracking at https://amzn.to/your-orders. If you require further assistance or personalized account review, please send us a DM: https://amzn.to/dm ^AB",Standard self-service guidance and link resolution path.,5,5,5,4,5,4.8,ACCEPTABLE
gold_182,@AmazonHelp How do I redeem an Amazon physical gift card claim code in the mobile app?,general_product_or_policy_inquiry,general_product_or_policy_inquiry,True,0.9,AUTO_HANDLE,AUTO_HANDLE,True,True,True,0.1936,"We apologize for the inconvenience! Please check your order details and tracking at https://amzn.to/your-orders. If you require further assistance or personalized account review, please send us a DM: https://amzn.to/dm ^AB",Standard self-service guidance and link resolution path.,5,5,5,4,5,4.8,ACCEPTABLE
gold_183,@AmazonHelp Is gift wrapping available for oversized items like bicycles?,general_product_or_policy_inquiry,damaged_or_incorrect_item,False,0.9,AUTO_HANDLE,AUTO_HANDLE,True,True,True,0.1377,"We apologize for the inconvenience! Please check your order details and tracking at https://amzn.to/your-orders. If you require further assistance or personalized account review, please send us a DM: https://amzn.to/dm ^AB",Standard self-service guidance and link resolution path.,5,5,5,4,5,4.8,ACCEPTABLE
gold_184,@AmazonHelp Can I schedule delivery for a specific date next month?,general_product_or_policy_inquiry,delivery_delay_and_tracking,False,0.9,AUTO_HANDLE,AUTO_HANDLE,True,False,False,0.156,"We apologize for the inconvenience! Please check your order details and tracking at https://amzn.to/your-orders. If you require further assistance or personalized account review, please send us a DM: https://amzn.to/dm ^AB",Standard self-service guidance and link resolution path.,5,5,5,4,5,4.8,ACCEPTABLE
gold_185,@AmazonHelp Are Amazon gift cards eligible for use in another country like Amazon Canada?,general_product_or_policy_inquiry,general_product_or_policy_inquiry,True,0.9,AUTO_HANDLE,AUTO_HANDLE,True,True,True,0.1679,"We apologize for the inconvenience! Please check your order details and tracking at https://amzn.to/your-orders. If you require further assistance or personalized account review, please send us a DM: https://amzn.to/dm ^AB",Standard self-service guidance and link resolution path.,5,5,5,4,5,4.8,ACCEPTABLE
gold_186,@AmazonHelp What is the maximum dollar limit that can be held in an Amazon gift card balance?,general_product_or_policy_inquiry,general_product_or_policy_inquiry,True,0.9,AUTO_HANDLE,AUTO_HANDLE,True,True,True,0.2519,"We apologize for the inconvenience! Please check your order details and tracking at https://amzn.to/your-orders. If you require further assistance or personalized account review, please send us a DM: https://amzn.to/dm ^AB",Standard self-service guidance and link resolution path.,5,5,5,4,5,4.8,ACCEPTABLE
gold_187,@AmazonHelp Does Amazon offer senior citizen discounts or student discounts on non-Prime purchases?,general_product_or_policy_inquiry,prime_membership_and_billing,False,0.9,AUTO_HANDLE,AUTO_HANDLE,True,False,False,0.2884,"We apologize for the inconvenience! Please check your order details and tracking at https://amzn.to/your-orders. If you require further assistance or personalized account review, please send us a DM: https://amzn.to/dm ^AB",Standard self-service guidance and link resolution path.,5,5,5,4,5,4.8,ACCEPTABLE
gold_188,@AmazonHelp Can I ship items directly to a hotel where I will be staying on vacation?,general_product_or_policy_inquiry,delivery_delay_and_tracking,False,0.9,AUTO_HANDLE,AUTO_HANDLE,True,True,True,0.1789,"We apologize for the inconvenience! Please check your order details and tracking at https://amzn.to/your-orders. If you require further assistance or personalized account review, please send us a DM: https://amzn.to/dm ^AB",Standard self-service guidance and link resolution path.,5,5,5,4,5,4.8,ACCEPTABLE
gold_189,@AmazonHelp What does 'Ships from and sold by Amazon.com' mean vs third party?,general_product_or_policy_inquiry,delivery_delay_and_tracking,False,0.9,AUTO_HANDLE,AUTO_HANDLE,True,False,False,0.2976,"We apologize for the inconvenience! Please check your order details and tracking at https://amzn.to/your-orders. If you require further assistance or personalized account review, please send us a DM: https://amzn.to/dm ^AB",Standard self-service guidance and link resolution path.,5,5,5,4,5,4.8,ACCEPTABLE
gold_190,@AmazonHelp Can I use an HSA/FSA health savings debit card for eligible medical items on Amazon?,general_product_or_policy_inquiry,delivery_delay_and_tracking,False,0.9,AUTO_HANDLE,AUTO_HANDLE,True,False,False,0.1363,"We apologize for the inconvenience! Please check your order details and tracking at https://amzn.to/your-orders. If you require further assistance or personalized account review, please send us a DM: https://amzn.to/dm ^AB",Standard self-service guidance and link resolution path.,5,5,5,4,5,4.8,ACCEPTABLE
gold_191,@AmazonHelp How do I find my Amazon customer public profile and reviews?,general_product_or_policy_inquiry,delivery_delay_and_tracking,False,0.9,AUTO_HANDLE,AUTO_HANDLE,True,False,False,0.188,"We apologize for the inconvenience! Please check your order details and tracking at https://amzn.to/your-orders. If you require further assistance or personalized account review, please send us a DM: https://amzn.to/dm ^AB",Standard self-service guidance and link resolution path.,5,5,5,4,5,4.8,ACCEPTABLE
gold_192,@AmazonHelp Are refurbished Apple Watches backed by Apple or by Amazon Renewed?,general_product_or_policy_inquiry,general_product_or_policy_inquiry,True,0.9,AUTO_HANDLE,AUTO_HANDLE,True,True,True,0.2418,"We apologize for the inconvenience! Please check your order details and tracking at https://amzn.to/your-orders. If you require further assistance or personalized account review, please send us a DM: https://amzn.to/dm ^AB",Standard self-service guidance and link resolution path.,5,5,5,4,5,4.8,ACCEPTABLE
gold_193,@AmazonHelp Can I split payment between an Amazon gift card and Apple Pay?,general_product_or_policy_inquiry,general_product_or_policy_inquiry,True,0.9,AUTO_HANDLE,AUTO_HANDLE,True,True,True,0.2346,"We apologize for the inconvenience! Please check your order details and tracking at https://amzn.to/your-orders. If you require further assistance or personalized account review, please send us a DM: https://amzn.to/dm ^AB",Standard self-service guidance and link resolution path.,5,5,5,4,5,4.8,ACCEPTABLE
gold_194,@AmazonHelp Does Amazon have a trade-in program for old smartphones and Kindles?,general_product_or_policy_inquiry,digital_services_and_devices,False,0.9,AUTO_HANDLE,AUTO_HANDLE,True,False,False,0.3032,"We apologize for the inconvenience! Please check your order details and tracking at https://amzn.to/your-orders. If you require further assistance or personalized account review, please send us a DM: https://amzn.to/dm ^AB",Standard self-service guidance and link resolution path.,5,5,5,4,5,4.8,ACCEPTABLE
gold_195,@AmazonHelp How does Amazon Locker delivery work if the parcel is too big for the slot?,general_product_or_policy_inquiry,delivery_delay_and_tracking,False,0.9,AUTO_HANDLE,AUTO_HANDLE,True,False,False,0.2975,"We apologize for the inconvenience! Please check your order details and tracking at https://amzn.to/your-orders. If you require further assistance or personalized account review, please send us a DM: https://amzn.to/dm ^AB",Standard self-service guidance and link resolution path.,5,5,5,4,5,4.8,ACCEPTABLE
gold_196,@AmazonHelp Does Amazon sponsor local charity 5K events or non-profit donations?,general_product_or_policy_inquiry,delivery_delay_and_tracking,False,0.9,AUTO_HANDLE,AUTO_HANDLE,True,False,False,0.3567,"We apologize for the inconvenience! Please check your order details and tracking at https://amzn.to/your-orders. If you require further assistance or personalized account review, please send us a DM: https://amzn.to/dm ^AB",Standard self-service guidance and link resolution path.,5,5,5,4,5,4.8,ACCEPTABLE
gold_197,@AmazonHelp What happens if I forget to pick up my package from an Amazon Locker after 3 days?,general_product_or_policy_inquiry,delivery_delay_and_tracking,False,0.9,AUTO_HANDLE,AUTO_HANDLE,True,False,False,0.2632,"We apologize for the inconvenience! Please check your order details and tracking at https://amzn.to/your-orders. If you require further assistance or personalized account review, please send us a DM: https://amzn.to/dm ^AB",Standard self-service guidance and link resolution path.,5,5,5,4,5,4.8,ACCEPTABLE
gold_198,@AmazonHelp How can I tell if a product review is verified purchase?,general_product_or_policy_inquiry,delivery_delay_and_tracking,False,0.9,AUTO_HANDLE,AUTO_HANDLE,True,True,True,0.1803,"We apologize for the inconvenience! Please check your order details and tracking at https://amzn.to/your-orders. If you require further assistance or personalized account review, please send us a DM: https://amzn.to/dm ^AB",Standard self-service guidance and link resolution path.,5,5,5,4,5,4.8,ACCEPTABLE
gold_199,@AmazonHelp Does Amazon ship lithium batteries via air freight to Alaska and Hawaii?,general_product_or_policy_inquiry,delivery_delay_and_tracking,False,0.9,AUTO_HANDLE,AUTO_HANDLE,True,True,True,0.3504,"We apologize for the inconvenience! Please check your order details and tracking at https://amzn.to/your-orders. If you require further assistance or personalized account review, please send us a DM: https://amzn.to/dm ^AB",Standard self-service guidance and link resolution path.,5,5,5,4,5,4.8,ACCEPTABLE
gold_200,@AmazonHelp Can I download an official quote for a corporate purchase order before buying?,general_product_or_policy_inquiry,general_product_or_policy_inquiry,True,0.9,AUTO_HANDLE,AUTO_HANDLE,True,True,True,0.2702,"We apologize for the inconvenience! Please check your order details and tracking at https://amzn.to/your-orders. If you require further assistance or personalized account review, please send us a DM: https://amzn.to/dm ^AB",Standard self-service guidance and link resolution path.,5,5,5,4,5,4.8,ACCEPTABLE
