id,brand,conversation_id,customer_message,conversation_context,historical_response,intent,gold_escalation,gold_reason
conv_amzn_00000,AmazonHelp,conv_amzn_00000,"@AmazonHelp The Amazon app sent a notification saying my Keurig Coffee Maker was delivered to my front porch 15 minutes ago, but the porch is empty!",Customer reaching out to @AmazonHelp regarding missing or stolen package.,"Carriers sometimes scan packages just prior to walking up to the door. Please allow until the end of the day, and check with household members or side porches: https://amzn.to/find-missing. If still not found tomorrow, reach back out! ^MK",missing_or_stolen_package,AUTO_HANDLE,Scan occurred within past hour; standard buffer and safe spot search recommended.
conv_amzn_00001,AmazonHelp,conv_amzn_00001,@AmazonHelp How do I share my Prime shipping benefits with my spouse without sharing my payment cards?,Customer reaching out to @AmazonHelp regarding prime membership and billing.,You can share Prime shipping benefits via Amazon Household! Both adults maintain separate accounts and payment methods. Set it up here: https://amzn.to/amazon-household ^TB,prime_membership_and_billing,AUTO_HANDLE,Educational guidance on Amazon Household feature.
conv_amzn_00002,AmazonHelp,conv_amzn_00002,"@AmazonHelp The Dyson V8 Vacuum I received has a ripped retail seal and looks like it was already used by someone else, but I paid for brand new!",Customer reaching out to @AmazonHelp regarding damaged or incorrect item.,"We apologize for this experience. We take new item guarantees seriously. Please go to Your Orders to request an exchange for an unopened replacement, or DM us if you need assistance: https://amzn.to/your-orders ^MK",damaged_or_incorrect_item,AUTO_HANDLE,Used-sold-as-new complaint; customer guided to instant exchange flow.
conv_amzn_00003,AmazonHelp,conv_amzn_00003,@AmazonHelp It has been 36 hours since my package #113-8007695-9187754 was marked delivered. I checked with neighbors and my building management. It is not here.,Customer reaching out to @AmazonHelp regarding missing or stolen package.,"Thank you for thoroughly checking around your property. Since 36 hours have passed, please DM us your order ID so our team can file a missing package claim and issue a replacement or refund: https://amzn.to/dm ^AB",missing_or_stolen_package,ESCALATE_TO_HUMAN,Waiting window expired and parcel missing; requires human claims specialist.
conv_amzn_00004,AmazonHelp,conv_amzn_00004,@AmazonHelp Delivery photo shows a completely different apartment number (403) and a red doormat. I live in unit 662 and don't have a red mat!,Customer reaching out to @AmazonHelp regarding missing or stolen package.,"We apologize for the misdelivery! Please send us a direct message with your order number so we can review the courier photo, verify your unit, and process an immediate replacement: https://amzn.to/dm ^TB",missing_or_stolen_package,ESCALATE_TO_HUMAN,Photographic proof of misdelivery to wrong unit; requires replacement authorization.
conv_amzn_00005,AmazonHelp,conv_amzn_00005,@AmazonHelp ALERT: I got an email saying my Amazon account email was changed to an unknown outlook address and an order for a $500 gift card was placed! HELP!,Customer reaching out to @AmazonHelp regarding account access and security.,"CRITICAL: If you suspect unauthorized access, please call our 24/7 Account Security Team immediately at 1-888-280-4331 or visit https://amzn.to/account-security. Please do not post account details publicly ^KL",account_access_and_security,ESCALATE_TO_HUMAN,CRITICAL ACCOUNT SECURITY: Account takeover and unauthorized orders; mandatory human security team escalation.
conv_amzn_00006,AmazonHelp,conv_amzn_00006,"@AmazonHelp Tracking says 'In Transit' since Saturday, but there have been no new updates for 4 days. Is my order #113-3212771-9972264 lost?",Customer reaching out to @AmazonHelp regarding delivery delay and tracking.,We understand your concern regarding the lack of tracking movement. Please send us a direct message with your order number and email address so we can initiate an investigation with the carrier: https://amzn.to/dm ^DL,delivery_delay_and_tracking,ESCALATE_TO_HUMAN,Carrier stall exceeding 48h SLA; requires human carrier tracing.
conv_amzn_00007,AmazonHelp,conv_amzn_00007,@AmazonHelp Liquid soap bottle leaked inside the box and ruined the electronics (LEGO Star Wars Set) that were shipped together in the same box!,Customer reaching out to @AmazonHelp regarding damaged or incorrect item.,We're so sorry for this shipping error! Please send us a direct message with photos of the damaged package and your order ID so we can issue a full replacement for all affected items: https://amzn.to/dm ^DL,damaged_or_incorrect_item,ESCALATE_TO_HUMAN,Cross-item hazardous spill damaging electronics; human damage assessment required.
conv_amzn_00008,AmazonHelp,conv_amzn_00008,@AmazonHelp Order #114-5465654-7108543 contains urgent medical supplies for my family that was guaranteed yesterday. Where is the courier right now?,Customer reaching out to @AmazonHelp regarding delivery delay and tracking.,"We sincerely apologize for this critical delay. Given the urgency of these supplies, please DM us immediately so a priority dispatcher can coordinate with the local logistics hub: https://amzn.to/dm ^AB",delivery_delay_and_tracking,ESCALATE_TO_HUMAN,Time-critical urgent medical delivery requiring priority dispatcher intervention.
conv_amzn_00009,AmazonHelp,conv_amzn_00009,"@AmazonHelp The Keurig Coffee Maker I received has a ripped retail seal and looks like it was already used by someone else, but I paid for brand new!",Customer reaching out to @AmazonHelp regarding damaged or incorrect item.,"We apologize for this experience. We take new item guarantees seriously. Please go to Your Orders to request an exchange for an unopened replacement, or DM us if you need assistance: https://amzn.to/your-orders ^KL",damaged_or_incorrect_item,AUTO_HANDLE,Used-sold-as-new complaint; customer guided to instant exchange flow.
conv_amzn_00010,AmazonHelp,conv_amzn_00010,@AmazonHelp Received a text message claiming to be Amazon asking me to click a link to verify my credit card. Is this real or a scam?,Customer reaching out to @AmazonHelp regarding account access and security.,"Amazon will never text you asking for sensitive payment details or passwords. That is likely a phishing scam. Please do not click any links, and report it to: https://amzn.to/report-phishing ^TB",account_access_and_security,AUTO_HANDLE,Phishing awareness and reporting guidance.
conv_amzn_00011,AmazonHelp,conv_amzn_00011,@AmazonHelp Can I combine my Amazon gift card balance with an Amazon promotional credit on the same purchase?,Customer reaching out to @AmazonHelp regarding general product or policy inquiry.,"Yes! Gift card balances and promotional credits can be combined at checkout. The promotional credit is usually applied first to qualifying items, followed by gift card funds ^TB",general_product_or_policy_inquiry,AUTO_HANDLE,Payment method policy question; clear factual answer.
conv_amzn_00012,AmazonHelp,conv_amzn_00012,"@AmazonHelp I was just charged $72.50 for Amazon Prime annual renewal today, but I forgot to cancel. Can I get a refund if I haven't used it?",Customer reaching out to @AmazonHelp regarding prime membership and billing.,"Yes! If you haven't used any Prime benefits since the renewal charge, you will automatically receive a full refund when you cancel at: https://amzn.to/manage-prime ^SJ",prime_membership_and_billing,AUTO_HANDLE,Prorated/unused Prime auto-refund policy self-service guidance.
conv_amzn_00013,AmazonHelp,conv_amzn_00013,@AmazonHelp I don't have a working printer at home. Can I return my Instant Pot Duo without printing a return label?,Customer reaching out to @AmazonHelp regarding return and refund status.,Yes! You can choose 'UPS Drop-off - No Box or Label Needed' or 'Kohl's Drop-off' when initiating the return in Your Orders. They will simply scan a QR code from your phone: https://amzn.to/return-center ^DL,return_and_refund_status,AUTO_HANDLE,Self-service instructions for mobile QR code label-free returns.
conv_amzn_00014,AmazonHelp,conv_amzn_00014,@AmazonHelp Prime Video keeps giving error code PL-01 when playing movies on my Fire TV 4K. How do I fix this?,Customer reaching out to @AmazonHelp regarding digital services and devices.,"Error PL-01 is typically resolved by restarting your device and router, or clearing the Prime Video app cache. You can find detailed troubleshooting steps here: https://amzn.to/prime-video-help ^AB",digital_services_and_devices,AUTO_HANDLE,Standard streaming cache/reboot troubleshooting steps.
conv_amzn_00015,AmazonHelp,conv_amzn_00015,@AmazonHelp The return window for my Keurig Coffee Maker closed 3 days ago because I was hospitalized. Can an exception be made to return it?,Customer reaching out to @AmazonHelp regarding return and refund status.,"We hope you are recovering well. While the online return portal locks after the return window, please send us a DM with your order ID so a customer care supervisor can review your case for an exception: https://amzn.to/dm ^RG",return_and_refund_status,ESCALATE_TO_HUMAN,Policy exception request requiring human supervisor override.
conv_amzn_00016,AmazonHelp,conv_amzn_00016,@AmazonHelp My Kindle Fire TV 4K screen is completely frozen on the waking up screen. Holding down the power button for 40 seconds does not reboot it.,Customer reaching out to @AmazonHelp regarding digital services and devices.,"We're sorry to hear about your Kindle! Please connect it to a wall charger for at least 30 minutes, then attempt the 40-second power button hold again. If it remains frozen, DM us for warranty options: https://amzn.to/dm ^KL",digital_services_and_devices,AUTO_HANDLE,Standard Kindle battery recovery protocol; escalates only if hardware unresponsive.
conv_amzn_00017,AmazonHelp,conv_amzn_00017,@AmazonHelp It has been 36 hours since my package #112-2419508-8709331 was marked delivered. I checked with neighbors and my building management. It is not here.,Customer reaching out to @AmazonHelp regarding missing or stolen package.,"Thank you for thoroughly checking around your property. Since 36 hours have passed, please DM us your order ID so our team can file a missing package claim and issue a replacement or refund: https://amzn.to/dm ^DL",missing_or_stolen_package,ESCALATE_TO_HUMAN,Waiting window expired and parcel missing; requires human claims specialist.
conv_amzn_00018,AmazonHelp,conv_amzn_00018,@AmazonHelp Delivery photo shows a completely different apartment number (523) and a red doormat. I live in unit 110 and don't have a red mat!,Customer reaching out to @AmazonHelp regarding missing or stolen package.,"We apologize for the misdelivery! Please send us a direct message with your order number so we can review the courier photo, verify your unit, and process an immediate replacement: https://amzn.to/dm ^RG",missing_or_stolen_package,ESCALATE_TO_HUMAN,Photographic proof of misdelivery to wrong unit; requires replacement authorization.
conv_amzn_00019,AmazonHelp,conv_amzn_00019,"@AmazonHelp I was just charged $190.99 for Amazon Prime annual renewal today, but I forgot to cancel. Can I get a refund if I haven't used it?",Customer reaching out to @AmazonHelp regarding prime membership and billing.,"Yes! If you haven't used any Prime benefits since the renewal charge, you will automatically receive a full refund when you cancel at: https://amzn.to/manage-prime ^RG",prime_membership_and_billing,AUTO_HANDLE,Prorated/unused Prime auto-refund policy self-service guidance.
conv_amzn_00020,AmazonHelp,conv_amzn_00020,@AmazonHelp Does Amazon ship electronic goods to military APO/FPO addresses in Germany?,Customer reaching out to @AmazonHelp regarding general product or policy inquiry.,"Yes, Amazon ships many items to APO/FPO addresses via USPS! Certain hazardous or oversized items may have restrictions. Check full policy details: https://amzn.to/apo-fpo ^SJ",general_product_or_policy_inquiry,AUTO_HANDLE,Military address shipping policy inquiry; answered directly.
conv_amzn_00021,AmazonHelp,conv_amzn_00021,@AmazonHelp It has been 36 hours since my package #114-3094652-7777340 was marked delivered. I checked with neighbors and my building management. It is not here.,Customer reaching out to @AmazonHelp regarding missing or stolen package.,"Thank you for thoroughly checking around your property. Since 36 hours have passed, please DM us your order ID so our team can file a missing package claim and issue a replacement or refund: https://amzn.to/dm ^KL",missing_or_stolen_package,ESCALATE_TO_HUMAN,Waiting window expired and parcel missing; requires human claims specialist.
conv_amzn_00022,AmazonHelp,conv_amzn_00022,"@AmazonHelp The Amazon app sent a notification saying my Levi's Denim Jacket was delivered to my front porch 15 minutes ago, but the porch is empty!",Customer reaching out to @AmazonHelp regarding missing or stolen package.,"Carriers sometimes scan packages just prior to walking up to the door. Please allow until the end of the day, and check with household members or side porches: https://amzn.to/find-missing. If still not found tomorrow, reach back out! ^AB",missing_or_stolen_package,AUTO_HANDLE,Scan occurred within past hour; standard buffer and safe spot search recommended.
conv_amzn_00023,AmazonHelp,conv_amzn_00023,@AmazonHelp The promo code 'SAVEHOLIDAY' from your promotional email is giving an error saying 'Promotion has ended' even though the email said valid through Friday.,Customer reaching out to @AmazonHelp regarding prime membership and billing.,We'd like to check this promo code for you! Please send us a direct message with a screenshot of the email and the item in your cart: https://amzn.to/dm ^DL,prime_membership_and_billing,ESCALATE_TO_HUMAN,Promotional code dispute requiring customer care manual credit.
conv_amzn_00024,AmazonHelp,conv_amzn_00024,@AmazonHelp My Kindle Apple TV screen is completely frozen on the waking up screen. Holding down the power button for 40 seconds does not reboot it.,Customer reaching out to @AmazonHelp regarding digital services and devices.,"We're sorry to hear about your Kindle! Please connect it to a wall charger for at least 30 minutes, then attempt the 40-second power button hold again. If it remains frozen, DM us for warranty options: https://amzn.to/dm ^SJ",digital_services_and_devices,AUTO_HANDLE,Standard Kindle battery recovery protocol; escalates only if hardware unresponsive.
conv_amzn_00025,AmazonHelp,conv_amzn_00025,@AmazonHelp I ordered a Fitbit Charge 6 ($141.99) and you sent me a box of coffee mugs! Order #114-9401711-2861889. This is a totally different item!,Customer reaching out to @AmazonHelp regarding damaged or incorrect item.,We sincerely apologize for this warehouse mix-up! Please DM us your order number so our fulfillment escalation team can investigate the inventory error and dispatch the correct item immediately: https://amzn.to/dm ^TB,damaged_or_incorrect_item,ESCALATE_TO_HUMAN,Severe inventory mispick requiring warehouse audit and expedited replacement.
conv_amzn_00026,AmazonHelp,conv_amzn_00026,"@AmazonHelp My Kindle Paperwhite was promised for delivery by 9 PM today, but tracking shows it hasn't even left the facility. Order #111-2607883-3800365.",Customer reaching out to @AmazonHelp regarding delivery delay and tracking.,"We apologize for the delay! Carrier transit times can vary. You can view the most up-to-date tracking information here: https://amzn.to/track. If it doesn't arrive by tomorrow evening, please DM us with your order ID: https://amzn.to/dm ^DL",delivery_delay_and_tracking,AUTO_HANDLE,Standard transit buffer; directed customer to official live tracking.
conv_amzn_00027,AmazonHelp,conv_amzn_00027,@AmazonHelp My Ninja Air Fryer arrived today but the packaging was crushed and the item is cracked in half! Do I have to send back broken glass?,Customer reaching out to @AmazonHelp regarding damaged or incorrect item.,We're very sorry your item arrived damaged! You do not need to ship back broken glass. Please visit Your Orders and select 'Return or replace items' to request a free replacement: https://amzn.to/your-orders. DM us if you need help: https://amzn.to/dm ^SJ,damaged_or_incorrect_item,AUTO_HANDLE,Automated returns portal guidance for broken item replacement without hazardous return shipment.
conv_amzn_00028,AmazonHelp,conv_amzn_00028,@AmazonHelp Someone stole the package off my porch! I caught the porch pirate on my Ring doorbell camera. How do I get a replacement?,Customer reaching out to @AmazonHelp regarding missing or stolen package.,We're so sorry this happened. Please DM us your order number and police report number (if filed) so we can file an incident report and assist with a replacement: https://amzn.to/dm ^SJ,missing_or_stolen_package,ESCALATE_TO_HUMAN,Stolen package / criminal theft report requiring security claim handling.
conv_amzn_00029,AmazonHelp,conv_amzn_00029,@AmazonHelp It has been 36 hours since my package #111-4125036-6771096 was marked delivered. I checked with neighbors and my building management. It is not here.,Customer reaching out to @AmazonHelp regarding missing or stolen package.,"Thank you for thoroughly checking around your property. Since 36 hours have passed, please DM us your order ID so our team can file a missing package claim and issue a replacement or refund: https://amzn.to/dm ^RG",missing_or_stolen_package,ESCALATE_TO_HUMAN,Waiting window expired and parcel missing; requires human claims specialist.
conv_amzn_00030,AmazonHelp,conv_amzn_00030,@AmazonHelp My Fire TV Stick keeps restarting in a continuous boot loop showing only the logo. I bought it 2 months ago.,Customer reaching out to @AmazonHelp regarding digital services and devices.,"We're sorry your Fire TV Stick is stuck in a boot loop. Since standard power cycling did not work and the device is under warranty, please DM us your serial number so we can process a warranty replacement: https://amzn.to/dm ^JW",digital_services_and_devices,ESCALATE_TO_HUMAN,Persistent hardware bootloop within warranty period requiring RMA exchange.
conv_amzn_00031,AmazonHelp,conv_amzn_00031,@AmazonHelp The promo code 'SAVE50' from your promotional email is giving an error saying 'Promotion has ended' even though the email said valid through Friday.,Customer reaching out to @AmazonHelp regarding prime membership and billing.,We'd like to check this promo code for you! Please send us a direct message with a screenshot of the email and the item in your cart: https://amzn.to/dm ^MK,prime_membership_and_billing,ESCALATE_TO_HUMAN,Promotional code dispute requiring customer care manual credit.
conv_amzn_00032,AmazonHelp,conv_amzn_00032,@AmazonHelp Delivery photo shows a completely different apartment number (342) and a red doormat. I live in unit 110 and don't have a red mat!,Customer reaching out to @AmazonHelp regarding missing or stolen package.,"We apologize for the misdelivery! Please send us a direct message with your order number so we can review the courier photo, verify your unit, and process an immediate replacement: https://amzn.to/dm ^SJ",missing_or_stolen_package,ESCALATE_TO_HUMAN,Photographic proof of misdelivery to wrong unit; requires replacement authorization.
conv_amzn_00033,AmazonHelp,conv_amzn_00033,@AmazonHelp I dropped off my return of Fitbit Charge 6 at Kohl's Drop-off on Tuesday. When should I expect the refund to appear on my credit card?,Customer reaching out to @AmazonHelp regarding return and refund status.,"Once the return is received, refunds typically take 3 to 5 business days to process back to your original payment method. You can track refund progress under Your Orders: https://amzn.to/refund-status ^MK",return_and_refund_status,AUTO_HANDLE,Standard banking processing timeline explanation.
conv_amzn_00034,AmazonHelp,conv_amzn_00034,"@AmazonHelp The Apple AirPods Pro I received has a ripped retail seal and looks like it was already used by someone else, but I paid for brand new!",Customer reaching out to @AmazonHelp regarding damaged or incorrect item.,"We apologize for this experience. We take new item guarantees seriously. Please go to Your Orders to request an exchange for an unopened replacement, or DM us if you need assistance: https://amzn.to/your-orders ^MK",damaged_or_incorrect_item,AUTO_HANDLE,Used-sold-as-new complaint; customer guided to instant exchange flow.
conv_amzn_00035,AmazonHelp,conv_amzn_00035,@AmazonHelp What is the difference between Amazon Renewed and Amazon Renewed Premium warranties?,Customer reaching out to @AmazonHelp regarding general product or policy inquiry.,"Amazon Renewed products come with a 90-day satisfaction guarantee, while Amazon Renewed Premium products feature a 1-year guarantee and battery health tested to at least 90%: https://amzn.to/renewed ^TB",general_product_or_policy_inquiry,AUTO_HANDLE,Public warranty policy comparison; clear factual answer.
conv_amzn_00036,AmazonHelp,conv_amzn_00036,@AmazonHelp Prime Video keeps giving error code 7031 when playing movies on my Apple TV. How do I fix this?,Customer reaching out to @AmazonHelp regarding digital services and devices.,"Error 7031 is typically resolved by restarting your device and router, or clearing the Prime Video app cache. You can find detailed troubleshooting steps here: https://amzn.to/prime-video-help ^RG",digital_services_and_devices,AUTO_HANDLE,Standard streaming cache/reboot troubleshooting steps.
conv_amzn_00037,AmazonHelp,conv_amzn_00037,@AmazonHelp My LEGO Star Wars Set arrived today but the packaging was crushed and the item is cracked in half! Do I have to send back broken glass?,Customer reaching out to @AmazonHelp regarding damaged or incorrect item.,We're very sorry your item arrived damaged! You do not need to ship back broken glass. Please visit Your Orders and select 'Return or replace items' to request a free replacement: https://amzn.to/your-orders. DM us if you need help: https://amzn.to/dm ^SJ,damaged_or_incorrect_item,AUTO_HANDLE,Automated returns portal guidance for broken item replacement without hazardous return shipment.
conv_amzn_00038,AmazonHelp,conv_amzn_00038,@AmazonHelp Why was my credit card charged twice for my Prime monthly subscription on the same day? Two charges of $14.99!,Customer reaching out to @AmazonHelp regarding prime membership and billing.,We apologize for the double charge! Please send us a DM with your account email address so a billing representative can investigate the duplicate transaction and process a refund: https://amzn.to/dm ^KL,prime_membership_and_billing,ESCALATE_TO_HUMAN,Duplicate billing error requiring human billing specialist.
conv_amzn_00039,AmazonHelp,conv_amzn_00039,@AmazonHelp I ordered a LEGO Star Wars Set ($631.99) and you sent me a box of dog food! Order #114-4179476-6583592. This is a totally different item!,Customer reaching out to @AmazonHelp regarding damaged or incorrect item.,We sincerely apologize for this warehouse mix-up! Please DM us your order number so our fulfillment escalation team can investigate the inventory error and dispatch the correct item immediately: https://amzn.to/dm ^SJ,damaged_or_incorrect_item,ESCALATE_TO_HUMAN,Severe inventory mispick requiring warehouse audit and expedited replacement.
conv_amzn_00040,AmazonHelp,conv_amzn_00040,@AmazonHelp Purchased an eBook on Amazon but it's not showing up on my Kindle app library on my iPad.,Customer reaching out to @AmazonHelp regarding digital services and devices.,"Please verify that your iPad Kindle app is registered to the exact same Amazon account used to make the purchase, and tap 'Sync' inside the app menu: https://amzn.to/kindle-sync ^AB",digital_services_and_devices,AUTO_HANDLE,Digital library synchronization troubleshooting steps.
conv_amzn_00041,AmazonHelp,conv_amzn_00041,@AmazonHelp My Kindle Paperwhite arrived today but the packaging was crushed and the item is cracked in half! Do I have to send back broken glass?,Customer reaching out to @AmazonHelp regarding damaged or incorrect item.,We're very sorry your item arrived damaged! You do not need to ship back broken glass. Please visit Your Orders and select 'Return or replace items' to request a free replacement: https://amzn.to/your-orders. DM us if you need help: https://amzn.to/dm ^MK,damaged_or_incorrect_item,AUTO_HANDLE,Automated returns portal guidance for broken item replacement without hazardous return shipment.
conv_amzn_00042,AmazonHelp,conv_amzn_00042,@AmazonHelp I'm not receiving the 2-Step Verification SMS code on my mobile phone to log in. I tried 3 times.,Customer reaching out to @AmazonHelp regarding account access and security.,"Mobile carrier networks can occasionally delay SMS codes. On the sign-in screen, click 'Didn't receive the code?' to request a voice call or backup code: https://amzn.to/2sv-help ^SJ",account_access_and_security,AUTO_HANDLE,Standard 2FA fallback options guidance.
conv_amzn_00043,AmazonHelp,conv_amzn_00043,"@AmazonHelp The LEGO Star Wars Set I received has a ripped retail seal and looks like it was already used by someone else, but I paid for brand new!",Customer reaching out to @AmazonHelp regarding damaged or incorrect item.,"We apologize for this experience. We take new item guarantees seriously. Please go to Your Orders to request an exchange for an unopened replacement, or DM us if you need assistance: https://amzn.to/your-orders ^MK",damaged_or_incorrect_item,AUTO_HANDLE,Used-sold-as-new complaint; customer guided to instant exchange flow.
conv_amzn_00044,AmazonHelp,conv_amzn_00044,"@AmazonHelp Tracking says 'Out for Delivery' since Tuesday, but there have been no new updates for 4 days. Is my order #114-7387969-4356708 lost?",Customer reaching out to @AmazonHelp regarding delivery delay and tracking.,We understand your concern regarding the lack of tracking movement. Please send us a direct message with your order number and email address so we can initiate an investigation with the carrier: https://amzn.to/dm ^AB,delivery_delay_and_tracking,ESCALATE_TO_HUMAN,Carrier stall exceeding 48h SLA; requires human carrier tracing.
conv_amzn_00045,AmazonHelp,conv_amzn_00045,@AmazonHelp I don't have a working printer at home. Can I return my Ceramic Dinnerware Set without printing a return label?,Customer reaching out to @AmazonHelp regarding return and refund status.,Yes! You can choose 'UPS Drop-off - No Box or Label Needed' or 'Kohl's Drop-off' when initiating the return in Your Orders. They will simply scan a QR code from your phone: https://amzn.to/return-center ^AB,return_and_refund_status,AUTO_HANDLE,Self-service instructions for mobile QR code label-free returns.
conv_amzn_00046,AmazonHelp,conv_amzn_00046,@AmazonHelp I don't have a working printer at home. Can I return my Sony Wireless Headphones without printing a return label?,Customer reaching out to @AmazonHelp regarding return and refund status.,Yes! You can choose 'UPS Drop-off - No Box or Label Needed' or 'Kohl's Drop-off' when initiating the return in Your Orders. They will simply scan a QR code from your phone: https://amzn.to/return-center ^TB,return_and_refund_status,AUTO_HANDLE,Self-service instructions for mobile QR code label-free returns.
conv_amzn_00047,AmazonHelp,conv_amzn_00047,@AmazonHelp It has been 36 hours since my package #114-4605451-2309259 was marked delivered. I checked with neighbors and my building management. It is not here.,Customer reaching out to @AmazonHelp regarding missing or stolen package.,"Thank you for thoroughly checking around your property. Since 36 hours have passed, please DM us your order ID so our team can file a missing package claim and issue a replacement or refund: https://amzn.to/dm ^DL",missing_or_stolen_package,ESCALATE_TO_HUMAN,Waiting window expired and parcel missing; requires human claims specialist.
conv_amzn_00048,AmazonHelp,conv_amzn_00048,@AmazonHelp Does Amazon ship electronic goods to military APO/FPO addresses in Italy?,Customer reaching out to @AmazonHelp regarding general product or policy inquiry.,"Yes, Amazon ships many items to APO/FPO addresses via USPS! Certain hazardous or oversized items may have restrictions. Check full policy details: https://amzn.to/apo-fpo ^AB",general_product_or_policy_inquiry,AUTO_HANDLE,Military address shipping policy inquiry; answered directly.
conv_amzn_00049,AmazonHelp,conv_amzn_00049,"@AmazonHelp I was just charged $243.00 for Amazon Prime annual renewal today, but I forgot to cancel. Can I get a refund if I haven't used it?",Customer reaching out to @AmazonHelp regarding prime membership and billing.,"Yes! If you haven't used any Prime benefits since the renewal charge, you will automatically receive a full refund when you cancel at: https://amzn.to/manage-prime ^KL",prime_membership_and_billing,AUTO_HANDLE,Prorated/unused Prime auto-refund policy self-service guidance.
conv_amzn_00050,AmazonHelp,conv_amzn_00050,"@AmazonHelp My Ceramic Dinnerware Set was promised for delivery by 2 PM today, but tracking shows it hasn't even left the facility. Order #112-8135007-9095346.",Customer reaching out to @AmazonHelp regarding delivery delay and tracking.,"We apologize for the delay! Carrier transit times can vary. You can view the most up-to-date tracking information here: https://amzn.to/track. If it doesn't arrive by tomorrow evening, please DM us with your order ID: https://amzn.to/dm ^MK",delivery_delay_and_tracking,AUTO_HANDLE,Standard transit buffer; directed customer to official live tracking.
conv_amzn_00051,AmazonHelp,conv_amzn_00051,@AmazonHelp It has been 36 hours since my package #112-2425248-7460775 was marked delivered. I checked with neighbors and my building management. It is not here.,Customer reaching out to @AmazonHelp regarding missing or stolen package.,"Thank you for thoroughly checking around your property. Since 36 hours have passed, please DM us your order ID so our team can file a missing package claim and issue a replacement or refund: https://amzn.to/dm ^SJ",missing_or_stolen_package,ESCALATE_TO_HUMAN,Waiting window expired and parcel missing; requires human claims specialist.
conv_amzn_00052,AmazonHelp,conv_amzn_00052,@AmazonHelp The promo code 'SAVEFALL' from your promotional email is giving an error saying 'Promotion has ended' even though the email said valid through Friday.,Customer reaching out to @AmazonHelp regarding prime membership and billing.,We'd like to check this promo code for you! Please send us a direct message with a screenshot of the email and the item in your cart: https://amzn.to/dm ^AB,prime_membership_and_billing,ESCALATE_TO_HUMAN,Promotional code dispute requiring customer care manual credit.
conv_amzn_00053,AmazonHelp,conv_amzn_00053,@AmazonHelp The return window for my LEGO Star Wars Set closed 3 days ago because I was hospitalized. Can an exception be made to return it?,Customer reaching out to @AmazonHelp regarding return and refund status.,"We hope you are recovering well. While the online return portal locks after the return window, please send us a DM with your order ID so a customer care supervisor can review your case for an exception: https://amzn.to/dm ^SJ",return_and_refund_status,ESCALATE_TO_HUMAN,Policy exception request requiring human supervisor override.
conv_amzn_00054,AmazonHelp,conv_amzn_00054,@AmazonHelp Does Amazon Logistics deliver on Sundays in Miami? My tracking says arriving Sunday by 9pm.,Customer reaching out to @AmazonHelp regarding delivery delay and tracking.,"Yes! Amazon Logistics delivers 7 days a week, including Sundays in most metropolitan areas. You can follow the driver's stop countdown in the Amazon app once out for delivery: https://amzn.to/your-orders ^RG",delivery_delay_and_tracking,AUTO_HANDLE,General Sunday delivery policy inquiry; answered directly.
conv_amzn_00055,AmazonHelp,conv_amzn_00055,@AmazonHelp I dropped off my return of Anker Portable Charger at The UPS Store on Tuesday. When should I expect the refund to appear on my credit card?,Customer reaching out to @AmazonHelp regarding return and refund status.,"Once the return is received, refunds typically take 3 to 5 business days to process back to your original payment method. You can track refund progress under Your Orders: https://amzn.to/refund-status ^TB",return_and_refund_status,AUTO_HANDLE,Standard banking processing timeline explanation.
conv_amzn_00056,AmazonHelp,conv_amzn_00056,@AmazonHelp It has been 36 hours since my package #113-4304020-2902177 was marked delivered. I checked with neighbors and my building management. It is not here.,Customer reaching out to @AmazonHelp regarding missing or stolen package.,"Thank you for thoroughly checking around your property. Since 36 hours have passed, please DM us your order ID so our team can file a missing package claim and issue a replacement or refund: https://amzn.to/dm ^MK",missing_or_stolen_package,ESCALATE_TO_HUMAN,Waiting window expired and parcel missing; requires human claims specialist.
conv_amzn_00057,AmazonHelp,conv_amzn_00057,@AmazonHelp Does Amazon Logistics deliver on Sundays in Denver? My tracking says arriving Sunday by 9pm.,Customer reaching out to @AmazonHelp regarding delivery delay and tracking.,"Yes! Amazon Logistics delivers 7 days a week, including Sundays in most metropolitan areas. You can follow the driver's stop countdown in the Amazon app once out for delivery: https://amzn.to/your-orders ^SJ",delivery_delay_and_tracking,AUTO_HANDLE,General Sunday delivery policy inquiry; answered directly.
conv_amzn_00058,AmazonHelp,conv_amzn_00058,"@AmazonHelp Tracking says 'In Transit' since Wednesday, but there have been no new updates for 4 days. Is my order #111-4659979-7673162 lost?",Customer reaching out to @AmazonHelp regarding delivery delay and tracking.,We understand your concern regarding the lack of tracking movement. Please send us a direct message with your order number and email address so we can initiate an investigation with the carrier: https://amzn.to/dm ^KL,delivery_delay_and_tracking,ESCALATE_TO_HUMAN,Carrier stall exceeding 48h SLA; requires human carrier tracing.
conv_amzn_00059,AmazonHelp,conv_amzn_00059,@AmazonHelp Prime Video keeps giving error code 9074 when playing movies on my Fire TV 4K. How do I fix this?,Customer reaching out to @AmazonHelp regarding digital services and devices.,"Error 9074 is typically resolved by restarting your device and router, or clearing the Prime Video app cache. You can find detailed troubleshooting steps here: https://amzn.to/prime-video-help ^SJ",digital_services_and_devices,AUTO_HANDLE,Standard streaming cache/reboot troubleshooting steps.
conv_amzn_00060,AmazonHelp,conv_amzn_00060,@AmazonHelp My Ceramic Dinnerware Set arrived today but the packaging was crushed and the item is cracked in half! Do I have to send back broken glass?,Customer reaching out to @AmazonHelp regarding damaged or incorrect item.,We're very sorry your item arrived damaged! You do not need to ship back broken glass. Please visit Your Orders and select 'Return or replace items' to request a free replacement: https://amzn.to/your-orders. DM us if you need help: https://amzn.to/dm ^TB,damaged_or_incorrect_item,AUTO_HANDLE,Automated returns portal guidance for broken item replacement without hazardous return shipment.
conv_amzn_00061,AmazonHelp,conv_amzn_00061,@AmazonHelp I ordered a Sony Wireless Headphones ($37.00) and you sent me a box of baby wipes! Order #113-1096246-3970900. This is a totally different item!,Customer reaching out to @AmazonHelp regarding damaged or incorrect item.,We sincerely apologize for this warehouse mix-up! Please DM us your order number so our fulfillment escalation team can investigate the inventory error and dispatch the correct item immediately: https://amzn.to/dm ^JW,damaged_or_incorrect_item,ESCALATE_TO_HUMAN,Severe inventory mispick requiring warehouse audit and expedited replacement.
conv_amzn_00062,AmazonHelp,conv_amzn_00062,@AmazonHelp Delivery photo shows a completely different apartment number (527) and a red doormat. I live in unit 785 and don't have a red mat!,Customer reaching out to @AmazonHelp regarding missing or stolen package.,"We apologize for the misdelivery! Please send us a direct message with your order number so we can review the courier photo, verify your unit, and process an immediate replacement: https://amzn.to/dm ^AB",missing_or_stolen_package,ESCALATE_TO_HUMAN,Photographic proof of misdelivery to wrong unit; requires replacement authorization.
conv_amzn_00063,AmazonHelp,conv_amzn_00063,@AmazonHelp I dropped off my return of Anker Portable Charger at Whole Foods Market customer desk on Tuesday. When should I expect the refund to appear on my credit card?,Customer reaching out to @AmazonHelp regarding return and refund status.,"Once the return is received, refunds typically take 3 to 5 business days to process back to your original payment method. You can track refund progress under Your Orders: https://amzn.to/refund-status ^SJ",return_and_refund_status,AUTO_HANDLE,Standard banking processing timeline explanation.
conv_amzn_00064,AmazonHelp,conv_amzn_00064,@AmazonHelp My Amazon account was suspended for 'unusual activity' and my orders were cancelled. I have $450 in gift balance that I cannot access!,Customer reaching out to @AmazonHelp regarding account access and security.,We understand your concern regarding your suspended account and balance. Please DM us your registered email so we can route your case to our Account Specialist team for priority review: https://amzn.to/dm ^JW,account_access_and_security,ESCALATE_TO_HUMAN,Account suspension with trapped funds requiring human account specialist review.
conv_amzn_00065,AmazonHelp,conv_amzn_00065,@AmazonHelp Liquid soap bottle leaked inside the box and ruined the electronics (Samsung 55-inch OLED TV) that were shipped together in the same box!,Customer reaching out to @AmazonHelp regarding damaged or incorrect item.,We're so sorry for this shipping error! Please send us a direct message with photos of the damaged package and your order ID so we can issue a full replacement for all affected items: https://amzn.to/dm ^TB,damaged_or_incorrect_item,ESCALATE_TO_HUMAN,Cross-item hazardous spill damaging electronics; human damage assessment required.
conv_amzn_00066,AmazonHelp,conv_amzn_00066,@AmazonHelp Delivery photo shows a completely different apartment number (724) and a red doormat. I live in unit 300 and don't have a red mat!,Customer reaching out to @AmazonHelp regarding missing or stolen package.,"We apologize for the misdelivery! Please send us a direct message with your order number so we can review the courier photo, verify your unit, and process an immediate replacement: https://amzn.to/dm ^RG",missing_or_stolen_package,ESCALATE_TO_HUMAN,Photographic proof of misdelivery to wrong unit; requires replacement authorization.
conv_amzn_00067,AmazonHelp,conv_amzn_00067,@AmazonHelp I ordered a Instant Pot Duo ($226.99) and you sent me a box of pack of socks! Order #112-7407265-8551530. This is a totally different item!,Customer reaching out to @AmazonHelp regarding damaged or incorrect item.,We sincerely apologize for this warehouse mix-up! Please DM us your order number so our fulfillment escalation team can investigate the inventory error and dispatch the correct item immediately: https://amzn.to/dm ^DL,damaged_or_incorrect_item,ESCALATE_TO_HUMAN,Severe inventory mispick requiring warehouse audit and expedited replacement.
conv_amzn_00068,AmazonHelp,conv_amzn_00068,@AmazonHelp My Levi's Denim Jacket arrived today but the packaging was crushed and the item is cracked in half! Do I have to send back broken glass?,Customer reaching out to @AmazonHelp regarding damaged or incorrect item.,We're very sorry your item arrived damaged! You do not need to ship back broken glass. Please visit Your Orders and select 'Return or replace items' to request a free replacement: https://amzn.to/your-orders. DM us if you need help: https://amzn.to/dm ^JW,damaged_or_incorrect_item,AUTO_HANDLE,Automated returns portal guidance for broken item replacement without hazardous return shipment.
conv_amzn_00069,AmazonHelp,conv_amzn_00069,@AmazonHelp It has been 36 hours since my package #111-1506622-5477404 was marked delivered. I checked with neighbors and my building management. It is not here.,Customer reaching out to @AmazonHelp regarding missing or stolen package.,"Thank you for thoroughly checking around your property. Since 36 hours have passed, please DM us your order ID so our team can file a missing package claim and issue a replacement or refund: https://amzn.to/dm ^KL",missing_or_stolen_package,ESCALATE_TO_HUMAN,Waiting window expired and parcel missing; requires human claims specialist.
conv_amzn_00070,AmazonHelp,conv_amzn_00070,@AmazonHelp Order #111-8969489-3975715 contains urgent medical supplies for my family that was guaranteed yesterday. Where is the courier right now?,Customer reaching out to @AmazonHelp regarding delivery delay and tracking.,"We sincerely apologize for this critical delay. Given the urgency of these supplies, please DM us immediately so a priority dispatcher can coordinate with the local logistics hub: https://amzn.to/dm ^SJ",delivery_delay_and_tracking,ESCALATE_TO_HUMAN,Time-critical urgent medical delivery requiring priority dispatcher intervention.
conv_amzn_00071,AmazonHelp,conv_amzn_00071,"@AmazonHelp The Amazon app sent a notification saying my Samsung 55-inch OLED TV was delivered to my front porch 15 minutes ago, but the porch is empty!",Customer reaching out to @AmazonHelp regarding missing or stolen package.,"Carriers sometimes scan packages just prior to walking up to the door. Please allow until the end of the day, and check with household members or side porches: https://amzn.to/find-missing. If still not found tomorrow, reach back out! ^SJ",missing_or_stolen_package,AUTO_HANDLE,Scan occurred within past hour; standard buffer and safe spot search recommended.
conv_amzn_00072,AmazonHelp,conv_amzn_00072,@AmazonHelp My Kindle Samsung Smart TV screen is completely frozen on the waking up screen. Holding down the power button for 40 seconds does not reboot it.,Customer reaching out to @AmazonHelp regarding digital services and devices.,"We're sorry to hear about your Kindle! Please connect it to a wall charger for at least 30 minutes, then attempt the 40-second power button hold again. If it remains frozen, DM us for warranty options: https://amzn.to/dm ^RG",digital_services_and_devices,AUTO_HANDLE,Standard Kindle battery recovery protocol; escalates only if hardware unresponsive.
conv_amzn_00073,AmazonHelp,conv_amzn_00073,@AmazonHelp I need an official tax invoice with VAT ID for my company purchase order #114-9774022-1028211.,Customer reaching out to @AmazonHelp regarding general product or policy inquiry.,You can download official tax invoices directly from Your Orders by clicking 'Invoice' on the order details page: https://amzn.to/your-orders ^RG,general_product_or_policy_inquiry,AUTO_HANDLE,Self-service business invoice download guidance.
conv_amzn_00074,AmazonHelp,conv_amzn_00074,"@AmazonHelp It has been 18 days since your return center acknowledged receipt of my #112-3346051-6505464, but my refund of $327.00 is still not issued. Where is my money?",Customer reaching out to @AmazonHelp regarding return and refund status.,We apologize for the delay. Eighteen days exceeds our normal processing timeline. Please send us a DM with your order number so a billing specialist can review the return status and manually release your refund: https://amzn.to/dm ^SJ,return_and_refund_status,ESCALATE_TO_HUMAN,Refund overdue beyond standard SLA (>14 days); requires manual finance clearance.
conv_amzn_00075,AmazonHelp,conv_amzn_00075,@AmazonHelp I need an official tax invoice with VAT ID for my company purchase order #112-7614975-8373539.,Customer reaching out to @AmazonHelp regarding general product or policy inquiry.,You can download official tax invoices directly from Your Orders by clicking 'Invoice' on the order details page: https://amzn.to/your-orders ^DL,general_product_or_policy_inquiry,AUTO_HANDLE,Self-service business invoice download guidance.
conv_amzn_00076,AmazonHelp,conv_amzn_00076,@AmazonHelp I ordered a Logitech Wireless Mouse ($324.99) and you sent me a box of dog food! Order #111-2645971-5223173. This is a totally different item!,Customer reaching out to @AmazonHelp regarding damaged or incorrect item.,We sincerely apologize for this warehouse mix-up! Please DM us your order number so our fulfillment escalation team can investigate the inventory error and dispatch the correct item immediately: https://amzn.to/dm ^KL,damaged_or_incorrect_item,ESCALATE_TO_HUMAN,Severe inventory mispick requiring warehouse audit and expedited replacement.
conv_amzn_00077,AmazonHelp,conv_amzn_00077,@AmazonHelp It has been 36 hours since my package #113-7693240-4151908 was marked delivered. I checked with neighbors and my building management. It is not here.,Customer reaching out to @AmazonHelp regarding missing or stolen package.,"Thank you for thoroughly checking around your property. Since 36 hours have passed, please DM us your order ID so our team can file a missing package claim and issue a replacement or refund: https://amzn.to/dm ^TB",missing_or_stolen_package,ESCALATE_TO_HUMAN,Waiting window expired and parcel missing; requires human claims specialist.
conv_amzn_00078,AmazonHelp,conv_amzn_00078,@AmazonHelp Does Amazon ship electronic goods to military APO/FPO addresses in United Kingdom?,Customer reaching out to @AmazonHelp regarding general product or policy inquiry.,"Yes, Amazon ships many items to APO/FPO addresses via USPS! Certain hazardous or oversized items may have restrictions. Check full policy details: https://amzn.to/apo-fpo ^TB",general_product_or_policy_inquiry,AUTO_HANDLE,Military address shipping policy inquiry; answered directly.
conv_amzn_00079,AmazonHelp,conv_amzn_00079,"@AmazonHelp The Amazon app sent a notification saying my Oral-B Electric Toothbrush was delivered to my front porch 60 minutes ago, but the porch is empty!",Customer reaching out to @AmazonHelp regarding missing or stolen package.,"Carriers sometimes scan packages just prior to walking up to the door. Please allow until the end of the day, and check with household members or side porches: https://amzn.to/find-missing. If still not found tomorrow, reach back out! ^KL",missing_or_stolen_package,AUTO_HANDLE,Scan occurred within past hour; standard buffer and safe spot search recommended.
conv_amzn_00080,AmazonHelp,conv_amzn_00080,@AmazonHelp Liquid soap bottle leaked inside the box and ruined the electronics (Sony Wireless Headphones) that were shipped together in the same box!,Customer reaching out to @AmazonHelp regarding damaged or incorrect item.,We're so sorry for this shipping error! Please send us a direct message with photos of the damaged package and your order ID so we can issue a full replacement for all affected items: https://amzn.to/dm ^RG,damaged_or_incorrect_item,ESCALATE_TO_HUMAN,Cross-item hazardous spill damaging electronics; human damage assessment required.
conv_amzn_00081,AmazonHelp,conv_amzn_00081,@AmazonHelp I ordered a LEGO Star Wars Set ($91.00) and you sent me a box of plastic hangers! Order #112-3818993-4851392. This is a totally different item!,Customer reaching out to @AmazonHelp regarding damaged or incorrect item.,We sincerely apologize for this warehouse mix-up! Please DM us your order number so our fulfillment escalation team can investigate the inventory error and dispatch the correct item immediately: https://amzn.to/dm ^MK,damaged_or_incorrect_item,ESCALATE_TO_HUMAN,Severe inventory mispick requiring warehouse audit and expedited replacement.
conv_amzn_00082,AmazonHelp,conv_amzn_00082,"@AmazonHelp The Amazon app sent a notification saying my Oral-B Electric Toothbrush was delivered to my front porch 15 minutes ago, but the porch is empty!",Customer reaching out to @AmazonHelp regarding missing or stolen package.,"Carriers sometimes scan packages just prior to walking up to the door. Please allow until the end of the day, and check with household members or side porches: https://amzn.to/find-missing. If still not found tomorrow, reach back out! ^RG",missing_or_stolen_package,AUTO_HANDLE,Scan occurred within past hour; standard buffer and safe spot search recommended.
conv_amzn_00083,AmazonHelp,conv_amzn_00083,"@AmazonHelp Tracking says 'Departed facility' since Monday, but there have been no new updates for 4 days. Is my order #111-6050553-5285171 lost?",Customer reaching out to @AmazonHelp regarding delivery delay and tracking.,We understand your concern regarding the lack of tracking movement. Please send us a direct message with your order number and email address so we can initiate an investigation with the carrier: https://amzn.to/dm ^SJ,delivery_delay_and_tracking,ESCALATE_TO_HUMAN,Carrier stall exceeding 48h SLA; requires human carrier tracing.
conv_amzn_00084,AmazonHelp,conv_amzn_00084,"@AmazonHelp The Kindle Paperwhite I received has a ripped retail seal and looks like it was already used by someone else, but I paid for brand new!",Customer reaching out to @AmazonHelp regarding damaged or incorrect item.,"We apologize for this experience. We take new item guarantees seriously. Please go to Your Orders to request an exchange for an unopened replacement, or DM us if you need assistance: https://amzn.to/your-orders ^MK",damaged_or_incorrect_item,AUTO_HANDLE,Used-sold-as-new complaint; customer guided to instant exchange flow.
conv_amzn_00085,AmazonHelp,conv_amzn_00085,@AmazonHelp I need an official tax invoice with VAT ID for my company purchase order #112-2474487-6508034.,Customer reaching out to @AmazonHelp regarding general product or policy inquiry.,You can download official tax invoices directly from Your Orders by clicking 'Invoice' on the order details page: https://amzn.to/your-orders ^SJ,general_product_or_policy_inquiry,AUTO_HANDLE,Self-service business invoice download guidance.
conv_amzn_00086,AmazonHelp,conv_amzn_00086,@AmazonHelp I don't have a working printer at home. Can I return my Levi's Denim Jacket without printing a return label?,Customer reaching out to @AmazonHelp regarding return and refund status.,Yes! You can choose 'UPS Drop-off - No Box or Label Needed' or 'Kohl's Drop-off' when initiating the return in Your Orders. They will simply scan a QR code from your phone: https://amzn.to/return-center ^SJ,return_and_refund_status,AUTO_HANDLE,Self-service instructions for mobile QR code label-free returns.
conv_amzn_00087,AmazonHelp,conv_amzn_00087,"@AmazonHelp Tracking says 'In Transit' since Wednesday, but there have been no new updates for 4 days. Is my order #113-6372604-6278079 lost?",Customer reaching out to @AmazonHelp regarding delivery delay and tracking.,We understand your concern regarding the lack of tracking movement. Please send us a direct message with your order number and email address so we can initiate an investigation with the carrier: https://amzn.to/dm ^JW,delivery_delay_and_tracking,ESCALATE_TO_HUMAN,Carrier stall exceeding 48h SLA; requires human carrier tracing.
conv_amzn_00088,AmazonHelp,conv_amzn_00088,@AmazonHelp My Instant Pot Duo arrived today but the packaging was crushed and the item is cracked in half! Do I have to send back broken glass?,Customer reaching out to @AmazonHelp regarding damaged or incorrect item.,We're very sorry your item arrived damaged! You do not need to ship back broken glass. Please visit Your Orders and select 'Return or replace items' to request a free replacement: https://amzn.to/your-orders. DM us if you need help: https://amzn.to/dm ^DL,damaged_or_incorrect_item,AUTO_HANDLE,Automated returns portal guidance for broken item replacement without hazardous return shipment.
conv_amzn_00089,AmazonHelp,conv_amzn_00089,"@AmazonHelp My Ceramic Dinnerware Set was promised for delivery by 8 PM today, but tracking shows it hasn't even left the facility. Order #111-1932037-4750850.",Customer reaching out to @AmazonHelp regarding delivery delay and tracking.,"We apologize for the delay! Carrier transit times can vary. You can view the most up-to-date tracking information here: https://amzn.to/track. If it doesn't arrive by tomorrow evening, please DM us with your order ID: https://amzn.to/dm ^MK",delivery_delay_and_tracking,AUTO_HANDLE,Standard transit buffer; directed customer to official live tracking.
conv_amzn_00090,AmazonHelp,conv_amzn_00090,"@AmazonHelp My Fitbit Charge 6 was promised for delivery by 9 PM today, but tracking shows it hasn't even left the facility. Order #112-9364050-8050060.",Customer reaching out to @AmazonHelp regarding delivery delay and tracking.,"We apologize for the delay! Carrier transit times can vary. You can view the most up-to-date tracking information here: https://amzn.to/track. If it doesn't arrive by tomorrow evening, please DM us with your order ID: https://amzn.to/dm ^AB",delivery_delay_and_tracking,AUTO_HANDLE,Standard transit buffer; directed customer to official live tracking.
conv_amzn_00091,AmazonHelp,conv_amzn_00091,@AmazonHelp I dropped off my return of Sony Wireless Headphones at Whole Foods Market customer desk on Thursday. When should I expect the refund to appear on my credit card?,Customer reaching out to @AmazonHelp regarding return and refund status.,"Once the return is received, refunds typically take 3 to 5 business days to process back to your original payment method. You can track refund progress under Your Orders: https://amzn.to/refund-status ^SJ",return_and_refund_status,AUTO_HANDLE,Standard banking processing timeline explanation.
conv_amzn_00092,AmazonHelp,conv_amzn_00092,@AmazonHelp It has been 36 hours since my package #112-2342321-1190889 was marked delivered. I checked with neighbors and my building management. It is not here.,Customer reaching out to @AmazonHelp regarding missing or stolen package.,"Thank you for thoroughly checking around your property. Since 36 hours have passed, please DM us your order ID so our team can file a missing package claim and issue a replacement or refund: https://amzn.to/dm ^RG",missing_or_stolen_package,ESCALATE_TO_HUMAN,Waiting window expired and parcel missing; requires human claims specialist.
conv_amzn_00093,AmazonHelp,conv_amzn_00093,@AmazonHelp Delivery photo shows a completely different apartment number (413) and a red doormat. I live in unit 890 and don't have a red mat!,Customer reaching out to @AmazonHelp regarding missing or stolen package.,"We apologize for the misdelivery! Please send us a direct message with your order number so we can review the courier photo, verify your unit, and process an immediate replacement: https://amzn.to/dm ^SJ",missing_or_stolen_package,ESCALATE_TO_HUMAN,Photographic proof of misdelivery to wrong unit; requires replacement authorization.
conv_amzn_00094,AmazonHelp,conv_amzn_00094,@AmazonHelp It has been 36 hours since my package #114-6930817-4916651 was marked delivered. I checked with neighbors and my building management. It is not here.,Customer reaching out to @AmazonHelp regarding missing or stolen package.,"Thank you for thoroughly checking around your property. Since 36 hours have passed, please DM us your order ID so our team can file a missing package claim and issue a replacement or refund: https://amzn.to/dm ^DL",missing_or_stolen_package,ESCALATE_TO_HUMAN,Waiting window expired and parcel missing; requires human claims specialist.
conv_amzn_00095,AmazonHelp,conv_amzn_00095,@AmazonHelp Delivery photo shows a completely different apartment number (467) and a red doormat. I live in unit 277 and don't have a red mat!,Customer reaching out to @AmazonHelp regarding missing or stolen package.,"We apologize for the misdelivery! Please send us a direct message with your order number so we can review the courier photo, verify your unit, and process an immediate replacement: https://amzn.to/dm ^MK",missing_or_stolen_package,ESCALATE_TO_HUMAN,Photographic proof of misdelivery to wrong unit; requires replacement authorization.
conv_amzn_00096,AmazonHelp,conv_amzn_00096,@AmazonHelp I ordered a Samsung 55-inch OLED TV ($462.00) and you sent me a box of coffee mugs! Order #111-3545094-3592333. This is a totally different item!,Customer reaching out to @AmazonHelp regarding damaged or incorrect item.,We sincerely apologize for this warehouse mix-up! Please DM us your order number so our fulfillment escalation team can investigate the inventory error and dispatch the correct item immediately: https://amzn.to/dm ^SJ,damaged_or_incorrect_item,ESCALATE_TO_HUMAN,Severe inventory mispick requiring warehouse audit and expedited replacement.
conv_amzn_00097,AmazonHelp,conv_amzn_00097,@AmazonHelp Does Amazon Logistics deliver on Sundays in Austin? My tracking says arriving Sunday by 9pm.,Customer reaching out to @AmazonHelp regarding delivery delay and tracking.,"Yes! Amazon Logistics delivers 7 days a week, including Sundays in most metropolitan areas. You can follow the driver's stop countdown in the Amazon app once out for delivery: https://amzn.to/your-orders ^DL",delivery_delay_and_tracking,AUTO_HANDLE,General Sunday delivery policy inquiry; answered directly.
conv_amzn_00098,AmazonHelp,conv_amzn_00098,@AmazonHelp It has been 36 hours since my package #113-8975348-3574238 was marked delivered. I checked with neighbors and my building management. It is not here.,Customer reaching out to @AmazonHelp regarding missing or stolen package.,"Thank you for thoroughly checking around your property. Since 36 hours have passed, please DM us your order ID so our team can file a missing package claim and issue a replacement or refund: https://amzn.to/dm ^TB",missing_or_stolen_package,ESCALATE_TO_HUMAN,Waiting window expired and parcel missing; requires human claims specialist.
conv_amzn_00099,AmazonHelp,conv_amzn_00099,@AmazonHelp Prime Video keeps giving error code 7031 when playing movies on my Fire TV 4K. How do I fix this?,Customer reaching out to @AmazonHelp regarding digital services and devices.,"Error 7031 is typically resolved by restarting your device and router, or clearing the Prime Video app cache. You can find detailed troubleshooting steps here: https://amzn.to/prime-video-help ^AB",digital_services_and_devices,AUTO_HANDLE,Standard streaming cache/reboot troubleshooting steps.
conv_amzn_00100,AmazonHelp,conv_amzn_00100,"@AmazonHelp The Fitbit Charge 6 I received has a ripped retail seal and looks like it was already used by someone else, but I paid for brand new!",Customer reaching out to @AmazonHelp regarding damaged or incorrect item.,"We apologize for this experience. We take new item guarantees seriously. Please go to Your Orders to request an exchange for an unopened replacement, or DM us if you need assistance: https://amzn.to/your-orders ^RG",damaged_or_incorrect_item,AUTO_HANDLE,Used-sold-as-new complaint; customer guided to instant exchange flow.
conv_amzn_00101,AmazonHelp,conv_amzn_00101,@AmazonHelp The promo code 'SAVE20' from your promotional email is giving an error saying 'Promotion has ended' even though the email said valid through Friday.,Customer reaching out to @AmazonHelp regarding prime membership and billing.,We'd like to check this promo code for you! Please send us a direct message with a screenshot of the email and the item in your cart: https://amzn.to/dm ^TB,prime_membership_and_billing,ESCALATE_TO_HUMAN,Promotional code dispute requiring customer care manual credit.
conv_amzn_00102,AmazonHelp,conv_amzn_00102,@AmazonHelp I don't have a working printer at home. Can I return my Ninja Air Fryer without printing a return label?,Customer reaching out to @AmazonHelp regarding return and refund status.,Yes! You can choose 'UPS Drop-off - No Box or Label Needed' or 'Kohl's Drop-off' when initiating the return in Your Orders. They will simply scan a QR code from your phone: https://amzn.to/return-center ^RG,return_and_refund_status,AUTO_HANDLE,Self-service instructions for mobile QR code label-free returns.
conv_amzn_00103,AmazonHelp,conv_amzn_00103,@AmazonHelp My Kindle LG WebOS TV screen is completely frozen on the waking up screen. Holding down the power button for 40 seconds does not reboot it.,Customer reaching out to @AmazonHelp regarding digital services and devices.,"We're sorry to hear about your Kindle! Please connect it to a wall charger for at least 30 minutes, then attempt the 40-second power button hold again. If it remains frozen, DM us for warranty options: https://amzn.to/dm ^RG",digital_services_and_devices,AUTO_HANDLE,Standard Kindle battery recovery protocol; escalates only if hardware unresponsive.
conv_amzn_00104,AmazonHelp,conv_amzn_00104,"@AmazonHelp Driver marked package attempted because they couldn't access the building gate, but no one buzzed my apartment 166!",Customer reaching out to @AmazonHelp regarding delivery delay and tracking.,"We're sorry for the inconvenience! Drivers will automatically re-attempt delivery on the next business day. You can add permanent gate codes in Your Account > Addresses: https://amzn.to/delivery-instructions. If urgent, DM us: https://amzn.to/dm ^SJ",delivery_delay_and_tracking,AUTO_HANDLE,Gate access issue; self-service delivery instruction update provided.
conv_amzn_00105,AmazonHelp,conv_amzn_00105,@AmazonHelp Delivery photo shows a completely different apartment number (825) and a red doormat. I live in unit 382 and don't have a red mat!,Customer reaching out to @AmazonHelp regarding missing or stolen package.,"We apologize for the misdelivery! Please send us a direct message with your order number so we can review the courier photo, verify your unit, and process an immediate replacement: https://amzn.to/dm ^AB",missing_or_stolen_package,ESCALATE_TO_HUMAN,Photographic proof of misdelivery to wrong unit; requires replacement authorization.
conv_amzn_00106,AmazonHelp,conv_amzn_00106,@AmazonHelp My Sony Wireless Headphones arrived today but the packaging was crushed and the item is cracked in half! Do I have to send back broken glass?,Customer reaching out to @AmazonHelp regarding damaged or incorrect item.,We're very sorry your item arrived damaged! You do not need to ship back broken glass. Please visit Your Orders and select 'Return or replace items' to request a free replacement: https://amzn.to/your-orders. DM us if you need help: https://amzn.to/dm ^DL,damaged_or_incorrect_item,AUTO_HANDLE,Automated returns portal guidance for broken item replacement without hazardous return shipment.
conv_amzn_00107,AmazonHelp,conv_amzn_00107,@AmazonHelp I ordered a Dyson V8 Vacuum ($252.99) and you sent me a box of coffee mugs! Order #111-4413273-1509404. This is a totally different item!,Customer reaching out to @AmazonHelp regarding damaged or incorrect item.,We sincerely apologize for this warehouse mix-up! Please DM us your order number so our fulfillment escalation team can investigate the inventory error and dispatch the correct item immediately: https://amzn.to/dm ^JW,damaged_or_incorrect_item,ESCALATE_TO_HUMAN,Severe inventory mispick requiring warehouse audit and expedited replacement.
conv_amzn_00108,AmazonHelp,conv_amzn_00108,"@AmazonHelp My Dyson V8 Vacuum was promised for delivery by 2 PM today, but tracking shows it hasn't even left the facility. Order #114-2433756-4513826.",Customer reaching out to @AmazonHelp regarding delivery delay and tracking.,"We apologize for the delay! Carrier transit times can vary. You can view the most up-to-date tracking information here: https://amzn.to/track. If it doesn't arrive by tomorrow evening, please DM us with your order ID: https://amzn.to/dm ^AB",delivery_delay_and_tracking,AUTO_HANDLE,Standard transit buffer; directed customer to official live tracking.
conv_amzn_00109,AmazonHelp,conv_amzn_00109,@AmazonHelp It has been 36 hours since my package #111-2322894-6118524 was marked delivered. I checked with neighbors and my building management. It is not here.,Customer reaching out to @AmazonHelp regarding missing or stolen package.,"Thank you for thoroughly checking around your property. Since 36 hours have passed, please DM us your order ID so our team can file a missing package claim and issue a replacement or refund: https://amzn.to/dm ^RG",missing_or_stolen_package,ESCALATE_TO_HUMAN,Waiting window expired and parcel missing; requires human claims specialist.
conv_amzn_00110,AmazonHelp,conv_amzn_00110,"@AmazonHelp The Amazon app sent a notification saying my Sony Wireless Headphones was delivered to my front porch 25 minutes ago, but the porch is empty!",Customer reaching out to @AmazonHelp regarding missing or stolen package.,"Carriers sometimes scan packages just prior to walking up to the door. Please allow until the end of the day, and check with household members or side porches: https://amzn.to/find-missing. If still not found tomorrow, reach back out! ^KL",missing_or_stolen_package,AUTO_HANDLE,Scan occurred within past hour; standard buffer and safe spot search recommended.
conv_amzn_00111,AmazonHelp,conv_amzn_00111,@AmazonHelp I dropped off my return of Kindle Paperwhite at Kohl's Drop-off on Monday. When should I expect the refund to appear on my credit card?,Customer reaching out to @AmazonHelp regarding return and refund status.,"Once the return is received, refunds typically take 3 to 5 business days to process back to your original payment method. You can track refund progress under Your Orders: https://amzn.to/refund-status ^TB",return_and_refund_status,AUTO_HANDLE,Standard banking processing timeline explanation.
conv_amzn_00112,AmazonHelp,conv_amzn_00112,@AmazonHelp I ordered a Apple AirPods Pro ($542.00) and you sent me a box of plastic hangers! Order #113-5061652-1352275. This is a totally different item!,Customer reaching out to @AmazonHelp regarding damaged or incorrect item.,We sincerely apologize for this warehouse mix-up! Please DM us your order number so our fulfillment escalation team can investigate the inventory error and dispatch the correct item immediately: https://amzn.to/dm ^RG,damaged_or_incorrect_item,ESCALATE_TO_HUMAN,Severe inventory mispick requiring warehouse audit and expedited replacement.
conv_amzn_00113,AmazonHelp,conv_amzn_00113,"@AmazonHelp The Samsung 55-inch OLED TV I received has a ripped retail seal and looks like it was already used by someone else, but I paid for brand new!",Customer reaching out to @AmazonHelp regarding damaged or incorrect item.,"We apologize for this experience. We take new item guarantees seriously. Please go to Your Orders to request an exchange for an unopened replacement, or DM us if you need assistance: https://amzn.to/your-orders ^TB",damaged_or_incorrect_item,AUTO_HANDLE,Used-sold-as-new complaint; customer guided to instant exchange flow.
conv_amzn_00114,AmazonHelp,conv_amzn_00114,"@AmazonHelp I was just charged $579.50 for Amazon Prime annual renewal today, but I forgot to cancel. Can I get a refund if I haven't used it?",Customer reaching out to @AmazonHelp regarding prime membership and billing.,"Yes! If you haven't used any Prime benefits since the renewal charge, you will automatically receive a full refund when you cancel at: https://amzn.to/manage-prime ^SJ",prime_membership_and_billing,AUTO_HANDLE,Prorated/unused Prime auto-refund policy self-service guidance.
conv_amzn_00115,AmazonHelp,conv_amzn_00115,@AmazonHelp Does Amazon ship electronic goods to military APO/FPO addresses in Japan?,Customer reaching out to @AmazonHelp regarding general product or policy inquiry.,"Yes, Amazon ships many items to APO/FPO addresses via USPS! Certain hazardous or oversized items may have restrictions. Check full policy details: https://amzn.to/apo-fpo ^SJ",general_product_or_policy_inquiry,AUTO_HANDLE,Military address shipping policy inquiry; answered directly.
conv_amzn_00116,AmazonHelp,conv_amzn_00116,"@AmazonHelp Tracking says 'Departed facility' since Monday, but there have been no new updates for 4 days. Is my order #111-6528592-2668580 lost?",Customer reaching out to @AmazonHelp regarding delivery delay and tracking.,We understand your concern regarding the lack of tracking movement. Please send us a direct message with your order number and email address so we can initiate an investigation with the carrier: https://amzn.to/dm ^AB,delivery_delay_and_tracking,ESCALATE_TO_HUMAN,Carrier stall exceeding 48h SLA; requires human carrier tracing.
conv_amzn_00117,AmazonHelp,conv_amzn_00117,"@AmazonHelp My Samsung 55-inch OLED TV was promised for delivery by 8 PM today, but tracking shows it hasn't even left the facility. Order #113-4952772-4095258.",Customer reaching out to @AmazonHelp regarding delivery delay and tracking.,"We apologize for the delay! Carrier transit times can vary. You can view the most up-to-date tracking information here: https://amzn.to/track. If it doesn't arrive by tomorrow evening, please DM us with your order ID: https://amzn.to/dm ^KL",delivery_delay_and_tracking,AUTO_HANDLE,Standard transit buffer; directed customer to official live tracking.
conv_amzn_00118,AmazonHelp,conv_amzn_00118,"@AmazonHelp Tracking says 'Departed facility' since Thursday, but there have been no new updates for 4 days. Is my order #111-4946762-5763656 lost?",Customer reaching out to @AmazonHelp regarding delivery delay and tracking.,We understand your concern regarding the lack of tracking movement. Please send us a direct message with your order number and email address so we can initiate an investigation with the carrier: https://amzn.to/dm ^AB,delivery_delay_and_tracking,ESCALATE_TO_HUMAN,Carrier stall exceeding 48h SLA; requires human carrier tracing.
conv_amzn_00119,AmazonHelp,conv_amzn_00119,@AmazonHelp It has been 36 hours since my package #113-7004735-8378642 was marked delivered. I checked with neighbors and my building management. It is not here.,Customer reaching out to @AmazonHelp regarding missing or stolen package.,"Thank you for thoroughly checking around your property. Since 36 hours have passed, please DM us your order ID so our team can file a missing package claim and issue a replacement or refund: https://amzn.to/dm ^AB",missing_or_stolen_package,ESCALATE_TO_HUMAN,Waiting window expired and parcel missing; requires human claims specialist.
conv_amzn_00120,AmazonHelp,conv_amzn_00120,"@AmazonHelp My Kindle Paperwhite was promised for delivery by 9 PM today, but tracking shows it hasn't even left the facility. Order #111-4188198-8797049.",Customer reaching out to @AmazonHelp regarding delivery delay and tracking.,"We apologize for the delay! Carrier transit times can vary. You can view the most up-to-date tracking information here: https://amzn.to/track. If it doesn't arrive by tomorrow evening, please DM us with your order ID: https://amzn.to/dm ^JW",delivery_delay_and_tracking,AUTO_HANDLE,Standard transit buffer; directed customer to official live tracking.
conv_amzn_00121,AmazonHelp,conv_amzn_00121,@AmazonHelp I don't have a working printer at home. Can I return my Keurig Coffee Maker without printing a return label?,Customer reaching out to @AmazonHelp regarding return and refund status.,Yes! You can choose 'UPS Drop-off - No Box or Label Needed' or 'Kohl's Drop-off' when initiating the return in Your Orders. They will simply scan a QR code from your phone: https://amzn.to/return-center ^SJ,return_and_refund_status,AUTO_HANDLE,Self-service instructions for mobile QR code label-free returns.
conv_amzn_00122,AmazonHelp,conv_amzn_00122,@AmazonHelp I dropped off my return of Dyson V8 Vacuum at Whole Foods Market customer desk on Thursday. When should I expect the refund to appear on my credit card?,Customer reaching out to @AmazonHelp regarding return and refund status.,"Once the return is received, refunds typically take 3 to 5 business days to process back to your original payment method. You can track refund progress under Your Orders: https://amzn.to/refund-status ^TB",return_and_refund_status,AUTO_HANDLE,Standard banking processing timeline explanation.
conv_amzn_00123,AmazonHelp,conv_amzn_00123,"@AmazonHelp My Ninja Air Fryer was promised for delivery by 2 PM today, but tracking shows it hasn't even left the facility. Order #112-4792313-4671418.",Customer reaching out to @AmazonHelp regarding delivery delay and tracking.,"We apologize for the delay! Carrier transit times can vary. You can view the most up-to-date tracking information here: https://amzn.to/track. If it doesn't arrive by tomorrow evening, please DM us with your order ID: https://amzn.to/dm ^JW",delivery_delay_and_tracking,AUTO_HANDLE,Standard transit buffer; directed customer to official live tracking.
conv_amzn_00124,AmazonHelp,conv_amzn_00124,"@AmazonHelp The Logitech Wireless Mouse I received has a ripped retail seal and looks like it was already used by someone else, but I paid for brand new!",Customer reaching out to @AmazonHelp regarding damaged or incorrect item.,"We apologize for this experience. We take new item guarantees seriously. Please go to Your Orders to request an exchange for an unopened replacement, or DM us if you need assistance: https://amzn.to/your-orders ^MK",damaged_or_incorrect_item,AUTO_HANDLE,Used-sold-as-new complaint; customer guided to instant exchange flow.
conv_amzn_00125,AmazonHelp,conv_amzn_00125,"@AmazonHelp The Anker Portable Charger I received has a ripped retail seal and looks like it was already used by someone else, but I paid for brand new!",Customer reaching out to @AmazonHelp regarding damaged or incorrect item.,"We apologize for this experience. We take new item guarantees seriously. Please go to Your Orders to request an exchange for an unopened replacement, or DM us if you need assistance: https://amzn.to/your-orders ^JW",damaged_or_incorrect_item,AUTO_HANDLE,Used-sold-as-new complaint; customer guided to instant exchange flow.
conv_amzn_00126,AmazonHelp,conv_amzn_00126,@AmazonHelp Delivery photo shows a completely different apartment number (123) and a red doormat. I live in unit 223 and don't have a red mat!,Customer reaching out to @AmazonHelp regarding missing or stolen package.,"We apologize for the misdelivery! Please send us a direct message with your order number so we can review the courier photo, verify your unit, and process an immediate replacement: https://amzn.to/dm ^JW",missing_or_stolen_package,ESCALATE_TO_HUMAN,Photographic proof of misdelivery to wrong unit; requires replacement authorization.
conv_amzn_00127,AmazonHelp,conv_amzn_00127,@AmazonHelp The return window for my Ceramic Dinnerware Set closed 3 days ago because I was hospitalized. Can an exception be made to return it?,Customer reaching out to @AmazonHelp regarding return and refund status.,"We hope you are recovering well. While the online return portal locks after the return window, please send us a DM with your order ID so a customer care supervisor can review your case for an exception: https://amzn.to/dm ^AB",return_and_refund_status,ESCALATE_TO_HUMAN,Policy exception request requiring human supervisor override.
conv_amzn_00128,AmazonHelp,conv_amzn_00128,@AmazonHelp I don't have a working printer at home. Can I return my Oral-B Electric Toothbrush without printing a return label?,Customer reaching out to @AmazonHelp regarding return and refund status.,Yes! You can choose 'UPS Drop-off - No Box or Label Needed' or 'Kohl's Drop-off' when initiating the return in Your Orders. They will simply scan a QR code from your phone: https://amzn.to/return-center ^TB,return_and_refund_status,AUTO_HANDLE,Self-service instructions for mobile QR code label-free returns.
conv_amzn_00129,AmazonHelp,conv_amzn_00129,"@AmazonHelp It has been 18 days since your return center acknowledged receipt of my #113-9309926-6921621, but my refund of $468.99 is still not issued. Where is my money?",Customer reaching out to @AmazonHelp regarding return and refund status.,We apologize for the delay. Eighteen days exceeds our normal processing timeline. Please send us a DM with your order number so a billing specialist can review the return status and manually release your refund: https://amzn.to/dm ^TB,return_and_refund_status,ESCALATE_TO_HUMAN,Refund overdue beyond standard SLA (>14 days); requires manual finance clearance.
conv_amzn_00130,AmazonHelp,conv_amzn_00130,"@AmazonHelp It has been 18 days since your return center acknowledged receipt of my #111-4213432-3513558, but my refund of $589.99 is still not issued. Where is my money?",Customer reaching out to @AmazonHelp regarding return and refund status.,We apologize for the delay. Eighteen days exceeds our normal processing timeline. Please send us a DM with your order number so a billing specialist can review the return status and manually release your refund: https://amzn.to/dm ^JW,return_and_refund_status,ESCALATE_TO_HUMAN,Refund overdue beyond standard SLA (>14 days); requires manual finance clearance.
conv_amzn_00131,AmazonHelp,conv_amzn_00131,@AmazonHelp I need an official tax invoice with VAT ID for my company purchase order #111-6940818-2080251.,Customer reaching out to @AmazonHelp regarding general product or policy inquiry.,You can download official tax invoices directly from Your Orders by clicking 'Invoice' on the order details page: https://amzn.to/your-orders ^MK,general_product_or_policy_inquiry,AUTO_HANDLE,Self-service business invoice download guidance.
conv_amzn_00132,AmazonHelp,conv_amzn_00132,@AmazonHelp Liquid soap bottle leaked inside the box and ruined the electronics (Levi's Denim Jacket) that were shipped together in the same box!,Customer reaching out to @AmazonHelp regarding damaged or incorrect item.,We're so sorry for this shipping error! Please send us a direct message with photos of the damaged package and your order ID so we can issue a full replacement for all affected items: https://amzn.to/dm ^SJ,damaged_or_incorrect_item,ESCALATE_TO_HUMAN,Cross-item hazardous spill damaging electronics; human damage assessment required.
conv_amzn_00133,AmazonHelp,conv_amzn_00133,@AmazonHelp Prime Video keeps giving error code 5004 when playing movies on my Roku Ultra. How do I fix this?,Customer reaching out to @AmazonHelp regarding digital services and devices.,"Error 5004 is typically resolved by restarting your device and router, or clearing the Prime Video app cache. You can find detailed troubleshooting steps here: https://amzn.to/prime-video-help ^TB",digital_services_and_devices,AUTO_HANDLE,Standard streaming cache/reboot troubleshooting steps.
conv_amzn_00134,AmazonHelp,conv_amzn_00134,@AmazonHelp Liquid soap bottle leaked inside the box and ruined the electronics (Kindle Paperwhite) that were shipped together in the same box!,Customer reaching out to @AmazonHelp regarding damaged or incorrect item.,We're so sorry for this shipping error! Please send us a direct message with photos of the damaged package and your order ID so we can issue a full replacement for all affected items: https://amzn.to/dm ^RG,damaged_or_incorrect_item,ESCALATE_TO_HUMAN,Cross-item hazardous spill damaging electronics; human damage assessment required.
conv_amzn_00135,AmazonHelp,conv_amzn_00135,"@AmazonHelp My Kindle Paperwhite was promised for delivery by 9 PM today, but tracking shows it hasn't even left the facility. Order #112-5820355-8899441.",Customer reaching out to @AmazonHelp regarding delivery delay and tracking.,"We apologize for the delay! Carrier transit times can vary. You can view the most up-to-date tracking information here: https://amzn.to/track. If it doesn't arrive by tomorrow evening, please DM us with your order ID: https://amzn.to/dm ^RG",delivery_delay_and_tracking,AUTO_HANDLE,Standard transit buffer; directed customer to official live tracking.
conv_amzn_00136,AmazonHelp,conv_amzn_00136,"@AmazonHelp The Instant Pot Duo I received has a ripped retail seal and looks like it was already used by someone else, but I paid for brand new!",Customer reaching out to @AmazonHelp regarding damaged or incorrect item.,"We apologize for this experience. We take new item guarantees seriously. Please go to Your Orders to request an exchange for an unopened replacement, or DM us if you need assistance: https://amzn.to/your-orders ^TB",damaged_or_incorrect_item,AUTO_HANDLE,Used-sold-as-new complaint; customer guided to instant exchange flow.
conv_amzn_00137,AmazonHelp,conv_amzn_00137,@AmazonHelp Prime Video keeps giving error code 5004 when playing movies on my LG WebOS TV. How do I fix this?,Customer reaching out to @AmazonHelp regarding digital services and devices.,"Error 5004 is typically resolved by restarting your device and router, or clearing the Prime Video app cache. You can find detailed troubleshooting steps here: https://amzn.to/prime-video-help ^RG",digital_services_and_devices,AUTO_HANDLE,Standard streaming cache/reboot troubleshooting steps.
conv_amzn_00138,AmazonHelp,conv_amzn_00138,"@AmazonHelp The Amazon app sent a notification saying my Instant Pot Duo was delivered to my front porch 60 minutes ago, but the porch is empty!",Customer reaching out to @AmazonHelp regarding missing or stolen package.,"Carriers sometimes scan packages just prior to walking up to the door. Please allow until the end of the day, and check with household members or side porches: https://amzn.to/find-missing. If still not found tomorrow, reach back out! ^AB",missing_or_stolen_package,AUTO_HANDLE,Scan occurred within past hour; standard buffer and safe spot search recommended.
conv_amzn_00139,AmazonHelp,conv_amzn_00139,@AmazonHelp Prime Video keeps giving error code 9074 when playing movies on my LG WebOS TV. How do I fix this?,Customer reaching out to @AmazonHelp regarding digital services and devices.,"Error 9074 is typically resolved by restarting your device and router, or clearing the Prime Video app cache. You can find detailed troubleshooting steps here: https://amzn.to/prime-video-help ^SJ",digital_services_and_devices,AUTO_HANDLE,Standard streaming cache/reboot troubleshooting steps.
conv_amzn_00140,AmazonHelp,conv_amzn_00140,"@AmazonHelp The Amazon app sent a notification saying my Ceramic Dinnerware Set was delivered to my front porch 15 minutes ago, but the porch is empty!",Customer reaching out to @AmazonHelp regarding missing or stolen package.,"Carriers sometimes scan packages just prior to walking up to the door. Please allow until the end of the day, and check with household members or side porches: https://amzn.to/find-missing. If still not found tomorrow, reach back out! ^AB",missing_or_stolen_package,AUTO_HANDLE,Scan occurred within past hour; standard buffer and safe spot search recommended.
conv_amzn_00141,AmazonHelp,conv_amzn_00141,"@AmazonHelp It has been 18 days since your return center acknowledged receipt of my #114-7828436-3447889, but my refund of $34.50 is still not issued. Where is my money?",Customer reaching out to @AmazonHelp regarding return and refund status.,We apologize for the delay. Eighteen days exceeds our normal processing timeline. Please send us a DM with your order number so a billing specialist can review the return status and manually release your refund: https://amzn.to/dm ^DL,return_and_refund_status,ESCALATE_TO_HUMAN,Refund overdue beyond standard SLA (>14 days); requires manual finance clearance.
conv_amzn_00142,AmazonHelp,conv_amzn_00142,"@AmazonHelp I was just charged $80.99 for Amazon Prime annual renewal today, but I forgot to cancel. Can I get a refund if I haven't used it?",Customer reaching out to @AmazonHelp regarding prime membership and billing.,"Yes! If you haven't used any Prime benefits since the renewal charge, you will automatically receive a full refund when you cancel at: https://amzn.to/manage-prime ^RG",prime_membership_and_billing,AUTO_HANDLE,Prorated/unused Prime auto-refund policy self-service guidance.
conv_amzn_00143,AmazonHelp,conv_amzn_00143,@AmazonHelp Delivery photo shows a completely different apartment number (169) and a red doormat. I live in unit 528 and don't have a red mat!,Customer reaching out to @AmazonHelp regarding missing or stolen package.,"We apologize for the misdelivery! Please send us a direct message with your order number so we can review the courier photo, verify your unit, and process an immediate replacement: https://amzn.to/dm ^DL",missing_or_stolen_package,ESCALATE_TO_HUMAN,Photographic proof of misdelivery to wrong unit; requires replacement authorization.
conv_amzn_00144,AmazonHelp,conv_amzn_00144,@AmazonHelp It has been 36 hours since my package #111-3593533-9920261 was marked delivered. I checked with neighbors and my building management. It is not here.,Customer reaching out to @AmazonHelp regarding missing or stolen package.,"Thank you for thoroughly checking around your property. Since 36 hours have passed, please DM us your order ID so our team can file a missing package claim and issue a replacement or refund: https://amzn.to/dm ^SJ",missing_or_stolen_package,ESCALATE_TO_HUMAN,Waiting window expired and parcel missing; requires human claims specialist.
conv_amzn_00145,AmazonHelp,conv_amzn_00145,@AmazonHelp My Fitbit Charge 6 arrived today but the packaging was crushed and the item is cracked in half! Do I have to send back broken glass?,Customer reaching out to @AmazonHelp regarding damaged or incorrect item.,We're very sorry your item arrived damaged! You do not need to ship back broken glass. Please visit Your Orders and select 'Return or replace items' to request a free replacement: https://amzn.to/your-orders. DM us if you need help: https://amzn.to/dm ^JW,damaged_or_incorrect_item,AUTO_HANDLE,Automated returns portal guidance for broken item replacement without hazardous return shipment.
conv_amzn_00146,AmazonHelp,conv_amzn_00146,"@AmazonHelp Tracking says 'Carrier picked up package' since Tuesday, but there have been no new updates for 4 days. Is my order #112-2199674-7834420 lost?",Customer reaching out to @AmazonHelp regarding delivery delay and tracking.,We understand your concern regarding the lack of tracking movement. Please send us a direct message with your order number and email address so we can initiate an investigation with the carrier: https://amzn.to/dm ^JW,delivery_delay_and_tracking,ESCALATE_TO_HUMAN,Carrier stall exceeding 48h SLA; requires human carrier tracing.
conv_amzn_00147,AmazonHelp,conv_amzn_00147,@AmazonHelp Order #114-1508064-3944346 contains urgent medical supplies for my family that was guaranteed yesterday. Where is the courier right now?,Customer reaching out to @AmazonHelp regarding delivery delay and tracking.,"We sincerely apologize for this critical delay. Given the urgency of these supplies, please DM us immediately so a priority dispatcher can coordinate with the local logistics hub: https://amzn.to/dm ^SJ",delivery_delay_and_tracking,ESCALATE_TO_HUMAN,Time-critical urgent medical delivery requiring priority dispatcher intervention.
conv_amzn_00148,AmazonHelp,conv_amzn_00148,@AmazonHelp I ordered a Ninja Air Fryer ($188.99) and you sent me a box of pack of socks! Order #113-9964615-7853630. This is a totally different item!,Customer reaching out to @AmazonHelp regarding damaged or incorrect item.,We sincerely apologize for this warehouse mix-up! Please DM us your order number so our fulfillment escalation team can investigate the inventory error and dispatch the correct item immediately: https://amzn.to/dm ^SJ,damaged_or_incorrect_item,ESCALATE_TO_HUMAN,Severe inventory mispick requiring warehouse audit and expedited replacement.
conv_amzn_00149,AmazonHelp,conv_amzn_00149,"@AmazonHelp The Amazon app sent a notification saying my Instant Pot Duo was delivered to my front porch 15 minutes ago, but the porch is empty!",Customer reaching out to @AmazonHelp regarding missing or stolen package.,"Carriers sometimes scan packages just prior to walking up to the door. Please allow until the end of the day, and check with household members or side porches: https://amzn.to/find-missing. If still not found tomorrow, reach back out! ^MK",missing_or_stolen_package,AUTO_HANDLE,Scan occurred within past hour; standard buffer and safe spot search recommended.
conv_amzn_00150,AmazonHelp,conv_amzn_00150,@AmazonHelp The return window for my Instant Pot Duo closed 3 days ago because I was hospitalized. Can an exception be made to return it?,Customer reaching out to @AmazonHelp regarding return and refund status.,"We hope you are recovering well. While the online return portal locks after the return window, please send us a DM with your order ID so a customer care supervisor can review your case for an exception: https://amzn.to/dm ^JW",return_and_refund_status,ESCALATE_TO_HUMAN,Policy exception request requiring human supervisor override.
conv_amzn_00151,AmazonHelp,conv_amzn_00151,"@AmazonHelp It has been 18 days since your return center acknowledged receipt of my #112-5015485-6119826, but my refund of $326.99 is still not issued. Where is my money?",Customer reaching out to @AmazonHelp regarding return and refund status.,We apologize for the delay. Eighteen days exceeds our normal processing timeline. Please send us a DM with your order number so a billing specialist can review the return status and manually release your refund: https://amzn.to/dm ^AB,return_and_refund_status,ESCALATE_TO_HUMAN,Refund overdue beyond standard SLA (>14 days); requires manual finance clearance.
conv_amzn_00152,AmazonHelp,conv_amzn_00152,@AmazonHelp I need an official tax invoice with VAT ID for my company purchase order #114-6958557-1874804.,Customer reaching out to @AmazonHelp regarding general product or policy inquiry.,You can download official tax invoices directly from Your Orders by clicking 'Invoice' on the order details page: https://amzn.to/your-orders ^SJ,general_product_or_policy_inquiry,AUTO_HANDLE,Self-service business invoice download guidance.
conv_amzn_00153,AmazonHelp,conv_amzn_00153,@AmazonHelp My Anker Portable Charger arrived today but the packaging was crushed and the item is cracked in half! Do I have to send back broken glass?,Customer reaching out to @AmazonHelp regarding damaged or incorrect item.,We're very sorry your item arrived damaged! You do not need to ship back broken glass. Please visit Your Orders and select 'Return or replace items' to request a free replacement: https://amzn.to/your-orders. DM us if you need help: https://amzn.to/dm ^SJ,damaged_or_incorrect_item,AUTO_HANDLE,Automated returns portal guidance for broken item replacement without hazardous return shipment.
conv_amzn_00154,AmazonHelp,conv_amzn_00154,"@AmazonHelp The Amazon app sent a notification saying my Apple AirPods Pro was delivered to my front porch 60 minutes ago, but the porch is empty!",Customer reaching out to @AmazonHelp regarding missing or stolen package.,"Carriers sometimes scan packages just prior to walking up to the door. Please allow until the end of the day, and check with household members or side porches: https://amzn.to/find-missing. If still not found tomorrow, reach back out! ^TB",missing_or_stolen_package,AUTO_HANDLE,Scan occurred within past hour; standard buffer and safe spot search recommended.
conv_amzn_00155,AmazonHelp,conv_amzn_00155,"@AmazonHelp My Kindle Paperwhite was promised for delivery by 5 PM today, but tracking shows it hasn't even left the facility. Order #111-6261219-5423800.",Customer reaching out to @AmazonHelp regarding delivery delay and tracking.,"We apologize for the delay! Carrier transit times can vary. You can view the most up-to-date tracking information here: https://amzn.to/track. If it doesn't arrive by tomorrow evening, please DM us with your order ID: https://amzn.to/dm ^JW",delivery_delay_and_tracking,AUTO_HANDLE,Standard transit buffer; directed customer to official live tracking.
conv_amzn_00156,AmazonHelp,conv_amzn_00156,@AmazonHelp Liquid soap bottle leaked inside the box and ruined the electronics (Ninja Air Fryer) that were shipped together in the same box!,Customer reaching out to @AmazonHelp regarding damaged or incorrect item.,We're so sorry for this shipping error! Please send us a direct message with photos of the damaged package and your order ID so we can issue a full replacement for all affected items: https://amzn.to/dm ^RG,damaged_or_incorrect_item,ESCALATE_TO_HUMAN,Cross-item hazardous spill damaging electronics; human damage assessment required.
conv_amzn_00157,AmazonHelp,conv_amzn_00157,"@AmazonHelp Tracking says 'Departed facility' since Thursday, but there have been no new updates for 4 days. Is my order #112-1562034-9126121 lost?",Customer reaching out to @AmazonHelp regarding delivery delay and tracking.,We understand your concern regarding the lack of tracking movement. Please send us a direct message with your order number and email address so we can initiate an investigation with the carrier: https://amzn.to/dm ^SJ,delivery_delay_and_tracking,ESCALATE_TO_HUMAN,Carrier stall exceeding 48h SLA; requires human carrier tracing.
conv_amzn_00158,AmazonHelp,conv_amzn_00158,@AmazonHelp I dropped off my return of Levi's Denim Jacket at The UPS Store on Saturday. When should I expect the refund to appear on my credit card?,Customer reaching out to @AmazonHelp regarding return and refund status.,"Once the return is received, refunds typically take 3 to 5 business days to process back to your original payment method. You can track refund progress under Your Orders: https://amzn.to/refund-status ^JW",return_and_refund_status,AUTO_HANDLE,Standard banking processing timeline explanation.
conv_amzn_00159,AmazonHelp,conv_amzn_00159,@AmazonHelp I ordered a Fitbit Charge 6 ($627.50) and you sent me a box of dog food! Order #112-9874482-4014877. This is a totally different item!,Customer reaching out to @AmazonHelp regarding damaged or incorrect item.,We sincerely apologize for this warehouse mix-up! Please DM us your order number so our fulfillment escalation team can investigate the inventory error and dispatch the correct item immediately: https://amzn.to/dm ^MK,damaged_or_incorrect_item,ESCALATE_TO_HUMAN,Severe inventory mispick requiring warehouse audit and expedited replacement.
conv_amzn_00160,AmazonHelp,conv_amzn_00160,@AmazonHelp I need an official tax invoice with VAT ID for my company purchase order #112-4476906-8162255.,Customer reaching out to @AmazonHelp regarding general product or policy inquiry.,You can download official tax invoices directly from Your Orders by clicking 'Invoice' on the order details page: https://amzn.to/your-orders ^MK,general_product_or_policy_inquiry,AUTO_HANDLE,Self-service business invoice download guidance.
conv_amzn_00161,AmazonHelp,conv_amzn_00161,"@AmazonHelp I was just charged $90.00 for Amazon Prime annual renewal today, but I forgot to cancel. Can I get a refund if I haven't used it?",Customer reaching out to @AmazonHelp regarding prime membership and billing.,"Yes! If you haven't used any Prime benefits since the renewal charge, you will automatically receive a full refund when you cancel at: https://amzn.to/manage-prime ^MK",prime_membership_and_billing,AUTO_HANDLE,Prorated/unused Prime auto-refund policy self-service guidance.
conv_amzn_00162,AmazonHelp,conv_amzn_00162,@AmazonHelp My Apple AirPods Pro arrived today but the packaging was crushed and the item is cracked in half! Do I have to send back broken glass?,Customer reaching out to @AmazonHelp regarding damaged or incorrect item.,We're very sorry your item arrived damaged! You do not need to ship back broken glass. Please visit Your Orders and select 'Return or replace items' to request a free replacement: https://amzn.to/your-orders. DM us if you need help: https://amzn.to/dm ^KL,damaged_or_incorrect_item,AUTO_HANDLE,Automated returns portal guidance for broken item replacement without hazardous return shipment.
conv_amzn_00163,AmazonHelp,conv_amzn_00163,@AmazonHelp It has been 36 hours since my package #112-8159555-9009917 was marked delivered. I checked with neighbors and my building management. It is not here.,Customer reaching out to @AmazonHelp regarding missing or stolen package.,"Thank you for thoroughly checking around your property. Since 36 hours have passed, please DM us your order ID so our team can file a missing package claim and issue a replacement or refund: https://amzn.to/dm ^RG",missing_or_stolen_package,ESCALATE_TO_HUMAN,Waiting window expired and parcel missing; requires human claims specialist.
conv_amzn_00164,AmazonHelp,conv_amzn_00164,@AmazonHelp The return window for my Dyson V8 Vacuum closed 3 days ago because I was hospitalized. Can an exception be made to return it?,Customer reaching out to @AmazonHelp regarding return and refund status.,"We hope you are recovering well. While the online return portal locks after the return window, please send us a DM with your order ID so a customer care supervisor can review your case for an exception: https://amzn.to/dm ^DL",return_and_refund_status,ESCALATE_TO_HUMAN,Policy exception request requiring human supervisor override.
conv_amzn_00165,AmazonHelp,conv_amzn_00165,@AmazonHelp I ordered a LEGO Star Wars Set ($241.99) and you sent me a box of cat litter! Order #111-1222702-6341818. This is a totally different item!,Customer reaching out to @AmazonHelp regarding damaged or incorrect item.,We sincerely apologize for this warehouse mix-up! Please DM us your order number so our fulfillment escalation team can investigate the inventory error and dispatch the correct item immediately: https://amzn.to/dm ^AB,damaged_or_incorrect_item,ESCALATE_TO_HUMAN,Severe inventory mispick requiring warehouse audit and expedited replacement.
conv_amzn_00166,AmazonHelp,conv_amzn_00166,@AmazonHelp Prime Video keeps giving error code 7031 when playing movies on my LG WebOS TV. How do I fix this?,Customer reaching out to @AmazonHelp regarding digital services and devices.,"Error 7031 is typically resolved by restarting your device and router, or clearing the Prime Video app cache. You can find detailed troubleshooting steps here: https://amzn.to/prime-video-help ^SJ",digital_services_and_devices,AUTO_HANDLE,Standard streaming cache/reboot troubleshooting steps.
conv_amzn_00167,AmazonHelp,conv_amzn_00167,@AmazonHelp Order #114-9565554-2493211 contains urgent medical supplies for my family that was guaranteed yesterday. Where is the courier right now?,Customer reaching out to @AmazonHelp regarding delivery delay and tracking.,"We sincerely apologize for this critical delay. Given the urgency of these supplies, please DM us immediately so a priority dispatcher can coordinate with the local logistics hub: https://amzn.to/dm ^TB",delivery_delay_and_tracking,ESCALATE_TO_HUMAN,Time-critical urgent medical delivery requiring priority dispatcher intervention.
conv_amzn_00168,AmazonHelp,conv_amzn_00168,@AmazonHelp Does Amazon Logistics deliver on Sundays in Atlanta? My tracking says arriving Sunday by 9pm.,Customer reaching out to @AmazonHelp regarding delivery delay and tracking.,"Yes! Amazon Logistics delivers 7 days a week, including Sundays in most metropolitan areas. You can follow the driver's stop countdown in the Amazon app once out for delivery: https://amzn.to/your-orders ^SJ",delivery_delay_and_tracking,AUTO_HANDLE,General Sunday delivery policy inquiry; answered directly.
conv_amzn_00169,AmazonHelp,conv_amzn_00169,"@AmazonHelp My Levi's Denim Jacket was promised for delivery by 2 PM today, but tracking shows it hasn't even left the facility. Order #112-8902067-2537859.",Customer reaching out to @AmazonHelp regarding delivery delay and tracking.,"We apologize for the delay! Carrier transit times can vary. You can view the most up-to-date tracking information here: https://amzn.to/track. If it doesn't arrive by tomorrow evening, please DM us with your order ID: https://amzn.to/dm ^SJ",delivery_delay_and_tracking,AUTO_HANDLE,Standard transit buffer; directed customer to official live tracking.
conv_amzn_00170,AmazonHelp,conv_amzn_00170,@AmazonHelp Liquid soap bottle leaked inside the box and ruined the electronics (Apple AirPods Pro) that were shipped together in the same box!,Customer reaching out to @AmazonHelp regarding damaged or incorrect item.,We're so sorry for this shipping error! Please send us a direct message with photos of the damaged package and your order ID so we can issue a full replacement for all affected items: https://amzn.to/dm ^RG,damaged_or_incorrect_item,ESCALATE_TO_HUMAN,Cross-item hazardous spill damaging electronics; human damage assessment required.
conv_amzn_00171,AmazonHelp,conv_amzn_00171,"@AmazonHelp Tracking says 'In Transit' since Friday, but there have been no new updates for 4 days. Is my order #111-1822456-7744046 lost?",Customer reaching out to @AmazonHelp regarding delivery delay and tracking.,We understand your concern regarding the lack of tracking movement. Please send us a direct message with your order number and email address so we can initiate an investigation with the carrier: https://amzn.to/dm ^AB,delivery_delay_and_tracking,ESCALATE_TO_HUMAN,Carrier stall exceeding 48h SLA; requires human carrier tracing.
conv_amzn_00172,AmazonHelp,conv_amzn_00172,"@AmazonHelp Tracking says 'Out for Delivery' since Wednesday, but there have been no new updates for 4 days. Is my order #112-7404434-8049561 lost?",Customer reaching out to @AmazonHelp regarding delivery delay and tracking.,We understand your concern regarding the lack of tracking movement. Please send us a direct message with your order number and email address so we can initiate an investigation with the carrier: https://amzn.to/dm ^MK,delivery_delay_and_tracking,ESCALATE_TO_HUMAN,Carrier stall exceeding 48h SLA; requires human carrier tracing.
conv_amzn_00173,AmazonHelp,conv_amzn_00173,"@AmazonHelp Tracking says 'In Transit' since Saturday, but there have been no new updates for 4 days. Is my order #112-1016321-8539765 lost?",Customer reaching out to @AmazonHelp regarding delivery delay and tracking.,We understand your concern regarding the lack of tracking movement. Please send us a direct message with your order number and email address so we can initiate an investigation with the carrier: https://amzn.to/dm ^DL,delivery_delay_and_tracking,ESCALATE_TO_HUMAN,Carrier stall exceeding 48h SLA; requires human carrier tracing.
conv_amzn_00174,AmazonHelp,conv_amzn_00174,@AmazonHelp Does Amazon Logistics deliver on Sundays in Boston? My tracking says arriving Sunday by 9pm.,Customer reaching out to @AmazonHelp regarding delivery delay and tracking.,"Yes! Amazon Logistics delivers 7 days a week, including Sundays in most metropolitan areas. You can follow the driver's stop countdown in the Amazon app once out for delivery: https://amzn.to/your-orders ^TB",delivery_delay_and_tracking,AUTO_HANDLE,General Sunday delivery policy inquiry; answered directly.
conv_amzn_00175,AmazonHelp,conv_amzn_00175,@AmazonHelp Liquid soap bottle leaked inside the box and ruined the electronics (Oral-B Electric Toothbrush) that were shipped together in the same box!,Customer reaching out to @AmazonHelp regarding damaged or incorrect item.,We're so sorry for this shipping error! Please send us a direct message with photos of the damaged package and your order ID so we can issue a full replacement for all affected items: https://amzn.to/dm ^JW,damaged_or_incorrect_item,ESCALATE_TO_HUMAN,Cross-item hazardous spill damaging electronics; human damage assessment required.
conv_amzn_00176,AmazonHelp,conv_amzn_00176,@AmazonHelp Order #113-1096864-3761269 contains urgent medical supplies for my family that was guaranteed yesterday. Where is the courier right now?,Customer reaching out to @AmazonHelp regarding delivery delay and tracking.,"We sincerely apologize for this critical delay. Given the urgency of these supplies, please DM us immediately so a priority dispatcher can coordinate with the local logistics hub: https://amzn.to/dm ^MK",delivery_delay_and_tracking,ESCALATE_TO_HUMAN,Time-critical urgent medical delivery requiring priority dispatcher intervention.
conv_amzn_00177,AmazonHelp,conv_amzn_00177,"@AmazonHelp My Levi's Denim Jacket was promised for delivery by 5 PM today, but tracking shows it hasn't even left the facility. Order #112-9703976-2965778.",Customer reaching out to @AmazonHelp regarding delivery delay and tracking.,"We apologize for the delay! Carrier transit times can vary. You can view the most up-to-date tracking information here: https://amzn.to/track. If it doesn't arrive by tomorrow evening, please DM us with your order ID: https://amzn.to/dm ^KL",delivery_delay_and_tracking,AUTO_HANDLE,Standard transit buffer; directed customer to official live tracking.
conv_amzn_00178,AmazonHelp,conv_amzn_00178,"@AmazonHelp The Ninja Air Fryer I received has a ripped retail seal and looks like it was already used by someone else, but I paid for brand new!",Customer reaching out to @AmazonHelp regarding damaged or incorrect item.,"We apologize for this experience. We take new item guarantees seriously. Please go to Your Orders to request an exchange for an unopened replacement, or DM us if you need assistance: https://amzn.to/your-orders ^MK",damaged_or_incorrect_item,AUTO_HANDLE,Used-sold-as-new complaint; customer guided to instant exchange flow.
conv_amzn_00179,AmazonHelp,conv_amzn_00179,@AmazonHelp It has been 36 hours since my package #113-4073120-4542877 was marked delivered. I checked with neighbors and my building management. It is not here.,Customer reaching out to @AmazonHelp regarding missing or stolen package.,"Thank you for thoroughly checking around your property. Since 36 hours have passed, please DM us your order ID so our team can file a missing package claim and issue a replacement or refund: https://amzn.to/dm ^TB",missing_or_stolen_package,ESCALATE_TO_HUMAN,Waiting window expired and parcel missing; requires human claims specialist.
conv_amzn_00180,AmazonHelp,conv_amzn_00180,"@AmazonHelp My Samsung 55-inch OLED TV was promised for delivery by 8 PM today, but tracking shows it hasn't even left the facility. Order #114-9426720-8183057.",Customer reaching out to @AmazonHelp regarding delivery delay and tracking.,"We apologize for the delay! Carrier transit times can vary. You can view the most up-to-date tracking information here: https://amzn.to/track. If it doesn't arrive by tomorrow evening, please DM us with your order ID: https://amzn.to/dm ^MK",delivery_delay_and_tracking,AUTO_HANDLE,Standard transit buffer; directed customer to official live tracking.
conv_amzn_00181,AmazonHelp,conv_amzn_00181,@AmazonHelp The return window for my Anker Portable Charger closed 3 days ago because I was hospitalized. Can an exception be made to return it?,Customer reaching out to @AmazonHelp regarding return and refund status.,"We hope you are recovering well. While the online return portal locks after the return window, please send us a DM with your order ID so a customer care supervisor can review your case for an exception: https://amzn.to/dm ^JW",return_and_refund_status,ESCALATE_TO_HUMAN,Policy exception request requiring human supervisor override.
conv_amzn_00182,AmazonHelp,conv_amzn_00182,@AmazonHelp Delivery photo shows a completely different apartment number (592) and a red doormat. I live in unit 532 and don't have a red mat!,Customer reaching out to @AmazonHelp regarding missing or stolen package.,"We apologize for the misdelivery! Please send us a direct message with your order number so we can review the courier photo, verify your unit, and process an immediate replacement: https://amzn.to/dm ^KL",missing_or_stolen_package,ESCALATE_TO_HUMAN,Photographic proof of misdelivery to wrong unit; requires replacement authorization.
conv_amzn_00183,AmazonHelp,conv_amzn_00183,"@AmazonHelp It has been 18 days since your return center acknowledged receipt of my #112-7258893-2049933, but my refund of $52.50 is still not issued. Where is my money?",Customer reaching out to @AmazonHelp regarding return and refund status.,We apologize for the delay. Eighteen days exceeds our normal processing timeline. Please send us a DM with your order number so a billing specialist can review the return status and manually release your refund: https://amzn.to/dm ^MK,return_and_refund_status,ESCALATE_TO_HUMAN,Refund overdue beyond standard SLA (>14 days); requires manual finance clearance.
conv_amzn_00184,AmazonHelp,conv_amzn_00184,@AmazonHelp It has been 36 hours since my package #112-4474326-7564274 was marked delivered. I checked with neighbors and my building management. It is not here.,Customer reaching out to @AmazonHelp regarding missing or stolen package.,"Thank you for thoroughly checking around your property. Since 36 hours have passed, please DM us your order ID so our team can file a missing package claim and issue a replacement or refund: https://amzn.to/dm ^SJ",missing_or_stolen_package,ESCALATE_TO_HUMAN,Waiting window expired and parcel missing; requires human claims specialist.
conv_amzn_00185,AmazonHelp,conv_amzn_00185,@AmazonHelp I ordered a Anker Portable Charger ($243.00) and you sent me a box of pack of socks! Order #113-5090354-9500609. This is a totally different item!,Customer reaching out to @AmazonHelp regarding damaged or incorrect item.,We sincerely apologize for this warehouse mix-up! Please DM us your order number so our fulfillment escalation team can investigate the inventory error and dispatch the correct item immediately: https://amzn.to/dm ^SJ,damaged_or_incorrect_item,ESCALATE_TO_HUMAN,Severe inventory mispick requiring warehouse audit and expedited replacement.
conv_amzn_00186,AmazonHelp,conv_amzn_00186,@AmazonHelp I ordered a Dyson V8 Vacuum ($64.99) and you sent me a box of pack of socks! Order #112-1598650-9997597. This is a totally different item!,Customer reaching out to @AmazonHelp regarding damaged or incorrect item.,We sincerely apologize for this warehouse mix-up! Please DM us your order number so our fulfillment escalation team can investigate the inventory error and dispatch the correct item immediately: https://amzn.to/dm ^SJ,damaged_or_incorrect_item,ESCALATE_TO_HUMAN,Severe inventory mispick requiring warehouse audit and expedited replacement.
conv_amzn_00187,AmazonHelp,conv_amzn_00187,@AmazonHelp Delivery photo shows a completely different apartment number (230) and a red doormat. I live in unit 393 and don't have a red mat!,Customer reaching out to @AmazonHelp regarding missing or stolen package.,"We apologize for the misdelivery! Please send us a direct message with your order number so we can review the courier photo, verify your unit, and process an immediate replacement: https://amzn.to/dm ^AB",missing_or_stolen_package,ESCALATE_TO_HUMAN,Photographic proof of misdelivery to wrong unit; requires replacement authorization.
conv_amzn_00188,AmazonHelp,conv_amzn_00188,"@AmazonHelp My Dyson V8 Vacuum was promised for delivery by 9 PM today, but tracking shows it hasn't even left the facility. Order #111-9183724-3027170.",Customer reaching out to @AmazonHelp regarding delivery delay and tracking.,"We apologize for the delay! Carrier transit times can vary. You can view the most up-to-date tracking information here: https://amzn.to/track. If it doesn't arrive by tomorrow evening, please DM us with your order ID: https://amzn.to/dm ^RG",delivery_delay_and_tracking,AUTO_HANDLE,Standard transit buffer; directed customer to official live tracking.
conv_amzn_00189,AmazonHelp,conv_amzn_00189,@AmazonHelp Prime Video keeps giving error code 1060 when playing movies on my Apple TV. How do I fix this?,Customer reaching out to @AmazonHelp regarding digital services and devices.,"Error 1060 is typically resolved by restarting your device and router, or clearing the Prime Video app cache. You can find detailed troubleshooting steps here: https://amzn.to/prime-video-help ^DL",digital_services_and_devices,AUTO_HANDLE,Standard streaming cache/reboot troubleshooting steps.
conv_amzn_00190,AmazonHelp,conv_amzn_00190,@AmazonHelp It has been 36 hours since my package #113-7953124-7899507 was marked delivered. I checked with neighbors and my building management. It is not here.,Customer reaching out to @AmazonHelp regarding missing or stolen package.,"Thank you for thoroughly checking around your property. Since 36 hours have passed, please DM us your order ID so our team can file a missing package claim and issue a replacement or refund: https://amzn.to/dm ^SJ",missing_or_stolen_package,ESCALATE_TO_HUMAN,Waiting window expired and parcel missing; requires human claims specialist.
conv_amzn_00191,AmazonHelp,conv_amzn_00191,@AmazonHelp I need an official tax invoice with VAT ID for my company purchase order #114-8907033-5878076.,Customer reaching out to @AmazonHelp regarding general product or policy inquiry.,You can download official tax invoices directly from Your Orders by clicking 'Invoice' on the order details page: https://amzn.to/your-orders ^DL,general_product_or_policy_inquiry,AUTO_HANDLE,Self-service business invoice download guidance.
conv_amzn_00192,AmazonHelp,conv_amzn_00192,@AmazonHelp I ordered a Ceramic Dinnerware Set ($595.50) and you sent me a box of pack of socks! Order #111-4284591-9577195. This is a totally different item!,Customer reaching out to @AmazonHelp regarding damaged or incorrect item.,We sincerely apologize for this warehouse mix-up! Please DM us your order number so our fulfillment escalation team can investigate the inventory error and dispatch the correct item immediately: https://amzn.to/dm ^RG,damaged_or_incorrect_item,ESCALATE_TO_HUMAN,Severe inventory mispick requiring warehouse audit and expedited replacement.
conv_amzn_00193,AmazonHelp,conv_amzn_00193,@AmazonHelp Liquid soap bottle leaked inside the box and ruined the electronics (Keurig Coffee Maker) that were shipped together in the same box!,Customer reaching out to @AmazonHelp regarding damaged or incorrect item.,We're so sorry for this shipping error! Please send us a direct message with photos of the damaged package and your order ID so we can issue a full replacement for all affected items: https://amzn.to/dm ^SJ,damaged_or_incorrect_item,ESCALATE_TO_HUMAN,Cross-item hazardous spill damaging electronics; human damage assessment required.
conv_amzn_00194,AmazonHelp,conv_amzn_00194,"@AmazonHelp Driver marked package attempted because they couldn't access the building gate, but no one buzzed my apartment 313!",Customer reaching out to @AmazonHelp regarding delivery delay and tracking.,"We're sorry for the inconvenience! Drivers will automatically re-attempt delivery on the next business day. You can add permanent gate codes in Your Account > Addresses: https://amzn.to/delivery-instructions. If urgent, DM us: https://amzn.to/dm ^AB",delivery_delay_and_tracking,AUTO_HANDLE,Gate access issue; self-service delivery instruction update provided.
conv_amzn_00195,AmazonHelp,conv_amzn_00195,@AmazonHelp I need an official tax invoice with VAT ID for my company purchase order #111-9342145-7632544.,Customer reaching out to @AmazonHelp regarding general product or policy inquiry.,You can download official tax invoices directly from Your Orders by clicking 'Invoice' on the order details page: https://amzn.to/your-orders ^RG,general_product_or_policy_inquiry,AUTO_HANDLE,Self-service business invoice download guidance.
conv_amzn_00196,AmazonHelp,conv_amzn_00196,@AmazonHelp Prime Video keeps giving error code 5004 when playing movies on my Apple TV. How do I fix this?,Customer reaching out to @AmazonHelp regarding digital services and devices.,"Error 5004 is typically resolved by restarting your device and router, or clearing the Prime Video app cache. You can find detailed troubleshooting steps here: https://amzn.to/prime-video-help ^SJ",digital_services_and_devices,AUTO_HANDLE,Standard streaming cache/reboot troubleshooting steps.
conv_amzn_00197,AmazonHelp,conv_amzn_00197,"@AmazonHelp I was just charged $83.99 for Amazon Prime annual renewal today, but I forgot to cancel. Can I get a refund if I haven't used it?",Customer reaching out to @AmazonHelp regarding prime membership and billing.,"Yes! If you haven't used any Prime benefits since the renewal charge, you will automatically receive a full refund when you cancel at: https://amzn.to/manage-prime ^KL",prime_membership_and_billing,AUTO_HANDLE,Prorated/unused Prime auto-refund policy self-service guidance.
conv_amzn_00198,AmazonHelp,conv_amzn_00198,@AmazonHelp Order #113-7961283-4671069 contains urgent medical supplies for my family that was guaranteed yesterday. Where is the courier right now?,Customer reaching out to @AmazonHelp regarding delivery delay and tracking.,"We sincerely apologize for this critical delay. Given the urgency of these supplies, please DM us immediately so a priority dispatcher can coordinate with the local logistics hub: https://amzn.to/dm ^DL",delivery_delay_and_tracking,ESCALATE_TO_HUMAN,Time-critical urgent medical delivery requiring priority dispatcher intervention.
conv_amzn_00199,AmazonHelp,conv_amzn_00199,@AmazonHelp I ordered a Ninja Air Fryer ($84.00) and you sent me a box of cat litter! Order #111-9543593-9605266. This is a totally different item!,Customer reaching out to @AmazonHelp regarding damaged or incorrect item.,We sincerely apologize for this warehouse mix-up! Please DM us your order number so our fulfillment escalation team can investigate the inventory error and dispatch the correct item immediately: https://amzn.to/dm ^JW,damaged_or_incorrect_item,ESCALATE_TO_HUMAN,Severe inventory mispick requiring warehouse audit and expedited replacement.
conv_amzn_00200,AmazonHelp,conv_amzn_00200,@AmazonHelp I need an official tax invoice with VAT ID for my company purchase order #112-5132432-6872238.,Customer reaching out to @AmazonHelp regarding general product or policy inquiry.,You can download official tax invoices directly from Your Orders by clicking 'Invoice' on the order details page: https://amzn.to/your-orders ^KL,general_product_or_policy_inquiry,AUTO_HANDLE,Self-service business invoice download guidance.
conv_amzn_00201,AmazonHelp,conv_amzn_00201,"@AmazonHelp Tracking says 'Carrier picked up package' since Wednesday, but there have been no new updates for 4 days. Is my order #113-6648096-1352958 lost?",Customer reaching out to @AmazonHelp regarding delivery delay and tracking.,We understand your concern regarding the lack of tracking movement. Please send us a direct message with your order number and email address so we can initiate an investigation with the carrier: https://amzn.to/dm ^RG,delivery_delay_and_tracking,ESCALATE_TO_HUMAN,Carrier stall exceeding 48h SLA; requires human carrier tracing.
conv_amzn_00202,AmazonHelp,conv_amzn_00202,"@AmazonHelp I was just charged $422.99 for Amazon Prime annual renewal today, but I forgot to cancel. Can I get a refund if I haven't used it?",Customer reaching out to @AmazonHelp regarding prime membership and billing.,"Yes! If you haven't used any Prime benefits since the renewal charge, you will automatically receive a full refund when you cancel at: https://amzn.to/manage-prime ^KL",prime_membership_and_billing,AUTO_HANDLE,Prorated/unused Prime auto-refund policy self-service guidance.
conv_amzn_00203,AmazonHelp,conv_amzn_00203,@AmazonHelp I ordered a Levi's Denim Jacket ($22.99) and you sent me a box of cat litter! Order #111-7808867-1054541. This is a totally different item!,Customer reaching out to @AmazonHelp regarding damaged or incorrect item.,We sincerely apologize for this warehouse mix-up! Please DM us your order number so our fulfillment escalation team can investigate the inventory error and dispatch the correct item immediately: https://amzn.to/dm ^DL,damaged_or_incorrect_item,ESCALATE_TO_HUMAN,Severe inventory mispick requiring warehouse audit and expedited replacement.
conv_amzn_00204,AmazonHelp,conv_amzn_00204,@AmazonHelp I ordered a Oral-B Electric Toothbrush ($30.50) and you sent me a box of cat litter! Order #111-4096671-8708446. This is a totally different item!,Customer reaching out to @AmazonHelp regarding damaged or incorrect item.,We sincerely apologize for this warehouse mix-up! Please DM us your order number so our fulfillment escalation team can investigate the inventory error and dispatch the correct item immediately: https://amzn.to/dm ^SJ,damaged_or_incorrect_item,ESCALATE_TO_HUMAN,Severe inventory mispick requiring warehouse audit and expedited replacement.
conv_amzn_00205,AmazonHelp,conv_amzn_00205,"@AmazonHelp The Amazon app sent a notification saying my Fitbit Charge 6 was delivered to my front porch 15 minutes ago, but the porch is empty!",Customer reaching out to @AmazonHelp regarding missing or stolen package.,"Carriers sometimes scan packages just prior to walking up to the door. Please allow until the end of the day, and check with household members or side porches: https://amzn.to/find-missing. If still not found tomorrow, reach back out! ^AB",missing_or_stolen_package,AUTO_HANDLE,Scan occurred within past hour; standard buffer and safe spot search recommended.
conv_amzn_00206,AmazonHelp,conv_amzn_00206,@AmazonHelp The return window for my Apple AirPods Pro closed 3 days ago because I was hospitalized. Can an exception be made to return it?,Customer reaching out to @AmazonHelp regarding return and refund status.,"We hope you are recovering well. While the online return portal locks after the return window, please send us a DM with your order ID so a customer care supervisor can review your case for an exception: https://amzn.to/dm ^KL",return_and_refund_status,ESCALATE_TO_HUMAN,Policy exception request requiring human supervisor override.
conv_amzn_00207,AmazonHelp,conv_amzn_00207,@AmazonHelp Liquid soap bottle leaked inside the box and ruined the electronics (Fitbit Charge 6) that were shipped together in the same box!,Customer reaching out to @AmazonHelp regarding damaged or incorrect item.,We're so sorry for this shipping error! Please send us a direct message with photos of the damaged package and your order ID so we can issue a full replacement for all affected items: https://amzn.to/dm ^AB,damaged_or_incorrect_item,ESCALATE_TO_HUMAN,Cross-item hazardous spill damaging electronics; human damage assessment required.
conv_amzn_00208,AmazonHelp,conv_amzn_00208,@AmazonHelp My Keurig Coffee Maker arrived today but the packaging was crushed and the item is cracked in half! Do I have to send back broken glass?,Customer reaching out to @AmazonHelp regarding damaged or incorrect item.,We're very sorry your item arrived damaged! You do not need to ship back broken glass. Please visit Your Orders and select 'Return or replace items' to request a free replacement: https://amzn.to/your-orders. DM us if you need help: https://amzn.to/dm ^AB,damaged_or_incorrect_item,AUTO_HANDLE,Automated returns portal guidance for broken item replacement without hazardous return shipment.
conv_amzn_00209,AmazonHelp,conv_amzn_00209,@AmazonHelp I ordered a Keurig Coffee Maker ($375.00) and you sent me a box of cat litter! Order #113-1973637-2787306. This is a totally different item!,Customer reaching out to @AmazonHelp regarding damaged or incorrect item.,We sincerely apologize for this warehouse mix-up! Please DM us your order number so our fulfillment escalation team can investigate the inventory error and dispatch the correct item immediately: https://amzn.to/dm ^AB,damaged_or_incorrect_item,ESCALATE_TO_HUMAN,Severe inventory mispick requiring warehouse audit and expedited replacement.
conv_amzn_00210,AmazonHelp,conv_amzn_00210,@AmazonHelp I dropped off my return of Levi's Denim Jacket at Whole Foods Market customer desk on Tuesday. When should I expect the refund to appear on my credit card?,Customer reaching out to @AmazonHelp regarding return and refund status.,"Once the return is received, refunds typically take 3 to 5 business days to process back to your original payment method. You can track refund progress under Your Orders: https://amzn.to/refund-status ^AB",return_and_refund_status,AUTO_HANDLE,Standard banking processing timeline explanation.
conv_amzn_00211,AmazonHelp,conv_amzn_00211,@AmazonHelp Order #114-6847237-4925878 contains urgent medical supplies for my family that was guaranteed yesterday. Where is the courier right now?,Customer reaching out to @AmazonHelp regarding delivery delay and tracking.,"We sincerely apologize for this critical delay. Given the urgency of these supplies, please DM us immediately so a priority dispatcher can coordinate with the local logistics hub: https://amzn.to/dm ^RG",delivery_delay_and_tracking,ESCALATE_TO_HUMAN,Time-critical urgent medical delivery requiring priority dispatcher intervention.
conv_amzn_00212,AmazonHelp,conv_amzn_00212,@AmazonHelp I dropped off my return of Keurig Coffee Maker at Kohl's Drop-off on Monday. When should I expect the refund to appear on my credit card?,Customer reaching out to @AmazonHelp regarding return and refund status.,"Once the return is received, refunds typically take 3 to 5 business days to process back to your original payment method. You can track refund progress under Your Orders: https://amzn.to/refund-status ^AB",return_and_refund_status,AUTO_HANDLE,Standard banking processing timeline explanation.
conv_amzn_00213,AmazonHelp,conv_amzn_00213,"@AmazonHelp My Fitbit Charge 6 was promised for delivery by 8 PM today, but tracking shows it hasn't even left the facility. Order #113-1130898-9390079.",Customer reaching out to @AmazonHelp regarding delivery delay and tracking.,"We apologize for the delay! Carrier transit times can vary. You can view the most up-to-date tracking information here: https://amzn.to/track. If it doesn't arrive by tomorrow evening, please DM us with your order ID: https://amzn.to/dm ^TB",delivery_delay_and_tracking,AUTO_HANDLE,Standard transit buffer; directed customer to official live tracking.
conv_amzn_00214,AmazonHelp,conv_amzn_00214,@AmazonHelp I need an official tax invoice with VAT ID for my company purchase order #113-9287368-9195155.,Customer reaching out to @AmazonHelp regarding general product or policy inquiry.,You can download official tax invoices directly from Your Orders by clicking 'Invoice' on the order details page: https://amzn.to/your-orders ^JW,general_product_or_policy_inquiry,AUTO_HANDLE,Self-service business invoice download guidance.
conv_amzn_00215,AmazonHelp,conv_amzn_00215,@AmazonHelp It has been 36 hours since my package #114-2502140-3883146 was marked delivered. I checked with neighbors and my building management. It is not here.,Customer reaching out to @AmazonHelp regarding missing or stolen package.,"Thank you for thoroughly checking around your property. Since 36 hours have passed, please DM us your order ID so our team can file a missing package claim and issue a replacement or refund: https://amzn.to/dm ^MK",missing_or_stolen_package,ESCALATE_TO_HUMAN,Waiting window expired and parcel missing; requires human claims specialist.
conv_amzn_00216,AmazonHelp,conv_amzn_00216,"@AmazonHelp Driver marked package attempted because they couldn't access the building gate, but no one buzzed my apartment 860!",Customer reaching out to @AmazonHelp regarding delivery delay and tracking.,"We're sorry for the inconvenience! Drivers will automatically re-attempt delivery on the next business day. You can add permanent gate codes in Your Account > Addresses: https://amzn.to/delivery-instructions. If urgent, DM us: https://amzn.to/dm ^TB",delivery_delay_and_tracking,AUTO_HANDLE,Gate access issue; self-service delivery instruction update provided.
conv_amzn_00217,AmazonHelp,conv_amzn_00217,"@AmazonHelp It has been 18 days since your return center acknowledged receipt of my #113-1866457-9907888, but my refund of $24.99 is still not issued. Where is my money?",Customer reaching out to @AmazonHelp regarding return and refund status.,We apologize for the delay. Eighteen days exceeds our normal processing timeline. Please send us a DM with your order number so a billing specialist can review the return status and manually release your refund: https://amzn.to/dm ^KL,return_and_refund_status,ESCALATE_TO_HUMAN,Refund overdue beyond standard SLA (>14 days); requires manual finance clearance.
conv_amzn_00218,AmazonHelp,conv_amzn_00218,@AmazonHelp I ordered a Dyson V8 Vacuum ($231.99) and you sent me a box of dog food! Order #113-3308725-1507457. This is a totally different item!,Customer reaching out to @AmazonHelp regarding damaged or incorrect item.,We sincerely apologize for this warehouse mix-up! Please DM us your order number so our fulfillment escalation team can investigate the inventory error and dispatch the correct item immediately: https://amzn.to/dm ^KL,damaged_or_incorrect_item,ESCALATE_TO_HUMAN,Severe inventory mispick requiring warehouse audit and expedited replacement.
conv_amzn_00219,AmazonHelp,conv_amzn_00219,@AmazonHelp It has been 36 hours since my package #114-6520473-6224184 was marked delivered. I checked with neighbors and my building management. It is not here.,Customer reaching out to @AmazonHelp regarding missing or stolen package.,"Thank you for thoroughly checking around your property. Since 36 hours have passed, please DM us your order ID so our team can file a missing package claim and issue a replacement or refund: https://amzn.to/dm ^DL",missing_or_stolen_package,ESCALATE_TO_HUMAN,Waiting window expired and parcel missing; requires human claims specialist.
conv_amzn_00220,AmazonHelp,conv_amzn_00220,@AmazonHelp It has been 36 hours since my package #112-7734818-3561634 was marked delivered. I checked with neighbors and my building management. It is not here.,Customer reaching out to @AmazonHelp regarding missing or stolen package.,"Thank you for thoroughly checking around your property. Since 36 hours have passed, please DM us your order ID so our team can file a missing package claim and issue a replacement or refund: https://amzn.to/dm ^AB",missing_or_stolen_package,ESCALATE_TO_HUMAN,Waiting window expired and parcel missing; requires human claims specialist.
conv_amzn_00221,AmazonHelp,conv_amzn_00221,"@AmazonHelp Tracking says 'In Transit' since Thursday, but there have been no new updates for 4 days. Is my order #113-8468246-8560374 lost?",Customer reaching out to @AmazonHelp regarding delivery delay and tracking.,We understand your concern regarding the lack of tracking movement. Please send us a direct message with your order number and email address so we can initiate an investigation with the carrier: https://amzn.to/dm ^TB,delivery_delay_and_tracking,ESCALATE_TO_HUMAN,Carrier stall exceeding 48h SLA; requires human carrier tracing.
conv_amzn_00222,AmazonHelp,conv_amzn_00222,@AmazonHelp Order #114-5192345-2340244 contains urgent medical supplies for my family that was guaranteed yesterday. Where is the courier right now?,Customer reaching out to @AmazonHelp regarding delivery delay and tracking.,"We sincerely apologize for this critical delay. Given the urgency of these supplies, please DM us immediately so a priority dispatcher can coordinate with the local logistics hub: https://amzn.to/dm ^JW",delivery_delay_and_tracking,ESCALATE_TO_HUMAN,Time-critical urgent medical delivery requiring priority dispatcher intervention.
conv_amzn_00223,AmazonHelp,conv_amzn_00223,"@AmazonHelp I was just charged $527.99 for Amazon Prime annual renewal today, but I forgot to cancel. Can I get a refund if I haven't used it?",Customer reaching out to @AmazonHelp regarding prime membership and billing.,"Yes! If you haven't used any Prime benefits since the renewal charge, you will automatically receive a full refund when you cancel at: https://amzn.to/manage-prime ^RG",prime_membership_and_billing,AUTO_HANDLE,Prorated/unused Prime auto-refund policy self-service guidance.
conv_amzn_00224,AmazonHelp,conv_amzn_00224,@AmazonHelp My Samsung 55-inch OLED TV arrived today but the packaging was crushed and the item is cracked in half! Do I have to send back broken glass?,Customer reaching out to @AmazonHelp regarding damaged or incorrect item.,We're very sorry your item arrived damaged! You do not need to ship back broken glass. Please visit Your Orders and select 'Return or replace items' to request a free replacement: https://amzn.to/your-orders. DM us if you need help: https://amzn.to/dm ^SJ,damaged_or_incorrect_item,AUTO_HANDLE,Automated returns portal guidance for broken item replacement without hazardous return shipment.
conv_amzn_00225,AmazonHelp,conv_amzn_00225,"@AmazonHelp The Amazon app sent a notification saying my Logitech Wireless Mouse was delivered to my front porch 45 minutes ago, but the porch is empty!",Customer reaching out to @AmazonHelp regarding missing or stolen package.,"Carriers sometimes scan packages just prior to walking up to the door. Please allow until the end of the day, and check with household members or side porches: https://amzn.to/find-missing. If still not found tomorrow, reach back out! ^DL",missing_or_stolen_package,AUTO_HANDLE,Scan occurred within past hour; standard buffer and safe spot search recommended.
conv_amzn_00226,AmazonHelp,conv_amzn_00226,@AmazonHelp I dropped off my return of Apple AirPods Pro at Whole Foods Market customer desk on Monday. When should I expect the refund to appear on my credit card?,Customer reaching out to @AmazonHelp regarding return and refund status.,"Once the return is received, refunds typically take 3 to 5 business days to process back to your original payment method. You can track refund progress under Your Orders: https://amzn.to/refund-status ^DL",return_and_refund_status,AUTO_HANDLE,Standard banking processing timeline explanation.
conv_amzn_00227,AmazonHelp,conv_amzn_00227,"@AmazonHelp It has been 18 days since your return center acknowledged receipt of my #112-7707633-9965122, but my refund of $336.00 is still not issued. Where is my money?",Customer reaching out to @AmazonHelp regarding return and refund status.,We apologize for the delay. Eighteen days exceeds our normal processing timeline. Please send us a DM with your order number so a billing specialist can review the return status and manually release your refund: https://amzn.to/dm ^DL,return_and_refund_status,ESCALATE_TO_HUMAN,Refund overdue beyond standard SLA (>14 days); requires manual finance clearance.
conv_amzn_00228,AmazonHelp,conv_amzn_00228,"@AmazonHelp Driver marked package attempted because they couldn't access the building gate, but no one buzzed my apartment 186!",Customer reaching out to @AmazonHelp regarding delivery delay and tracking.,"We're sorry for the inconvenience! Drivers will automatically re-attempt delivery on the next business day. You can add permanent gate codes in Your Account > Addresses: https://amzn.to/delivery-instructions. If urgent, DM us: https://amzn.to/dm ^MK",delivery_delay_and_tracking,AUTO_HANDLE,Gate access issue; self-service delivery instruction update provided.
conv_amzn_00229,AmazonHelp,conv_amzn_00229,"@AmazonHelp I was just charged $22.00 for Amazon Prime annual renewal today, but I forgot to cancel. Can I get a refund if I haven't used it?",Customer reaching out to @AmazonHelp regarding prime membership and billing.,"Yes! If you haven't used any Prime benefits since the renewal charge, you will automatically receive a full refund when you cancel at: https://amzn.to/manage-prime ^DL",prime_membership_and_billing,AUTO_HANDLE,Prorated/unused Prime auto-refund policy self-service guidance.
conv_amzn_00230,AmazonHelp,conv_amzn_00230,@AmazonHelp I need an official tax invoice with VAT ID for my company purchase order #113-9079049-1267436.,Customer reaching out to @AmazonHelp regarding general product or policy inquiry.,You can download official tax invoices directly from Your Orders by clicking 'Invoice' on the order details page: https://amzn.to/your-orders ^MK,general_product_or_policy_inquiry,AUTO_HANDLE,Self-service business invoice download guidance.
conv_amzn_00231,AmazonHelp,conv_amzn_00231,@AmazonHelp Delivery photo shows a completely different apartment number (471) and a red doormat. I live in unit 205 and don't have a red mat!,Customer reaching out to @AmazonHelp regarding missing or stolen package.,"We apologize for the misdelivery! Please send us a direct message with your order number so we can review the courier photo, verify your unit, and process an immediate replacement: https://amzn.to/dm ^SJ",missing_or_stolen_package,ESCALATE_TO_HUMAN,Photographic proof of misdelivery to wrong unit; requires replacement authorization.
conv_amzn_00232,AmazonHelp,conv_amzn_00232,"@AmazonHelp Tracking says 'Carrier picked up package' since Saturday, but there have been no new updates for 4 days. Is my order #111-7484597-4077639 lost?",Customer reaching out to @AmazonHelp regarding delivery delay and tracking.,We understand your concern regarding the lack of tracking movement. Please send us a direct message with your order number and email address so we can initiate an investigation with the carrier: https://amzn.to/dm ^MK,delivery_delay_and_tracking,ESCALATE_TO_HUMAN,Carrier stall exceeding 48h SLA; requires human carrier tracing.
conv_amzn_00233,AmazonHelp,conv_amzn_00233,"@AmazonHelp I was just charged $521.99 for Amazon Prime annual renewal today, but I forgot to cancel. Can I get a refund if I haven't used it?",Customer reaching out to @AmazonHelp regarding prime membership and billing.,"Yes! If you haven't used any Prime benefits since the renewal charge, you will automatically receive a full refund when you cancel at: https://amzn.to/manage-prime ^DL",prime_membership_and_billing,AUTO_HANDLE,Prorated/unused Prime auto-refund policy self-service guidance.
conv_amzn_00234,AmazonHelp,conv_amzn_00234,"@AmazonHelp My Keurig Coffee Maker was promised for delivery by 9 PM today, but tracking shows it hasn't even left the facility. Order #111-3059317-5905712.",Customer reaching out to @AmazonHelp regarding delivery delay and tracking.,"We apologize for the delay! Carrier transit times can vary. You can view the most up-to-date tracking information here: https://amzn.to/track. If it doesn't arrive by tomorrow evening, please DM us with your order ID: https://amzn.to/dm ^DL",delivery_delay_and_tracking,AUTO_HANDLE,Standard transit buffer; directed customer to official live tracking.
conv_amzn_00235,AmazonHelp,conv_amzn_00235,"@AmazonHelp Driver marked package attempted because they couldn't access the building gate, but no one buzzed my apartment 395!",Customer reaching out to @AmazonHelp regarding delivery delay and tracking.,"We're sorry for the inconvenience! Drivers will automatically re-attempt delivery on the next business day. You can add permanent gate codes in Your Account > Addresses: https://amzn.to/delivery-instructions. If urgent, DM us: https://amzn.to/dm ^KL",delivery_delay_and_tracking,AUTO_HANDLE,Gate access issue; self-service delivery instruction update provided.
conv_amzn_00236,AmazonHelp,conv_amzn_00236,"@AmazonHelp It has been 18 days since your return center acknowledged receipt of my #111-5982266-8766464, but my refund of $296.00 is still not issued. Where is my money?",Customer reaching out to @AmazonHelp regarding return and refund status.,We apologize for the delay. Eighteen days exceeds our normal processing timeline. Please send us a DM with your order number so a billing specialist can review the return status and manually release your refund: https://amzn.to/dm ^MK,return_and_refund_status,ESCALATE_TO_HUMAN,Refund overdue beyond standard SLA (>14 days); requires manual finance clearance.
conv_amzn_00237,AmazonHelp,conv_amzn_00237,@AmazonHelp It has been 36 hours since my package #114-1904973-6079487 was marked delivered. I checked with neighbors and my building management. It is not here.,Customer reaching out to @AmazonHelp regarding missing or stolen package.,"Thank you for thoroughly checking around your property. Since 36 hours have passed, please DM us your order ID so our team can file a missing package claim and issue a replacement or refund: https://amzn.to/dm ^KL",missing_or_stolen_package,ESCALATE_TO_HUMAN,Waiting window expired and parcel missing; requires human claims specialist.
conv_amzn_00238,AmazonHelp,conv_amzn_00238,"@AmazonHelp Driver marked package attempted because they couldn't access the building gate, but no one buzzed my apartment 354!",Customer reaching out to @AmazonHelp regarding delivery delay and tracking.,"We're sorry for the inconvenience! Drivers will automatically re-attempt delivery on the next business day. You can add permanent gate codes in Your Account > Addresses: https://amzn.to/delivery-instructions. If urgent, DM us: https://amzn.to/dm ^MK",delivery_delay_and_tracking,AUTO_HANDLE,Gate access issue; self-service delivery instruction update provided.
conv_amzn_00239,AmazonHelp,conv_amzn_00239,@AmazonHelp Delivery photo shows a completely different apartment number (496) and a red doormat. I live in unit 421 and don't have a red mat!,Customer reaching out to @AmazonHelp regarding missing or stolen package.,"We apologize for the misdelivery! Please send us a direct message with your order number so we can review the courier photo, verify your unit, and process an immediate replacement: https://amzn.to/dm ^TB",missing_or_stolen_package,ESCALATE_TO_HUMAN,Photographic proof of misdelivery to wrong unit; requires replacement authorization.
conv_amzn_00240,AmazonHelp,conv_amzn_00240,@AmazonHelp It has been 36 hours since my package #112-8436013-6445368 was marked delivered. I checked with neighbors and my building management. It is not here.,Customer reaching out to @AmazonHelp regarding missing or stolen package.,"Thank you for thoroughly checking around your property. Since 36 hours have passed, please DM us your order ID so our team can file a missing package claim and issue a replacement or refund: https://amzn.to/dm ^AB",missing_or_stolen_package,ESCALATE_TO_HUMAN,Waiting window expired and parcel missing; requires human claims specialist.
conv_amzn_00241,AmazonHelp,conv_amzn_00241,"@AmazonHelp My Ninja Air Fryer was promised for delivery by 9 PM today, but tracking shows it hasn't even left the facility. Order #112-3485873-3632731.",Customer reaching out to @AmazonHelp regarding delivery delay and tracking.,"We apologize for the delay! Carrier transit times can vary. You can view the most up-to-date tracking information here: https://amzn.to/track. If it doesn't arrive by tomorrow evening, please DM us with your order ID: https://amzn.to/dm ^TB",delivery_delay_and_tracking,AUTO_HANDLE,Standard transit buffer; directed customer to official live tracking.
conv_amzn_00242,AmazonHelp,conv_amzn_00242,@AmazonHelp Order #113-6279890-1676190 contains urgent medical supplies for my family that was guaranteed yesterday. Where is the courier right now?,Customer reaching out to @AmazonHelp regarding delivery delay and tracking.,"We sincerely apologize for this critical delay. Given the urgency of these supplies, please DM us immediately so a priority dispatcher can coordinate with the local logistics hub: https://amzn.to/dm ^DL",delivery_delay_and_tracking,ESCALATE_TO_HUMAN,Time-critical urgent medical delivery requiring priority dispatcher intervention.
conv_amzn_00243,AmazonHelp,conv_amzn_00243,@AmazonHelp My Oral-B Electric Toothbrush arrived today but the packaging was crushed and the item is cracked in half! Do I have to send back broken glass?,Customer reaching out to @AmazonHelp regarding damaged or incorrect item.,We're very sorry your item arrived damaged! You do not need to ship back broken glass. Please visit Your Orders and select 'Return or replace items' to request a free replacement: https://amzn.to/your-orders. DM us if you need help: https://amzn.to/dm ^TB,damaged_or_incorrect_item,AUTO_HANDLE,Automated returns portal guidance for broken item replacement without hazardous return shipment.
conv_amzn_00244,AmazonHelp,conv_amzn_00244,@AmazonHelp I dropped off my return of Sony Wireless Headphones at The UPS Store on Tuesday. When should I expect the refund to appear on my credit card?,Customer reaching out to @AmazonHelp regarding return and refund status.,"Once the return is received, refunds typically take 3 to 5 business days to process back to your original payment method. You can track refund progress under Your Orders: https://amzn.to/refund-status ^DL",return_and_refund_status,AUTO_HANDLE,Standard banking processing timeline explanation.
conv_amzn_00245,AmazonHelp,conv_amzn_00245,@AmazonHelp I need an official tax invoice with VAT ID for my company purchase order #113-6054314-5324637.,Customer reaching out to @AmazonHelp regarding general product or policy inquiry.,You can download official tax invoices directly from Your Orders by clicking 'Invoice' on the order details page: https://amzn.to/your-orders ^JW,general_product_or_policy_inquiry,AUTO_HANDLE,Self-service business invoice download guidance.
conv_amzn_00246,AmazonHelp,conv_amzn_00246,"@AmazonHelp The Amazon app sent a notification saying my LEGO Star Wars Set was delivered to my front porch 60 minutes ago, but the porch is empty!",Customer reaching out to @AmazonHelp regarding missing or stolen package.,"Carriers sometimes scan packages just prior to walking up to the door. Please allow until the end of the day, and check with household members or side porches: https://amzn.to/find-missing. If still not found tomorrow, reach back out! ^SJ",missing_or_stolen_package,AUTO_HANDLE,Scan occurred within past hour; standard buffer and safe spot search recommended.
conv_amzn_00247,AmazonHelp,conv_amzn_00247,"@AmazonHelp I was just charged $59.99 for Amazon Prime annual renewal today, but I forgot to cancel. Can I get a refund if I haven't used it?",Customer reaching out to @AmazonHelp regarding prime membership and billing.,"Yes! If you haven't used any Prime benefits since the renewal charge, you will automatically receive a full refund when you cancel at: https://amzn.to/manage-prime ^TB",prime_membership_and_billing,AUTO_HANDLE,Prorated/unused Prime auto-refund policy self-service guidance.
conv_amzn_00248,AmazonHelp,conv_amzn_00248,@AmazonHelp Order #113-3645275-6606407 contains urgent medical supplies for my family that was guaranteed yesterday. Where is the courier right now?,Customer reaching out to @AmazonHelp regarding delivery delay and tracking.,"We sincerely apologize for this critical delay. Given the urgency of these supplies, please DM us immediately so a priority dispatcher can coordinate with the local logistics hub: https://amzn.to/dm ^TB",delivery_delay_and_tracking,ESCALATE_TO_HUMAN,Time-critical urgent medical delivery requiring priority dispatcher intervention.
conv_amzn_00249,AmazonHelp,conv_amzn_00249,@AmazonHelp I ordered a Samsung 55-inch OLED TV ($415.00) and you sent me a box of coffee mugs! Order #111-3968487-9383794. This is a totally different item!,Customer reaching out to @AmazonHelp regarding damaged or incorrect item.,We sincerely apologize for this warehouse mix-up! Please DM us your order number so our fulfillment escalation team can investigate the inventory error and dispatch the correct item immediately: https://amzn.to/dm ^KL,damaged_or_incorrect_item,ESCALATE_TO_HUMAN,Severe inventory mispick requiring warehouse audit and expedited replacement.
conv_amzn_00250,AmazonHelp,conv_amzn_00250,"@AmazonHelp I was just charged $125.00 for Amazon Prime annual renewal today, but I forgot to cancel. Can I get a refund if I haven't used it?",Customer reaching out to @AmazonHelp regarding prime membership and billing.,"Yes! If you haven't used any Prime benefits since the renewal charge, you will automatically receive a full refund when you cancel at: https://amzn.to/manage-prime ^SJ",prime_membership_and_billing,AUTO_HANDLE,Prorated/unused Prime auto-refund policy self-service guidance.
conv_amzn_00251,AmazonHelp,conv_amzn_00251,@AmazonHelp I need an official tax invoice with VAT ID for my company purchase order #114-7156720-1207581.,Customer reaching out to @AmazonHelp regarding general product or policy inquiry.,You can download official tax invoices directly from Your Orders by clicking 'Invoice' on the order details page: https://amzn.to/your-orders ^JW,general_product_or_policy_inquiry,AUTO_HANDLE,Self-service business invoice download guidance.
conv_amzn_00252,AmazonHelp,conv_amzn_00252,@AmazonHelp I don't have a working printer at home. Can I return my Fitbit Charge 6 without printing a return label?,Customer reaching out to @AmazonHelp regarding return and refund status.,Yes! You can choose 'UPS Drop-off - No Box or Label Needed' or 'Kohl's Drop-off' when initiating the return in Your Orders. They will simply scan a QR code from your phone: https://amzn.to/return-center ^RG,return_and_refund_status,AUTO_HANDLE,Self-service instructions for mobile QR code label-free returns.
conv_amzn_00253,AmazonHelp,conv_amzn_00253,@AmazonHelp I ordered a Anker Portable Charger ($37.99) and you sent me a box of dog food! Order #114-3392446-9142804. This is a totally different item!,Customer reaching out to @AmazonHelp regarding damaged or incorrect item.,We sincerely apologize for this warehouse mix-up! Please DM us your order number so our fulfillment escalation team can investigate the inventory error and dispatch the correct item immediately: https://amzn.to/dm ^DL,damaged_or_incorrect_item,ESCALATE_TO_HUMAN,Severe inventory mispick requiring warehouse audit and expedited replacement.
conv_amzn_00254,AmazonHelp,conv_amzn_00254,"@AmazonHelp It has been 18 days since your return center acknowledged receipt of my #114-9302052-2160258, but my refund of $424.50 is still not issued. Where is my money?",Customer reaching out to @AmazonHelp regarding return and refund status.,We apologize for the delay. Eighteen days exceeds our normal processing timeline. Please send us a DM with your order number so a billing specialist can review the return status and manually release your refund: https://amzn.to/dm ^TB,return_and_refund_status,ESCALATE_TO_HUMAN,Refund overdue beyond standard SLA (>14 days); requires manual finance clearance.
conv_amzn_00255,AmazonHelp,conv_amzn_00255,"@AmazonHelp I was just charged $43.50 for Amazon Prime annual renewal today, but I forgot to cancel. Can I get a refund if I haven't used it?",Customer reaching out to @AmazonHelp regarding prime membership and billing.,"Yes! If you haven't used any Prime benefits since the renewal charge, you will automatically receive a full refund when you cancel at: https://amzn.to/manage-prime ^RG",prime_membership_and_billing,AUTO_HANDLE,Prorated/unused Prime auto-refund policy self-service guidance.
conv_amzn_00256,AmazonHelp,conv_amzn_00256,"@AmazonHelp I was just charged $526.00 for Amazon Prime annual renewal today, but I forgot to cancel. Can I get a refund if I haven't used it?",Customer reaching out to @AmazonHelp regarding prime membership and billing.,"Yes! If you haven't used any Prime benefits since the renewal charge, you will automatically receive a full refund when you cancel at: https://amzn.to/manage-prime ^SJ",prime_membership_and_billing,AUTO_HANDLE,Prorated/unused Prime auto-refund policy self-service guidance.
conv_amzn_00257,AmazonHelp,conv_amzn_00257,@AmazonHelp Does Amazon ship electronic goods to military APO/FPO addresses in South Korea?,Customer reaching out to @AmazonHelp regarding general product or policy inquiry.,"Yes, Amazon ships many items to APO/FPO addresses via USPS! Certain hazardous or oversized items may have restrictions. Check full policy details: https://amzn.to/apo-fpo ^TB",general_product_or_policy_inquiry,AUTO_HANDLE,Military address shipping policy inquiry; answered directly.
conv_amzn_00258,AmazonHelp,conv_amzn_00258,@AmazonHelp Prime Video keeps giving error code PL-01 when playing movies on my Apple TV. How do I fix this?,Customer reaching out to @AmazonHelp regarding digital services and devices.,"Error PL-01 is typically resolved by restarting your device and router, or clearing the Prime Video app cache. You can find detailed troubleshooting steps here: https://amzn.to/prime-video-help ^TB",digital_services_and_devices,AUTO_HANDLE,Standard streaming cache/reboot troubleshooting steps.
conv_amzn_00259,AmazonHelp,conv_amzn_00259,@AmazonHelp I ordered a Keurig Coffee Maker ($444.50) and you sent me a box of dog food! Order #114-1474696-6540844. This is a totally different item!,Customer reaching out to @AmazonHelp regarding damaged or incorrect item.,We sincerely apologize for this warehouse mix-up! Please DM us your order number so our fulfillment escalation team can investigate the inventory error and dispatch the correct item immediately: https://amzn.to/dm ^SJ,damaged_or_incorrect_item,ESCALATE_TO_HUMAN,Severe inventory mispick requiring warehouse audit and expedited replacement.
conv_amzn_00260,AmazonHelp,conv_amzn_00260,@AmazonHelp The return window for my Ninja Air Fryer closed 3 days ago because I was hospitalized. Can an exception be made to return it?,Customer reaching out to @AmazonHelp regarding return and refund status.,"We hope you are recovering well. While the online return portal locks after the return window, please send us a DM with your order ID so a customer care supervisor can review your case for an exception: https://amzn.to/dm ^AB",return_and_refund_status,ESCALATE_TO_HUMAN,Policy exception request requiring human supervisor override.
conv_amzn_00261,AmazonHelp,conv_amzn_00261,"@AmazonHelp Driver marked package attempted because they couldn't access the building gate, but no one buzzed my apartment 555!",Customer reaching out to @AmazonHelp regarding delivery delay and tracking.,"We're sorry for the inconvenience! Drivers will automatically re-attempt delivery on the next business day. You can add permanent gate codes in Your Account > Addresses: https://amzn.to/delivery-instructions. If urgent, DM us: https://amzn.to/dm ^SJ",delivery_delay_and_tracking,AUTO_HANDLE,Gate access issue; self-service delivery instruction update provided.
conv_amzn_00262,AmazonHelp,conv_amzn_00262,"@AmazonHelp It has been 18 days since your return center acknowledged receipt of my #113-2773180-4762589, but my refund of $533.00 is still not issued. Where is my money?",Customer reaching out to @AmazonHelp regarding return and refund status.,We apologize for the delay. Eighteen days exceeds our normal processing timeline. Please send us a DM with your order number so a billing specialist can review the return status and manually release your refund: https://amzn.to/dm ^MK,return_and_refund_status,ESCALATE_TO_HUMAN,Refund overdue beyond standard SLA (>14 days); requires manual finance clearance.
conv_amzn_00263,AmazonHelp,conv_amzn_00263,@AmazonHelp Delivery photo shows a completely different apartment number (279) and a red doormat. I live in unit 249 and don't have a red mat!,Customer reaching out to @AmazonHelp regarding missing or stolen package.,"We apologize for the misdelivery! Please send us a direct message with your order number so we can review the courier photo, verify your unit, and process an immediate replacement: https://amzn.to/dm ^RG",missing_or_stolen_package,ESCALATE_TO_HUMAN,Photographic proof of misdelivery to wrong unit; requires replacement authorization.
conv_amzn_00264,AmazonHelp,conv_amzn_00264,@AmazonHelp It has been 36 hours since my package #113-1483646-8852261 was marked delivered. I checked with neighbors and my building management. It is not here.,Customer reaching out to @AmazonHelp regarding missing or stolen package.,"Thank you for thoroughly checking around your property. Since 36 hours have passed, please DM us your order ID so our team can file a missing package claim and issue a replacement or refund: https://amzn.to/dm ^MK",missing_or_stolen_package,ESCALATE_TO_HUMAN,Waiting window expired and parcel missing; requires human claims specialist.
conv_amzn_00265,AmazonHelp,conv_amzn_00265,@AmazonHelp It has been 36 hours since my package #113-1086583-8854666 was marked delivered. I checked with neighbors and my building management. It is not here.,Customer reaching out to @AmazonHelp regarding missing or stolen package.,"Thank you for thoroughly checking around your property. Since 36 hours have passed, please DM us your order ID so our team can file a missing package claim and issue a replacement or refund: https://amzn.to/dm ^MK",missing_or_stolen_package,ESCALATE_TO_HUMAN,Waiting window expired and parcel missing; requires human claims specialist.
conv_amzn_00266,AmazonHelp,conv_amzn_00266,@AmazonHelp I dropped off my return of Ceramic Dinnerware Set at Kohl's Drop-off on Wednesday. When should I expect the refund to appear on my credit card?,Customer reaching out to @AmazonHelp regarding return and refund status.,"Once the return is received, refunds typically take 3 to 5 business days to process back to your original payment method. You can track refund progress under Your Orders: https://amzn.to/refund-status ^KL",return_and_refund_status,AUTO_HANDLE,Standard banking processing timeline explanation.
conv_amzn_00267,AmazonHelp,conv_amzn_00267,"@AmazonHelp My Fitbit Charge 6 was promised for delivery by 2 PM today, but tracking shows it hasn't even left the facility. Order #113-2787581-6191252.",Customer reaching out to @AmazonHelp regarding delivery delay and tracking.,"We apologize for the delay! Carrier transit times can vary. You can view the most up-to-date tracking information here: https://amzn.to/track. If it doesn't arrive by tomorrow evening, please DM us with your order ID: https://amzn.to/dm ^DL",delivery_delay_and_tracking,AUTO_HANDLE,Standard transit buffer; directed customer to official live tracking.
conv_amzn_00268,AmazonHelp,conv_amzn_00268,@AmazonHelp Prime Video keeps giving error code 1060 when playing movies on my Samsung Smart TV. How do I fix this?,Customer reaching out to @AmazonHelp regarding digital services and devices.,"Error 1060 is typically resolved by restarting your device and router, or clearing the Prime Video app cache. You can find detailed troubleshooting steps here: https://amzn.to/prime-video-help ^TB",digital_services_and_devices,AUTO_HANDLE,Standard streaming cache/reboot troubleshooting steps.
conv_amzn_00269,AmazonHelp,conv_amzn_00269,@AmazonHelp The return window for my Oral-B Electric Toothbrush closed 3 days ago because I was hospitalized. Can an exception be made to return it?,Customer reaching out to @AmazonHelp regarding return and refund status.,"We hope you are recovering well. While the online return portal locks after the return window, please send us a DM with your order ID so a customer care supervisor can review your case for an exception: https://amzn.to/dm ^AB",return_and_refund_status,ESCALATE_TO_HUMAN,Policy exception request requiring human supervisor override.
conv_amzn_00270,AmazonHelp,conv_amzn_00270,"@AmazonHelp It has been 18 days since your return center acknowledged receipt of my #112-1255980-4488392, but my refund of $20.50 is still not issued. Where is my money?",Customer reaching out to @AmazonHelp regarding return and refund status.,We apologize for the delay. Eighteen days exceeds our normal processing timeline. Please send us a DM with your order number so a billing specialist can review the return status and manually release your refund: https://amzn.to/dm ^TB,return_and_refund_status,ESCALATE_TO_HUMAN,Refund overdue beyond standard SLA (>14 days); requires manual finance clearance.
conv_amzn_00271,AmazonHelp,conv_amzn_00271,@AmazonHelp Liquid soap bottle leaked inside the box and ruined the electronics (Dyson V8 Vacuum) that were shipped together in the same box!,Customer reaching out to @AmazonHelp regarding damaged or incorrect item.,We're so sorry for this shipping error! Please send us a direct message with photos of the damaged package and your order ID so we can issue a full replacement for all affected items: https://amzn.to/dm ^DL,damaged_or_incorrect_item,ESCALATE_TO_HUMAN,Cross-item hazardous spill damaging electronics; human damage assessment required.
conv_amzn_00272,AmazonHelp,conv_amzn_00272,"@AmazonHelp Driver marked package attempted because they couldn't access the building gate, but no one buzzed my apartment 252!",Customer reaching out to @AmazonHelp regarding delivery delay and tracking.,"We're sorry for the inconvenience! Drivers will automatically re-attempt delivery on the next business day. You can add permanent gate codes in Your Account > Addresses: https://amzn.to/delivery-instructions. If urgent, DM us: https://amzn.to/dm ^RG",delivery_delay_and_tracking,AUTO_HANDLE,Gate access issue; self-service delivery instruction update provided.
conv_amzn_00273,AmazonHelp,conv_amzn_00273,"@AmazonHelp It has been 18 days since your return center acknowledged receipt of my #111-8992528-8753503, but my refund of $172.50 is still not issued. Where is my money?",Customer reaching out to @AmazonHelp regarding return and refund status.,We apologize for the delay. Eighteen days exceeds our normal processing timeline. Please send us a DM with your order number so a billing specialist can review the return status and manually release your refund: https://amzn.to/dm ^AB,return_and_refund_status,ESCALATE_TO_HUMAN,Refund overdue beyond standard SLA (>14 days); requires manual finance clearance.
conv_amzn_00274,AmazonHelp,conv_amzn_00274,"@AmazonHelp The Ceramic Dinnerware Set I received has a ripped retail seal and looks like it was already used by someone else, but I paid for brand new!",Customer reaching out to @AmazonHelp regarding damaged or incorrect item.,"We apologize for this experience. We take new item guarantees seriously. Please go to Your Orders to request an exchange for an unopened replacement, or DM us if you need assistance: https://amzn.to/your-orders ^TB",damaged_or_incorrect_item,AUTO_HANDLE,Used-sold-as-new complaint; customer guided to instant exchange flow.
conv_amzn_00275,AmazonHelp,conv_amzn_00275,"@AmazonHelp I was just charged $352.50 for Amazon Prime annual renewal today, but I forgot to cancel. Can I get a refund if I haven't used it?",Customer reaching out to @AmazonHelp regarding prime membership and billing.,"Yes! If you haven't used any Prime benefits since the renewal charge, you will automatically receive a full refund when you cancel at: https://amzn.to/manage-prime ^DL",prime_membership_and_billing,AUTO_HANDLE,Prorated/unused Prime auto-refund policy self-service guidance.
conv_amzn_00276,AmazonHelp,conv_amzn_00276,"@AmazonHelp My Apple AirPods Pro was promised for delivery by 8 PM today, but tracking shows it hasn't even left the facility. Order #111-4398221-1245259.",Customer reaching out to @AmazonHelp regarding delivery delay and tracking.,"We apologize for the delay! Carrier transit times can vary. You can view the most up-to-date tracking information here: https://amzn.to/track. If it doesn't arrive by tomorrow evening, please DM us with your order ID: https://amzn.to/dm ^TB",delivery_delay_and_tracking,AUTO_HANDLE,Standard transit buffer; directed customer to official live tracking.
conv_amzn_00277,AmazonHelp,conv_amzn_00277,@AmazonHelp Does Amazon Logistics deliver on Sundays in Seattle? My tracking says arriving Sunday by 9pm.,Customer reaching out to @AmazonHelp regarding delivery delay and tracking.,"Yes! Amazon Logistics delivers 7 days a week, including Sundays in most metropolitan areas. You can follow the driver's stop countdown in the Amazon app once out for delivery: https://amzn.to/your-orders ^RG",delivery_delay_and_tracking,AUTO_HANDLE,General Sunday delivery policy inquiry; answered directly.
conv_amzn_00278,AmazonHelp,conv_amzn_00278,@AmazonHelp I ordered a Kindle Paperwhite ($275.00) and you sent me a box of baby wipes! Order #113-1708048-7518181. This is a totally different item!,Customer reaching out to @AmazonHelp regarding damaged or incorrect item.,We sincerely apologize for this warehouse mix-up! Please DM us your order number so our fulfillment escalation team can investigate the inventory error and dispatch the correct item immediately: https://amzn.to/dm ^RG,damaged_or_incorrect_item,ESCALATE_TO_HUMAN,Severe inventory mispick requiring warehouse audit and expedited replacement.
conv_amzn_00279,AmazonHelp,conv_amzn_00279,@AmazonHelp I ordered a Apple AirPods Pro ($580.00) and you sent me a box of baby wipes! Order #114-6869233-2342724. This is a totally different item!,Customer reaching out to @AmazonHelp regarding damaged or incorrect item.,We sincerely apologize for this warehouse mix-up! Please DM us your order number so our fulfillment escalation team can investigate the inventory error and dispatch the correct item immediately: https://amzn.to/dm ^SJ,damaged_or_incorrect_item,ESCALATE_TO_HUMAN,Severe inventory mispick requiring warehouse audit and expedited replacement.
conv_amzn_00280,AmazonHelp,conv_amzn_00280,@AmazonHelp It has been 36 hours since my package #113-2356863-5931724 was marked delivered. I checked with neighbors and my building management. It is not here.,Customer reaching out to @AmazonHelp regarding missing or stolen package.,"Thank you for thoroughly checking around your property. Since 36 hours have passed, please DM us your order ID so our team can file a missing package claim and issue a replacement or refund: https://amzn.to/dm ^JW",missing_or_stolen_package,ESCALATE_TO_HUMAN,Waiting window expired and parcel missing; requires human claims specialist.
conv_amzn_00281,AmazonHelp,conv_amzn_00281,"@AmazonHelp The Amazon app sent a notification saying my Ninja Air Fryer was delivered to my front porch 60 minutes ago, but the porch is empty!",Customer reaching out to @AmazonHelp regarding missing or stolen package.,"Carriers sometimes scan packages just prior to walking up to the door. Please allow until the end of the day, and check with household members or side porches: https://amzn.to/find-missing. If still not found tomorrow, reach back out! ^DL",missing_or_stolen_package,AUTO_HANDLE,Scan occurred within past hour; standard buffer and safe spot search recommended.
conv_amzn_00282,AmazonHelp,conv_amzn_00282,@AmazonHelp The return window for my Kindle Paperwhite closed 3 days ago because I was hospitalized. Can an exception be made to return it?,Customer reaching out to @AmazonHelp regarding return and refund status.,"We hope you are recovering well. While the online return portal locks after the return window, please send us a DM with your order ID so a customer care supervisor can review your case for an exception: https://amzn.to/dm ^AB",return_and_refund_status,ESCALATE_TO_HUMAN,Policy exception request requiring human supervisor override.
conv_amzn_00283,AmazonHelp,conv_amzn_00283,@AmazonHelp I dropped off my return of Apple AirPods Pro at Kohl's Drop-off on Saturday. When should I expect the refund to appear on my credit card?,Customer reaching out to @AmazonHelp regarding return and refund status.,"Once the return is received, refunds typically take 3 to 5 business days to process back to your original payment method. You can track refund progress under Your Orders: https://amzn.to/refund-status ^SJ",return_and_refund_status,AUTO_HANDLE,Standard banking processing timeline explanation.
conv_amzn_00284,AmazonHelp,conv_amzn_00284,@AmazonHelp Prime Video keeps giving error code 1060 when playing movies on my LG WebOS TV. How do I fix this?,Customer reaching out to @AmazonHelp regarding digital services and devices.,"Error 1060 is typically resolved by restarting your device and router, or clearing the Prime Video app cache. You can find detailed troubleshooting steps here: https://amzn.to/prime-video-help ^AB",digital_services_and_devices,AUTO_HANDLE,Standard streaming cache/reboot troubleshooting steps.
conv_amzn_00285,AmazonHelp,conv_amzn_00285,@AmazonHelp It has been 36 hours since my package #113-7157150-6779917 was marked delivered. I checked with neighbors and my building management. It is not here.,Customer reaching out to @AmazonHelp regarding missing or stolen package.,"Thank you for thoroughly checking around your property. Since 36 hours have passed, please DM us your order ID so our team can file a missing package claim and issue a replacement or refund: https://amzn.to/dm ^RG",missing_or_stolen_package,ESCALATE_TO_HUMAN,Waiting window expired and parcel missing; requires human claims specialist.
conv_amzn_00286,AmazonHelp,conv_amzn_00286,"@AmazonHelp I was just charged $572.00 for Amazon Prime annual renewal today, but I forgot to cancel. Can I get a refund if I haven't used it?",Customer reaching out to @AmazonHelp regarding prime membership and billing.,"Yes! If you haven't used any Prime benefits since the renewal charge, you will automatically receive a full refund when you cancel at: https://amzn.to/manage-prime ^TB",prime_membership_and_billing,AUTO_HANDLE,Prorated/unused Prime auto-refund policy self-service guidance.
conv_amzn_00287,AmazonHelp,conv_amzn_00287,@AmazonHelp My Kindle Roku Ultra screen is completely frozen on the waking up screen. Holding down the power button for 40 seconds does not reboot it.,Customer reaching out to @AmazonHelp regarding digital services and devices.,"We're sorry to hear about your Kindle! Please connect it to a wall charger for at least 30 minutes, then attempt the 40-second power button hold again. If it remains frozen, DM us for warranty options: https://amzn.to/dm ^DL",digital_services_and_devices,AUTO_HANDLE,Standard Kindle battery recovery protocol; escalates only if hardware unresponsive.
conv_amzn_00288,AmazonHelp,conv_amzn_00288,@AmazonHelp Liquid soap bottle leaked inside the box and ruined the electronics (Ceramic Dinnerware Set) that were shipped together in the same box!,Customer reaching out to @AmazonHelp regarding damaged or incorrect item.,We're so sorry for this shipping error! Please send us a direct message with photos of the damaged package and your order ID so we can issue a full replacement for all affected items: https://amzn.to/dm ^SJ,damaged_or_incorrect_item,ESCALATE_TO_HUMAN,Cross-item hazardous spill damaging electronics; human damage assessment required.
conv_amzn_00289,AmazonHelp,conv_amzn_00289,@AmazonHelp It has been 36 hours since my package #112-4426401-9133281 was marked delivered. I checked with neighbors and my building management. It is not here.,Customer reaching out to @AmazonHelp regarding missing or stolen package.,"Thank you for thoroughly checking around your property. Since 36 hours have passed, please DM us your order ID so our team can file a missing package claim and issue a replacement or refund: https://amzn.to/dm ^DL",missing_or_stolen_package,ESCALATE_TO_HUMAN,Waiting window expired and parcel missing; requires human claims specialist.
conv_amzn_00290,AmazonHelp,conv_amzn_00290,@AmazonHelp I dropped off my return of Levi's Denim Jacket at Amazon Locker on Tuesday. When should I expect the refund to appear on my credit card?,Customer reaching out to @AmazonHelp regarding return and refund status.,"Once the return is received, refunds typically take 3 to 5 business days to process back to your original payment method. You can track refund progress under Your Orders: https://amzn.to/refund-status ^RG",return_and_refund_status,AUTO_HANDLE,Standard banking processing timeline explanation.
conv_amzn_00291,AmazonHelp,conv_amzn_00291,@AmazonHelp Does Amazon Logistics deliver on Sundays in Chicago? My tracking says arriving Sunday by 9pm.,Customer reaching out to @AmazonHelp regarding delivery delay and tracking.,"Yes! Amazon Logistics delivers 7 days a week, including Sundays in most metropolitan areas. You can follow the driver's stop countdown in the Amazon app once out for delivery: https://amzn.to/your-orders ^DL",delivery_delay_and_tracking,AUTO_HANDLE,General Sunday delivery policy inquiry; answered directly.
conv_amzn_00292,AmazonHelp,conv_amzn_00292,@AmazonHelp I don't have a working printer at home. Can I return my Anker Portable Charger without printing a return label?,Customer reaching out to @AmazonHelp regarding return and refund status.,Yes! You can choose 'UPS Drop-off - No Box or Label Needed' or 'Kohl's Drop-off' when initiating the return in Your Orders. They will simply scan a QR code from your phone: https://amzn.to/return-center ^AB,return_and_refund_status,AUTO_HANDLE,Self-service instructions for mobile QR code label-free returns.
conv_amzn_00293,AmazonHelp,conv_amzn_00293,@AmazonHelp I don't have a working printer at home. Can I return my Kindle Paperwhite without printing a return label?,Customer reaching out to @AmazonHelp regarding return and refund status.,Yes! You can choose 'UPS Drop-off - No Box or Label Needed' or 'Kohl's Drop-off' when initiating the return in Your Orders. They will simply scan a QR code from your phone: https://amzn.to/return-center ^RG,return_and_refund_status,AUTO_HANDLE,Self-service instructions for mobile QR code label-free returns.
conv_amzn_00294,AmazonHelp,conv_amzn_00294,"@AmazonHelp My Ceramic Dinnerware Set was promised for delivery by 8 PM today, but tracking shows it hasn't even left the facility. Order #113-9693408-7005531.",Customer reaching out to @AmazonHelp regarding delivery delay and tracking.,"We apologize for the delay! Carrier transit times can vary. You can view the most up-to-date tracking information here: https://amzn.to/track. If it doesn't arrive by tomorrow evening, please DM us with your order ID: https://amzn.to/dm ^TB",delivery_delay_and_tracking,AUTO_HANDLE,Standard transit buffer; directed customer to official live tracking.
conv_amzn_00295,AmazonHelp,conv_amzn_00295,@AmazonHelp Liquid soap bottle leaked inside the box and ruined the electronics (Anker Portable Charger) that were shipped together in the same box!,Customer reaching out to @AmazonHelp regarding damaged or incorrect item.,We're so sorry for this shipping error! Please send us a direct message with photos of the damaged package and your order ID so we can issue a full replacement for all affected items: https://amzn.to/dm ^RG,damaged_or_incorrect_item,ESCALATE_TO_HUMAN,Cross-item hazardous spill damaging electronics; human damage assessment required.
conv_amzn_00296,AmazonHelp,conv_amzn_00296,@AmazonHelp I need an official tax invoice with VAT ID for my company purchase order #111-7332363-3860953.,Customer reaching out to @AmazonHelp regarding general product or policy inquiry.,You can download official tax invoices directly from Your Orders by clicking 'Invoice' on the order details page: https://amzn.to/your-orders ^JW,general_product_or_policy_inquiry,AUTO_HANDLE,Self-service business invoice download guidance.
conv_amzn_00297,AmazonHelp,conv_amzn_00297,@AmazonHelp Prime Video keeps giving error code 1060 when playing movies on my Roku Ultra. How do I fix this?,Customer reaching out to @AmazonHelp regarding digital services and devices.,"Error 1060 is typically resolved by restarting your device and router, or clearing the Prime Video app cache. You can find detailed troubleshooting steps here: https://amzn.to/prime-video-help ^AB",digital_services_and_devices,AUTO_HANDLE,Standard streaming cache/reboot troubleshooting steps.
conv_amzn_00298,AmazonHelp,conv_amzn_00298,@AmazonHelp Prime Video keeps giving error code 5004 when playing movies on my Samsung Smart TV. How do I fix this?,Customer reaching out to @AmazonHelp regarding digital services and devices.,"Error 5004 is typically resolved by restarting your device and router, or clearing the Prime Video app cache. You can find detailed troubleshooting steps here: https://amzn.to/prime-video-help ^DL",digital_services_and_devices,AUTO_HANDLE,Standard streaming cache/reboot troubleshooting steps.
conv_amzn_00299,AmazonHelp,conv_amzn_00299,@AmazonHelp I ordered a Ninja Air Fryer ($607.00) and you sent me a box of dog food! Order #114-2564142-2901356. This is a totally different item!,Customer reaching out to @AmazonHelp regarding damaged or incorrect item.,We sincerely apologize for this warehouse mix-up! Please DM us your order number so our fulfillment escalation team can investigate the inventory error and dispatch the correct item immediately: https://amzn.to/dm ^RG,damaged_or_incorrect_item,ESCALATE_TO_HUMAN,Severe inventory mispick requiring warehouse audit and expedited replacement.
conv_amzn_00300,AmazonHelp,conv_amzn_00300,"@AmazonHelp My Dyson V8 Vacuum was promised for delivery by 5 PM today, but tracking shows it hasn't even left the facility. Order #113-6690471-4527693.",Customer reaching out to @AmazonHelp regarding delivery delay and tracking.,"We apologize for the delay! Carrier transit times can vary. You can view the most up-to-date tracking information here: https://amzn.to/track. If it doesn't arrive by tomorrow evening, please DM us with your order ID: https://amzn.to/dm ^TB",delivery_delay_and_tracking,AUTO_HANDLE,Standard transit buffer; directed customer to official live tracking.
conv_amzn_00301,AmazonHelp,conv_amzn_00301,"@AmazonHelp It has been 18 days since your return center acknowledged receipt of my #111-7215956-1904971, but my refund of $99.50 is still not issued. Where is my money?",Customer reaching out to @AmazonHelp regarding return and refund status.,We apologize for the delay. Eighteen days exceeds our normal processing timeline. Please send us a DM with your order number so a billing specialist can review the return status and manually release your refund: https://amzn.to/dm ^DL,return_and_refund_status,ESCALATE_TO_HUMAN,Refund overdue beyond standard SLA (>14 days); requires manual finance clearance.
conv_amzn_00302,AmazonHelp,conv_amzn_00302,@AmazonHelp I ordered a Fitbit Charge 6 ($308.99) and you sent me a box of baby wipes! Order #112-4682531-1241309. This is a totally different item!,Customer reaching out to @AmazonHelp regarding damaged or incorrect item.,We sincerely apologize for this warehouse mix-up! Please DM us your order number so our fulfillment escalation team can investigate the inventory error and dispatch the correct item immediately: https://amzn.to/dm ^RG,damaged_or_incorrect_item,ESCALATE_TO_HUMAN,Severe inventory mispick requiring warehouse audit and expedited replacement.
conv_amzn_00303,AmazonHelp,conv_amzn_00303,@AmazonHelp I ordered a Samsung 55-inch OLED TV ($629.00) and you sent me a box of baby wipes! Order #113-6777009-8835621. This is a totally different item!,Customer reaching out to @AmazonHelp regarding damaged or incorrect item.,We sincerely apologize for this warehouse mix-up! Please DM us your order number so our fulfillment escalation team can investigate the inventory error and dispatch the correct item immediately: https://amzn.to/dm ^TB,damaged_or_incorrect_item,ESCALATE_TO_HUMAN,Severe inventory mispick requiring warehouse audit and expedited replacement.
conv_amzn_00304,AmazonHelp,conv_amzn_00304,@AmazonHelp It has been 36 hours since my package #114-1212154-2199579 was marked delivered. I checked with neighbors and my building management. It is not here.,Customer reaching out to @AmazonHelp regarding missing or stolen package.,"Thank you for thoroughly checking around your property. Since 36 hours have passed, please DM us your order ID so our team can file a missing package claim and issue a replacement or refund: https://amzn.to/dm ^RG",missing_or_stolen_package,ESCALATE_TO_HUMAN,Waiting window expired and parcel missing; requires human claims specialist.
conv_amzn_00305,AmazonHelp,conv_amzn_00305,"@AmazonHelp Driver marked package attempted because they couldn't access the building gate, but no one buzzed my apartment 142!",Customer reaching out to @AmazonHelp regarding delivery delay and tracking.,"We're sorry for the inconvenience! Drivers will automatically re-attempt delivery on the next business day. You can add permanent gate codes in Your Account > Addresses: https://amzn.to/delivery-instructions. If urgent, DM us: https://amzn.to/dm ^TB",delivery_delay_and_tracking,AUTO_HANDLE,Gate access issue; self-service delivery instruction update provided.
conv_amzn_00306,AmazonHelp,conv_amzn_00306,"@AmazonHelp My Levi's Denim Jacket was promised for delivery by 5 PM today, but tracking shows it hasn't even left the facility. Order #114-9617832-6721240.",Customer reaching out to @AmazonHelp regarding delivery delay and tracking.,"We apologize for the delay! Carrier transit times can vary. You can view the most up-to-date tracking information here: https://amzn.to/track. If it doesn't arrive by tomorrow evening, please DM us with your order ID: https://amzn.to/dm ^SJ",delivery_delay_and_tracking,AUTO_HANDLE,Standard transit buffer; directed customer to official live tracking.
conv_amzn_00307,AmazonHelp,conv_amzn_00307,@AmazonHelp I ordered a LEGO Star Wars Set ($391.00) and you sent me a box of cat litter! Order #114-6314099-8235088. This is a totally different item!,Customer reaching out to @AmazonHelp regarding damaged or incorrect item.,We sincerely apologize for this warehouse mix-up! Please DM us your order number so our fulfillment escalation team can investigate the inventory error and dispatch the correct item immediately: https://amzn.to/dm ^DL,damaged_or_incorrect_item,ESCALATE_TO_HUMAN,Severe inventory mispick requiring warehouse audit and expedited replacement.
conv_amzn_00308,AmazonHelp,conv_amzn_00308,@AmazonHelp I dropped off my return of Instant Pot Duo at Amazon Locker on Saturday. When should I expect the refund to appear on my credit card?,Customer reaching out to @AmazonHelp regarding return and refund status.,"Once the return is received, refunds typically take 3 to 5 business days to process back to your original payment method. You can track refund progress under Your Orders: https://amzn.to/refund-status ^TB",return_and_refund_status,AUTO_HANDLE,Standard banking processing timeline explanation.
conv_amzn_00309,AmazonHelp,conv_amzn_00309,"@AmazonHelp Driver marked package attempted because they couldn't access the building gate, but no one buzzed my apartment 535!",Customer reaching out to @AmazonHelp regarding delivery delay and tracking.,"We're sorry for the inconvenience! Drivers will automatically re-attempt delivery on the next business day. You can add permanent gate codes in Your Account > Addresses: https://amzn.to/delivery-instructions. If urgent, DM us: https://amzn.to/dm ^SJ",delivery_delay_and_tracking,AUTO_HANDLE,Gate access issue; self-service delivery instruction update provided.
conv_amzn_00310,AmazonHelp,conv_amzn_00310,@AmazonHelp Delivery photo shows a completely different apartment number (825) and a red doormat. I live in unit 710 and don't have a red mat!,Customer reaching out to @AmazonHelp regarding missing or stolen package.,"We apologize for the misdelivery! Please send us a direct message with your order number so we can review the courier photo, verify your unit, and process an immediate replacement: https://amzn.to/dm ^KL",missing_or_stolen_package,ESCALATE_TO_HUMAN,Photographic proof of misdelivery to wrong unit; requires replacement authorization.
conv_amzn_00311,AmazonHelp,conv_amzn_00311,@AmazonHelp I need an official tax invoice with VAT ID for my company purchase order #113-3827175-7805296.,Customer reaching out to @AmazonHelp regarding general product or policy inquiry.,You can download official tax invoices directly from Your Orders by clicking 'Invoice' on the order details page: https://amzn.to/your-orders ^DL,general_product_or_policy_inquiry,AUTO_HANDLE,Self-service business invoice download guidance.
conv_amzn_00312,AmazonHelp,conv_amzn_00312,@AmazonHelp Prime Video keeps giving error code 7031 when playing movies on my Samsung Smart TV. How do I fix this?,Customer reaching out to @AmazonHelp regarding digital services and devices.,"Error 7031 is typically resolved by restarting your device and router, or clearing the Prime Video app cache. You can find detailed troubleshooting steps here: https://amzn.to/prime-video-help ^MK",digital_services_and_devices,AUTO_HANDLE,Standard streaming cache/reboot troubleshooting steps.
conv_amzn_00313,AmazonHelp,conv_amzn_00313,@AmazonHelp I ordered a Oral-B Electric Toothbrush ($546.99) and you sent me a box of pack of socks! Order #114-3858080-9325565. This is a totally different item!,Customer reaching out to @AmazonHelp regarding damaged or incorrect item.,We sincerely apologize for this warehouse mix-up! Please DM us your order number so our fulfillment escalation team can investigate the inventory error and dispatch the correct item immediately: https://amzn.to/dm ^RG,damaged_or_incorrect_item,ESCALATE_TO_HUMAN,Severe inventory mispick requiring warehouse audit and expedited replacement.
conv_amzn_00314,AmazonHelp,conv_amzn_00314,"@AmazonHelp My Fitbit Charge 6 was promised for delivery by 5 PM today, but tracking shows it hasn't even left the facility. Order #114-6282081-2670824.",Customer reaching out to @AmazonHelp regarding delivery delay and tracking.,"We apologize for the delay! Carrier transit times can vary. You can view the most up-to-date tracking information here: https://amzn.to/track. If it doesn't arrive by tomorrow evening, please DM us with your order ID: https://amzn.to/dm ^AB",delivery_delay_and_tracking,AUTO_HANDLE,Standard transit buffer; directed customer to official live tracking.
conv_amzn_00315,AmazonHelp,conv_amzn_00315,"@AmazonHelp My Levi's Denim Jacket was promised for delivery by 2 PM today, but tracking shows it hasn't even left the facility. Order #114-2826339-1802827.",Customer reaching out to @AmazonHelp regarding delivery delay and tracking.,"We apologize for the delay! Carrier transit times can vary. You can view the most up-to-date tracking information here: https://amzn.to/track. If it doesn't arrive by tomorrow evening, please DM us with your order ID: https://amzn.to/dm ^SJ",delivery_delay_and_tracking,AUTO_HANDLE,Standard transit buffer; directed customer to official live tracking.
conv_amzn_00316,AmazonHelp,conv_amzn_00316,@AmazonHelp Delivery photo shows a completely different apartment number (710) and a red doormat. I live in unit 467 and don't have a red mat!,Customer reaching out to @AmazonHelp regarding missing or stolen package.,"We apologize for the misdelivery! Please send us a direct message with your order number so we can review the courier photo, verify your unit, and process an immediate replacement: https://amzn.to/dm ^SJ",missing_or_stolen_package,ESCALATE_TO_HUMAN,Photographic proof of misdelivery to wrong unit; requires replacement authorization.
conv_amzn_00317,AmazonHelp,conv_amzn_00317,"@AmazonHelp It has been 18 days since your return center acknowledged receipt of my #111-1454606-5032755, but my refund of $374.50 is still not issued. Where is my money?",Customer reaching out to @AmazonHelp regarding return and refund status.,We apologize for the delay. Eighteen days exceeds our normal processing timeline. Please send us a DM with your order number so a billing specialist can review the return status and manually release your refund: https://amzn.to/dm ^AB,return_and_refund_status,ESCALATE_TO_HUMAN,Refund overdue beyond standard SLA (>14 days); requires manual finance clearance.
conv_amzn_00318,AmazonHelp,conv_amzn_00318,@AmazonHelp I dropped off my return of Ceramic Dinnerware Set at Whole Foods Market customer desk on Monday. When should I expect the refund to appear on my credit card?,Customer reaching out to @AmazonHelp regarding return and refund status.,"Once the return is received, refunds typically take 3 to 5 business days to process back to your original payment method. You can track refund progress under Your Orders: https://amzn.to/refund-status ^JW",return_and_refund_status,AUTO_HANDLE,Standard banking processing timeline explanation.
conv_amzn_00319,AmazonHelp,conv_amzn_00319,@AmazonHelp It has been 36 hours since my package #111-8287462-7986943 was marked delivered. I checked with neighbors and my building management. It is not here.,Customer reaching out to @AmazonHelp regarding missing or stolen package.,"Thank you for thoroughly checking around your property. Since 36 hours have passed, please DM us your order ID so our team can file a missing package claim and issue a replacement or refund: https://amzn.to/dm ^SJ",missing_or_stolen_package,ESCALATE_TO_HUMAN,Waiting window expired and parcel missing; requires human claims specialist.
conv_amzn_00320,AmazonHelp,conv_amzn_00320,@AmazonHelp I need an official tax invoice with VAT ID for my company purchase order #113-9729271-9317680.,Customer reaching out to @AmazonHelp regarding general product or policy inquiry.,You can download official tax invoices directly from Your Orders by clicking 'Invoice' on the order details page: https://amzn.to/your-orders ^KL,general_product_or_policy_inquiry,AUTO_HANDLE,Self-service business invoice download guidance.
conv_amzn_00321,AmazonHelp,conv_amzn_00321,@AmazonHelp Delivery photo shows a completely different apartment number (244) and a red doormat. I live in unit 790 and don't have a red mat!,Customer reaching out to @AmazonHelp regarding missing or stolen package.,"We apologize for the misdelivery! Please send us a direct message with your order number so we can review the courier photo, verify your unit, and process an immediate replacement: https://amzn.to/dm ^AB",missing_or_stolen_package,ESCALATE_TO_HUMAN,Photographic proof of misdelivery to wrong unit; requires replacement authorization.
conv_amzn_00322,AmazonHelp,conv_amzn_00322,@AmazonHelp It has been 36 hours since my package #114-6941362-2515211 was marked delivered. I checked with neighbors and my building management. It is not here.,Customer reaching out to @AmazonHelp regarding missing or stolen package.,"Thank you for thoroughly checking around your property. Since 36 hours have passed, please DM us your order ID so our team can file a missing package claim and issue a replacement or refund: https://amzn.to/dm ^MK",missing_or_stolen_package,ESCALATE_TO_HUMAN,Waiting window expired and parcel missing; requires human claims specialist.
conv_amzn_00323,AmazonHelp,conv_amzn_00323,@AmazonHelp Delivery photo shows a completely different apartment number (805) and a red doormat. I live in unit 755 and don't have a red mat!,Customer reaching out to @AmazonHelp regarding missing or stolen package.,"We apologize for the misdelivery! Please send us a direct message with your order number so we can review the courier photo, verify your unit, and process an immediate replacement: https://amzn.to/dm ^KL",missing_or_stolen_package,ESCALATE_TO_HUMAN,Photographic proof of misdelivery to wrong unit; requires replacement authorization.
conv_amzn_00324,AmazonHelp,conv_amzn_00324,@AmazonHelp I dropped off my return of LEGO Star Wars Set at Amazon Locker on Monday. When should I expect the refund to appear on my credit card?,Customer reaching out to @AmazonHelp regarding return and refund status.,"Once the return is received, refunds typically take 3 to 5 business days to process back to your original payment method. You can track refund progress under Your Orders: https://amzn.to/refund-status ^RG",return_and_refund_status,AUTO_HANDLE,Standard banking processing timeline explanation.
conv_amzn_00325,AmazonHelp,conv_amzn_00325,@AmazonHelp It has been 36 hours since my package #114-8315809-9712073 was marked delivered. I checked with neighbors and my building management. It is not here.,Customer reaching out to @AmazonHelp regarding missing or stolen package.,"Thank you for thoroughly checking around your property. Since 36 hours have passed, please DM us your order ID so our team can file a missing package claim and issue a replacement or refund: https://amzn.to/dm ^JW",missing_or_stolen_package,ESCALATE_TO_HUMAN,Waiting window expired and parcel missing; requires human claims specialist.
conv_amzn_00326,AmazonHelp,conv_amzn_00326,@AmazonHelp Delivery photo shows a completely different apartment number (508) and a red doormat. I live in unit 660 and don't have a red mat!,Customer reaching out to @AmazonHelp regarding missing or stolen package.,"We apologize for the misdelivery! Please send us a direct message with your order number so we can review the courier photo, verify your unit, and process an immediate replacement: https://amzn.to/dm ^DL",missing_or_stolen_package,ESCALATE_TO_HUMAN,Photographic proof of misdelivery to wrong unit; requires replacement authorization.
conv_amzn_00327,AmazonHelp,conv_amzn_00327,@AmazonHelp I need an official tax invoice with VAT ID for my company purchase order #112-3170507-2738792.,Customer reaching out to @AmazonHelp regarding general product or policy inquiry.,You can download official tax invoices directly from Your Orders by clicking 'Invoice' on the order details page: https://amzn.to/your-orders ^AB,general_product_or_policy_inquiry,AUTO_HANDLE,Self-service business invoice download guidance.
conv_amzn_00328,AmazonHelp,conv_amzn_00328,@AmazonHelp Delivery photo shows a completely different apartment number (550) and a red doormat. I live in unit 544 and don't have a red mat!,Customer reaching out to @AmazonHelp regarding missing or stolen package.,"We apologize for the misdelivery! Please send us a direct message with your order number so we can review the courier photo, verify your unit, and process an immediate replacement: https://amzn.to/dm ^SJ",missing_or_stolen_package,ESCALATE_TO_HUMAN,Photographic proof of misdelivery to wrong unit; requires replacement authorization.
conv_amzn_00329,AmazonHelp,conv_amzn_00329,"@AmazonHelp The Levi's Denim Jacket I received has a ripped retail seal and looks like it was already used by someone else, but I paid for brand new!",Customer reaching out to @AmazonHelp regarding damaged or incorrect item.,"We apologize for this experience. We take new item guarantees seriously. Please go to Your Orders to request an exchange for an unopened replacement, or DM us if you need assistance: https://amzn.to/your-orders ^JW",damaged_or_incorrect_item,AUTO_HANDLE,Used-sold-as-new complaint; customer guided to instant exchange flow.
conv_amzn_00330,AmazonHelp,conv_amzn_00330,"@AmazonHelp I was just charged $19.50 for Amazon Prime annual renewal today, but I forgot to cancel. Can I get a refund if I haven't used it?",Customer reaching out to @AmazonHelp regarding prime membership and billing.,"Yes! If you haven't used any Prime benefits since the renewal charge, you will automatically receive a full refund when you cancel at: https://amzn.to/manage-prime ^TB",prime_membership_and_billing,AUTO_HANDLE,Prorated/unused Prime auto-refund policy self-service guidance.
conv_amzn_00331,AmazonHelp,conv_amzn_00331,@AmazonHelp I dropped off my return of Ninja Air Fryer at Whole Foods Market customer desk on Tuesday. When should I expect the refund to appear on my credit card?,Customer reaching out to @AmazonHelp regarding return and refund status.,"Once the return is received, refunds typically take 3 to 5 business days to process back to your original payment method. You can track refund progress under Your Orders: https://amzn.to/refund-status ^JW",return_and_refund_status,AUTO_HANDLE,Standard banking processing timeline explanation.
conv_amzn_00332,AmazonHelp,conv_amzn_00332,"@AmazonHelp Tracking says 'In Transit' since Thursday, but there have been no new updates for 4 days. Is my order #113-6117886-7435318 lost?",Customer reaching out to @AmazonHelp regarding delivery delay and tracking.,We understand your concern regarding the lack of tracking movement. Please send us a direct message with your order number and email address so we can initiate an investigation with the carrier: https://amzn.to/dm ^MK,delivery_delay_and_tracking,ESCALATE_TO_HUMAN,Carrier stall exceeding 48h SLA; requires human carrier tracing.
conv_amzn_00333,AmazonHelp,conv_amzn_00333,@AmazonHelp Prime Video keeps giving error code 9074 when playing movies on my Samsung Smart TV. How do I fix this?,Customer reaching out to @AmazonHelp regarding digital services and devices.,"Error 9074 is typically resolved by restarting your device and router, or clearing the Prime Video app cache. You can find detailed troubleshooting steps here: https://amzn.to/prime-video-help ^MK",digital_services_and_devices,AUTO_HANDLE,Standard streaming cache/reboot troubleshooting steps.
conv_amzn_00334,AmazonHelp,conv_amzn_00334,"@AmazonHelp The Amazon app sent a notification saying my Ninja Air Fryer was delivered to my front porch 15 minutes ago, but the porch is empty!",Customer reaching out to @AmazonHelp regarding missing or stolen package.,"Carriers sometimes scan packages just prior to walking up to the door. Please allow until the end of the day, and check with household members or side porches: https://amzn.to/find-missing. If still not found tomorrow, reach back out! ^DL",missing_or_stolen_package,AUTO_HANDLE,Scan occurred within past hour; standard buffer and safe spot search recommended.
conv_amzn_00335,AmazonHelp,conv_amzn_00335,@AmazonHelp I don't have a working printer at home. Can I return my Apple AirPods Pro without printing a return label?,Customer reaching out to @AmazonHelp regarding return and refund status.,Yes! You can choose 'UPS Drop-off - No Box or Label Needed' or 'Kohl's Drop-off' when initiating the return in Your Orders. They will simply scan a QR code from your phone: https://amzn.to/return-center ^RG,return_and_refund_status,AUTO_HANDLE,Self-service instructions for mobile QR code label-free returns.
conv_amzn_00336,AmazonHelp,conv_amzn_00336,"@AmazonHelp My Kindle Paperwhite was promised for delivery by 2 PM today, but tracking shows it hasn't even left the facility. Order #113-9382100-9247293.",Customer reaching out to @AmazonHelp regarding delivery delay and tracking.,"We apologize for the delay! Carrier transit times can vary. You can view the most up-to-date tracking information here: https://amzn.to/track. If it doesn't arrive by tomorrow evening, please DM us with your order ID: https://amzn.to/dm ^SJ",delivery_delay_and_tracking,AUTO_HANDLE,Standard transit buffer; directed customer to official live tracking.
conv_amzn_00337,AmazonHelp,conv_amzn_00337,"@AmazonHelp The Amazon app sent a notification saying my Ninja Air Fryer was delivered to my front porch 25 minutes ago, but the porch is empty!",Customer reaching out to @AmazonHelp regarding missing or stolen package.,"Carriers sometimes scan packages just prior to walking up to the door. Please allow until the end of the day, and check with household members or side porches: https://amzn.to/find-missing. If still not found tomorrow, reach back out! ^TB",missing_or_stolen_package,AUTO_HANDLE,Scan occurred within past hour; standard buffer and safe spot search recommended.
conv_amzn_00338,AmazonHelp,conv_amzn_00338,@AmazonHelp Delivery photo shows a completely different apartment number (856) and a red doormat. I live in unit 803 and don't have a red mat!,Customer reaching out to @AmazonHelp regarding missing or stolen package.,"We apologize for the misdelivery! Please send us a direct message with your order number so we can review the courier photo, verify your unit, and process an immediate replacement: https://amzn.to/dm ^TB",missing_or_stolen_package,ESCALATE_TO_HUMAN,Photographic proof of misdelivery to wrong unit; requires replacement authorization.
conv_amzn_00339,AmazonHelp,conv_amzn_00339,"@AmazonHelp I was just charged $312.50 for Amazon Prime annual renewal today, but I forgot to cancel. Can I get a refund if I haven't used it?",Customer reaching out to @AmazonHelp regarding prime membership and billing.,"Yes! If you haven't used any Prime benefits since the renewal charge, you will automatically receive a full refund when you cancel at: https://amzn.to/manage-prime ^JW",prime_membership_and_billing,AUTO_HANDLE,Prorated/unused Prime auto-refund policy self-service guidance.
conv_amzn_00340,AmazonHelp,conv_amzn_00340,"@AmazonHelp My Anker Portable Charger was promised for delivery by 8 PM today, but tracking shows it hasn't even left the facility. Order #113-1736199-2869377.",Customer reaching out to @AmazonHelp regarding delivery delay and tracking.,"We apologize for the delay! Carrier transit times can vary. You can view the most up-to-date tracking information here: https://amzn.to/track. If it doesn't arrive by tomorrow evening, please DM us with your order ID: https://amzn.to/dm ^KL",delivery_delay_and_tracking,AUTO_HANDLE,Standard transit buffer; directed customer to official live tracking.
conv_amzn_00341,AmazonHelp,conv_amzn_00341,"@AmazonHelp I was just charged $648.99 for Amazon Prime annual renewal today, but I forgot to cancel. Can I get a refund if I haven't used it?",Customer reaching out to @AmazonHelp regarding prime membership and billing.,"Yes! If you haven't used any Prime benefits since the renewal charge, you will automatically receive a full refund when you cancel at: https://amzn.to/manage-prime ^SJ",prime_membership_and_billing,AUTO_HANDLE,Prorated/unused Prime auto-refund policy self-service guidance.
conv_amzn_00342,AmazonHelp,conv_amzn_00342,"@AmazonHelp Driver marked package attempted because they couldn't access the building gate, but no one buzzed my apartment 107!",Customer reaching out to @AmazonHelp regarding delivery delay and tracking.,"We're sorry for the inconvenience! Drivers will automatically re-attempt delivery on the next business day. You can add permanent gate codes in Your Account > Addresses: https://amzn.to/delivery-instructions. If urgent, DM us: https://amzn.to/dm ^SJ",delivery_delay_and_tracking,AUTO_HANDLE,Gate access issue; self-service delivery instruction update provided.
conv_amzn_00343,AmazonHelp,conv_amzn_00343,@AmazonHelp It has been 36 hours since my package #112-9822856-1342916 was marked delivered. I checked with neighbors and my building management. It is not here.,Customer reaching out to @AmazonHelp regarding missing or stolen package.,"Thank you for thoroughly checking around your property. Since 36 hours have passed, please DM us your order ID so our team can file a missing package claim and issue a replacement or refund: https://amzn.to/dm ^MK",missing_or_stolen_package,ESCALATE_TO_HUMAN,Waiting window expired and parcel missing; requires human claims specialist.
conv_amzn_00344,AmazonHelp,conv_amzn_00344,"@AmazonHelp My Fitbit Charge 6 was promised for delivery by 5 PM today, but tracking shows it hasn't even left the facility. Order #114-6222183-3301669.",Customer reaching out to @AmazonHelp regarding delivery delay and tracking.,"We apologize for the delay! Carrier transit times can vary. You can view the most up-to-date tracking information here: https://amzn.to/track. If it doesn't arrive by tomorrow evening, please DM us with your order ID: https://amzn.to/dm ^TB",delivery_delay_and_tracking,AUTO_HANDLE,Standard transit buffer; directed customer to official live tracking.
conv_amzn_00345,AmazonHelp,conv_amzn_00345,"@AmazonHelp It has been 18 days since your return center acknowledged receipt of my #113-1682307-1398988, but my refund of $306.00 is still not issued. Where is my money?",Customer reaching out to @AmazonHelp regarding return and refund status.,We apologize for the delay. Eighteen days exceeds our normal processing timeline. Please send us a DM with your order number so a billing specialist can review the return status and manually release your refund: https://amzn.to/dm ^AB,return_and_refund_status,ESCALATE_TO_HUMAN,Refund overdue beyond standard SLA (>14 days); requires manual finance clearance.
conv_amzn_00346,AmazonHelp,conv_amzn_00346,@AmazonHelp It has been 36 hours since my package #112-7156297-3647609 was marked delivered. I checked with neighbors and my building management. It is not here.,Customer reaching out to @AmazonHelp regarding missing or stolen package.,"Thank you for thoroughly checking around your property. Since 36 hours have passed, please DM us your order ID so our team can file a missing package claim and issue a replacement or refund: https://amzn.to/dm ^MK",missing_or_stolen_package,ESCALATE_TO_HUMAN,Waiting window expired and parcel missing; requires human claims specialist.
conv_amzn_00347,AmazonHelp,conv_amzn_00347,@AmazonHelp It has been 36 hours since my package #114-8493052-3882181 was marked delivered. I checked with neighbors and my building management. It is not here.,Customer reaching out to @AmazonHelp regarding missing or stolen package.,"Thank you for thoroughly checking around your property. Since 36 hours have passed, please DM us your order ID so our team can file a missing package claim and issue a replacement or refund: https://amzn.to/dm ^AB",missing_or_stolen_package,ESCALATE_TO_HUMAN,Waiting window expired and parcel missing; requires human claims specialist.
conv_amzn_00348,AmazonHelp,conv_amzn_00348,@AmazonHelp I ordered a Levi's Denim Jacket ($436.00) and you sent me a box of pack of socks! Order #111-6408218-8229600. This is a totally different item!,Customer reaching out to @AmazonHelp regarding damaged or incorrect item.,We sincerely apologize for this warehouse mix-up! Please DM us your order number so our fulfillment escalation team can investigate the inventory error and dispatch the correct item immediately: https://amzn.to/dm ^TB,damaged_or_incorrect_item,ESCALATE_TO_HUMAN,Severe inventory mispick requiring warehouse audit and expedited replacement.
conv_amzn_00349,AmazonHelp,conv_amzn_00349,"@AmazonHelp It has been 18 days since your return center acknowledged receipt of my #111-6668053-7602895, but my refund of $192.99 is still not issued. Where is my money?",Customer reaching out to @AmazonHelp regarding return and refund status.,We apologize for the delay. Eighteen days exceeds our normal processing timeline. Please send us a DM with your order number so a billing specialist can review the return status and manually release your refund: https://amzn.to/dm ^DL,return_and_refund_status,ESCALATE_TO_HUMAN,Refund overdue beyond standard SLA (>14 days); requires manual finance clearance.
conv_amzn_00350,AmazonHelp,conv_amzn_00350,"@AmazonHelp The Amazon app sent a notification saying my Anker Portable Charger was delivered to my front porch 45 minutes ago, but the porch is empty!",Customer reaching out to @AmazonHelp regarding missing or stolen package.,"Carriers sometimes scan packages just prior to walking up to the door. Please allow until the end of the day, and check with household members or side porches: https://amzn.to/find-missing. If still not found tomorrow, reach back out! ^JW",missing_or_stolen_package,AUTO_HANDLE,Scan occurred within past hour; standard buffer and safe spot search recommended.
conv_amzn_00351,AmazonHelp,conv_amzn_00351,@AmazonHelp I ordered a Anker Portable Charger ($124.50) and you sent me a box of dog food! Order #112-9345221-3331278. This is a totally different item!,Customer reaching out to @AmazonHelp regarding damaged or incorrect item.,We sincerely apologize for this warehouse mix-up! Please DM us your order number so our fulfillment escalation team can investigate the inventory error and dispatch the correct item immediately: https://amzn.to/dm ^AB,damaged_or_incorrect_item,ESCALATE_TO_HUMAN,Severe inventory mispick requiring warehouse audit and expedited replacement.
conv_amzn_00352,AmazonHelp,conv_amzn_00352,@AmazonHelp It has been 36 hours since my package #114-9933368-4089966 was marked delivered. I checked with neighbors and my building management. It is not here.,Customer reaching out to @AmazonHelp regarding missing or stolen package.,"Thank you for thoroughly checking around your property. Since 36 hours have passed, please DM us your order ID so our team can file a missing package claim and issue a replacement or refund: https://amzn.to/dm ^TB",missing_or_stolen_package,ESCALATE_TO_HUMAN,Waiting window expired and parcel missing; requires human claims specialist.
conv_amzn_00353,AmazonHelp,conv_amzn_00353,"@AmazonHelp It has been 18 days since your return center acknowledged receipt of my #111-2274225-6273338, but my refund of $193.99 is still not issued. Where is my money?",Customer reaching out to @AmazonHelp regarding return and refund status.,We apologize for the delay. Eighteen days exceeds our normal processing timeline. Please send us a DM with your order number so a billing specialist can review the return status and manually release your refund: https://amzn.to/dm ^TB,return_and_refund_status,ESCALATE_TO_HUMAN,Refund overdue beyond standard SLA (>14 days); requires manual finance clearance.
conv_amzn_00354,AmazonHelp,conv_amzn_00354,@AmazonHelp It has been 36 hours since my package #112-4706387-5323141 was marked delivered. I checked with neighbors and my building management. It is not here.,Customer reaching out to @AmazonHelp regarding missing or stolen package.,"Thank you for thoroughly checking around your property. Since 36 hours have passed, please DM us your order ID so our team can file a missing package claim and issue a replacement or refund: https://amzn.to/dm ^JW",missing_or_stolen_package,ESCALATE_TO_HUMAN,Waiting window expired and parcel missing; requires human claims specialist.
conv_amzn_00355,AmazonHelp,conv_amzn_00355,@AmazonHelp I need an official tax invoice with VAT ID for my company purchase order #113-3651354-7537915.,Customer reaching out to @AmazonHelp regarding general product or policy inquiry.,You can download official tax invoices directly from Your Orders by clicking 'Invoice' on the order details page: https://amzn.to/your-orders ^AB,general_product_or_policy_inquiry,AUTO_HANDLE,Self-service business invoice download guidance.
conv_amzn_00356,AmazonHelp,conv_amzn_00356,@AmazonHelp I need an official tax invoice with VAT ID for my company purchase order #111-2795604-9025434.,Customer reaching out to @AmazonHelp regarding general product or policy inquiry.,You can download official tax invoices directly from Your Orders by clicking 'Invoice' on the order details page: https://amzn.to/your-orders ^KL,general_product_or_policy_inquiry,AUTO_HANDLE,Self-service business invoice download guidance.
conv_amzn_00357,AmazonHelp,conv_amzn_00357,"@AmazonHelp I was just charged $48.50 for Amazon Prime annual renewal today, but I forgot to cancel. Can I get a refund if I haven't used it?",Customer reaching out to @AmazonHelp regarding prime membership and billing.,"Yes! If you haven't used any Prime benefits since the renewal charge, you will automatically receive a full refund when you cancel at: https://amzn.to/manage-prime ^AB",prime_membership_and_billing,AUTO_HANDLE,Prorated/unused Prime auto-refund policy self-service guidance.
conv_amzn_00358,AmazonHelp,conv_amzn_00358,"@AmazonHelp My LEGO Star Wars Set was promised for delivery by 5 PM today, but tracking shows it hasn't even left the facility. Order #111-3753314-2710412.",Customer reaching out to @AmazonHelp regarding delivery delay and tracking.,"We apologize for the delay! Carrier transit times can vary. You can view the most up-to-date tracking information here: https://amzn.to/track. If it doesn't arrive by tomorrow evening, please DM us with your order ID: https://amzn.to/dm ^KL",delivery_delay_and_tracking,AUTO_HANDLE,Standard transit buffer; directed customer to official live tracking.
conv_amzn_00359,AmazonHelp,conv_amzn_00359,@AmazonHelp I need an official tax invoice with VAT ID for my company purchase order #114-3575871-3946999.,Customer reaching out to @AmazonHelp regarding general product or policy inquiry.,You can download official tax invoices directly from Your Orders by clicking 'Invoice' on the order details page: https://amzn.to/your-orders ^KL,general_product_or_policy_inquiry,AUTO_HANDLE,Self-service business invoice download guidance.
conv_amzn_00360,AmazonHelp,conv_amzn_00360,"@AmazonHelp My Keurig Coffee Maker was promised for delivery by 8 PM today, but tracking shows it hasn't even left the facility. Order #111-6537505-1817943.",Customer reaching out to @AmazonHelp regarding delivery delay and tracking.,"We apologize for the delay! Carrier transit times can vary. You can view the most up-to-date tracking information here: https://amzn.to/track. If it doesn't arrive by tomorrow evening, please DM us with your order ID: https://amzn.to/dm ^TB",delivery_delay_and_tracking,AUTO_HANDLE,Standard transit buffer; directed customer to official live tracking.
conv_amzn_00361,AmazonHelp,conv_amzn_00361,@AmazonHelp It has been 36 hours since my package #113-1199354-3003266 was marked delivered. I checked with neighbors and my building management. It is not here.,Customer reaching out to @AmazonHelp regarding missing or stolen package.,"Thank you for thoroughly checking around your property. Since 36 hours have passed, please DM us your order ID so our team can file a missing package claim and issue a replacement or refund: https://amzn.to/dm ^DL",missing_or_stolen_package,ESCALATE_TO_HUMAN,Waiting window expired and parcel missing; requires human claims specialist.
conv_amzn_00362,AmazonHelp,conv_amzn_00362,@AmazonHelp Delivery photo shows a completely different apartment number (398) and a red doormat. I live in unit 612 and don't have a red mat!,Customer reaching out to @AmazonHelp regarding missing or stolen package.,"We apologize for the misdelivery! Please send us a direct message with your order number so we can review the courier photo, verify your unit, and process an immediate replacement: https://amzn.to/dm ^AB",missing_or_stolen_package,ESCALATE_TO_HUMAN,Photographic proof of misdelivery to wrong unit; requires replacement authorization.
conv_amzn_00363,AmazonHelp,conv_amzn_00363,"@AmazonHelp Driver marked package attempted because they couldn't access the building gate, but no one buzzed my apartment 809!",Customer reaching out to @AmazonHelp regarding delivery delay and tracking.,"We're sorry for the inconvenience! Drivers will automatically re-attempt delivery on the next business day. You can add permanent gate codes in Your Account > Addresses: https://amzn.to/delivery-instructions. If urgent, DM us: https://amzn.to/dm ^KL",delivery_delay_and_tracking,AUTO_HANDLE,Gate access issue; self-service delivery instruction update provided.
conv_amzn_00364,AmazonHelp,conv_amzn_00364,@AmazonHelp I ordered a Ceramic Dinnerware Set ($138.99) and you sent me a box of pack of socks! Order #111-6882460-3155323. This is a totally different item!,Customer reaching out to @AmazonHelp regarding damaged or incorrect item.,We sincerely apologize for this warehouse mix-up! Please DM us your order number so our fulfillment escalation team can investigate the inventory error and dispatch the correct item immediately: https://amzn.to/dm ^RG,damaged_or_incorrect_item,ESCALATE_TO_HUMAN,Severe inventory mispick requiring warehouse audit and expedited replacement.
conv_amzn_00365,AmazonHelp,conv_amzn_00365,@AmazonHelp I dropped off my return of Ninja Air Fryer at Amazon Locker on Thursday. When should I expect the refund to appear on my credit card?,Customer reaching out to @AmazonHelp regarding return and refund status.,"Once the return is received, refunds typically take 3 to 5 business days to process back to your original payment method. You can track refund progress under Your Orders: https://amzn.to/refund-status ^MK",return_and_refund_status,AUTO_HANDLE,Standard banking processing timeline explanation.
conv_amzn_00366,AmazonHelp,conv_amzn_00366,@AmazonHelp I dropped off my return of Logitech Wireless Mouse at Kohl's Drop-off on Monday. When should I expect the refund to appear on my credit card?,Customer reaching out to @AmazonHelp regarding return and refund status.,"Once the return is received, refunds typically take 3 to 5 business days to process back to your original payment method. You can track refund progress under Your Orders: https://amzn.to/refund-status ^RG",return_and_refund_status,AUTO_HANDLE,Standard banking processing timeline explanation.
conv_amzn_00367,AmazonHelp,conv_amzn_00367,"@AmazonHelp It has been 18 days since your return center acknowledged receipt of my #113-1795212-5599207, but my refund of $148.50 is still not issued. Where is my money?",Customer reaching out to @AmazonHelp regarding return and refund status.,We apologize for the delay. Eighteen days exceeds our normal processing timeline. Please send us a DM with your order number so a billing specialist can review the return status and manually release your refund: https://amzn.to/dm ^RG,return_and_refund_status,ESCALATE_TO_HUMAN,Refund overdue beyond standard SLA (>14 days); requires manual finance clearance.
conv_amzn_00368,AmazonHelp,conv_amzn_00368,"@AmazonHelp My Ninja Air Fryer was promised for delivery by 2 PM today, but tracking shows it hasn't even left the facility. Order #113-8591699-2394812.",Customer reaching out to @AmazonHelp regarding delivery delay and tracking.,"We apologize for the delay! Carrier transit times can vary. You can view the most up-to-date tracking information here: https://amzn.to/track. If it doesn't arrive by tomorrow evening, please DM us with your order ID: https://amzn.to/dm ^JW",delivery_delay_and_tracking,AUTO_HANDLE,Standard transit buffer; directed customer to official live tracking.
conv_amzn_00369,AmazonHelp,conv_amzn_00369,"@AmazonHelp It has been 18 days since your return center acknowledged receipt of my #114-8618446-9300241, but my refund of $175.50 is still not issued. Where is my money?",Customer reaching out to @AmazonHelp regarding return and refund status.,We apologize for the delay. Eighteen days exceeds our normal processing timeline. Please send us a DM with your order number so a billing specialist can review the return status and manually release your refund: https://amzn.to/dm ^MK,return_and_refund_status,ESCALATE_TO_HUMAN,Refund overdue beyond standard SLA (>14 days); requires manual finance clearance.
conv_amzn_00370,AmazonHelp,conv_amzn_00370,@AmazonHelp Delivery photo shows a completely different apartment number (875) and a red doormat. I live in unit 164 and don't have a red mat!,Customer reaching out to @AmazonHelp regarding missing or stolen package.,"We apologize for the misdelivery! Please send us a direct message with your order number so we can review the courier photo, verify your unit, and process an immediate replacement: https://amzn.to/dm ^DL",missing_or_stolen_package,ESCALATE_TO_HUMAN,Photographic proof of misdelivery to wrong unit; requires replacement authorization.
conv_amzn_00371,AmazonHelp,conv_amzn_00371,"@AmazonHelp It has been 18 days since your return center acknowledged receipt of my #114-3115766-2368452, but my refund of $362.00 is still not issued. Where is my money?",Customer reaching out to @AmazonHelp regarding return and refund status.,We apologize for the delay. Eighteen days exceeds our normal processing timeline. Please send us a DM with your order number so a billing specialist can review the return status and manually release your refund: https://amzn.to/dm ^AB,return_and_refund_status,ESCALATE_TO_HUMAN,Refund overdue beyond standard SLA (>14 days); requires manual finance clearance.
conv_amzn_00372,AmazonHelp,conv_amzn_00372,@AmazonHelp It has been 36 hours since my package #111-4129440-9192279 was marked delivered. I checked with neighbors and my building management. It is not here.,Customer reaching out to @AmazonHelp regarding missing or stolen package.,"Thank you for thoroughly checking around your property. Since 36 hours have passed, please DM us your order ID so our team can file a missing package claim and issue a replacement or refund: https://amzn.to/dm ^RG",missing_or_stolen_package,ESCALATE_TO_HUMAN,Waiting window expired and parcel missing; requires human claims specialist.
conv_amzn_00373,AmazonHelp,conv_amzn_00373,"@AmazonHelp The Amazon app sent a notification saying my Apple AirPods Pro was delivered to my front porch 15 minutes ago, but the porch is empty!",Customer reaching out to @AmazonHelp regarding missing or stolen package.,"Carriers sometimes scan packages just prior to walking up to the door. Please allow until the end of the day, and check with household members or side porches: https://amzn.to/find-missing. If still not found tomorrow, reach back out! ^AB",missing_or_stolen_package,AUTO_HANDLE,Scan occurred within past hour; standard buffer and safe spot search recommended.
conv_amzn_00374,AmazonHelp,conv_amzn_00374,"@AmazonHelp My Logitech Wireless Mouse was promised for delivery by 8 PM today, but tracking shows it hasn't even left the facility. Order #112-1357838-7506736.",Customer reaching out to @AmazonHelp regarding delivery delay and tracking.,"We apologize for the delay! Carrier transit times can vary. You can view the most up-to-date tracking information here: https://amzn.to/track. If it doesn't arrive by tomorrow evening, please DM us with your order ID: https://amzn.to/dm ^JW",delivery_delay_and_tracking,AUTO_HANDLE,Standard transit buffer; directed customer to official live tracking.
conv_amzn_00375,AmazonHelp,conv_amzn_00375,"@AmazonHelp It has been 18 days since your return center acknowledged receipt of my #111-5822060-1654005, but my refund of $65.50 is still not issued. Where is my money?",Customer reaching out to @AmazonHelp regarding return and refund status.,We apologize for the delay. Eighteen days exceeds our normal processing timeline. Please send us a DM with your order number so a billing specialist can review the return status and manually release your refund: https://amzn.to/dm ^JW,return_and_refund_status,ESCALATE_TO_HUMAN,Refund overdue beyond standard SLA (>14 days); requires manual finance clearance.
conv_amzn_00376,AmazonHelp,conv_amzn_00376,"@AmazonHelp Tracking says 'Carrier picked up package' since Saturday, but there have been no new updates for 4 days. Is my order #113-3799078-3186507 lost?",Customer reaching out to @AmazonHelp regarding delivery delay and tracking.,We understand your concern regarding the lack of tracking movement. Please send us a direct message with your order number and email address so we can initiate an investigation with the carrier: https://amzn.to/dm ^SJ,delivery_delay_and_tracking,ESCALATE_TO_HUMAN,Carrier stall exceeding 48h SLA; requires human carrier tracing.
conv_amzn_00377,AmazonHelp,conv_amzn_00377,@AmazonHelp My Dyson V8 Vacuum arrived today but the packaging was crushed and the item is cracked in half! Do I have to send back broken glass?,Customer reaching out to @AmazonHelp regarding damaged or incorrect item.,We're very sorry your item arrived damaged! You do not need to ship back broken glass. Please visit Your Orders and select 'Return or replace items' to request a free replacement: https://amzn.to/your-orders. DM us if you need help: https://amzn.to/dm ^RG,damaged_or_incorrect_item,AUTO_HANDLE,Automated returns portal guidance for broken item replacement without hazardous return shipment.
conv_amzn_00378,AmazonHelp,conv_amzn_00378,@AmazonHelp I need an official tax invoice with VAT ID for my company purchase order #113-5926837-2899368.,Customer reaching out to @AmazonHelp regarding general product or policy inquiry.,You can download official tax invoices directly from Your Orders by clicking 'Invoice' on the order details page: https://amzn.to/your-orders ^TB,general_product_or_policy_inquiry,AUTO_HANDLE,Self-service business invoice download guidance.
conv_amzn_00379,AmazonHelp,conv_amzn_00379,@AmazonHelp I need an official tax invoice with VAT ID for my company purchase order #113-5697890-9195212.,Customer reaching out to @AmazonHelp regarding general product or policy inquiry.,You can download official tax invoices directly from Your Orders by clicking 'Invoice' on the order details page: https://amzn.to/your-orders ^AB,general_product_or_policy_inquiry,AUTO_HANDLE,Self-service business invoice download guidance.
conv_amzn_00380,AmazonHelp,conv_amzn_00380,@AmazonHelp I ordered a Oral-B Electric Toothbrush ($135.50) and you sent me a box of pack of socks! Order #111-4921984-5620006. This is a totally different item!,Customer reaching out to @AmazonHelp regarding damaged or incorrect item.,We sincerely apologize for this warehouse mix-up! Please DM us your order number so our fulfillment escalation team can investigate the inventory error and dispatch the correct item immediately: https://amzn.to/dm ^JW,damaged_or_incorrect_item,ESCALATE_TO_HUMAN,Severe inventory mispick requiring warehouse audit and expedited replacement.
conv_amzn_00381,AmazonHelp,conv_amzn_00381,"@AmazonHelp My Logitech Wireless Mouse was promised for delivery by 5 PM today, but tracking shows it hasn't even left the facility. Order #113-9439627-4828679.",Customer reaching out to @AmazonHelp regarding delivery delay and tracking.,"We apologize for the delay! Carrier transit times can vary. You can view the most up-to-date tracking information here: https://amzn.to/track. If it doesn't arrive by tomorrow evening, please DM us with your order ID: https://amzn.to/dm ^AB",delivery_delay_and_tracking,AUTO_HANDLE,Standard transit buffer; directed customer to official live tracking.
conv_amzn_00382,AmazonHelp,conv_amzn_00382,"@AmazonHelp The Amazon app sent a notification saying my Fitbit Charge 6 was delivered to my front porch 45 minutes ago, but the porch is empty!",Customer reaching out to @AmazonHelp regarding missing or stolen package.,"Carriers sometimes scan packages just prior to walking up to the door. Please allow until the end of the day, and check with household members or side porches: https://amzn.to/find-missing. If still not found tomorrow, reach back out! ^KL",missing_or_stolen_package,AUTO_HANDLE,Scan occurred within past hour; standard buffer and safe spot search recommended.
conv_amzn_00383,AmazonHelp,conv_amzn_00383,"@AmazonHelp The Amazon app sent a notification saying my Anker Portable Charger was delivered to my front porch 15 minutes ago, but the porch is empty!",Customer reaching out to @AmazonHelp regarding missing or stolen package.,"Carriers sometimes scan packages just prior to walking up to the door. Please allow until the end of the day, and check with household members or side porches: https://amzn.to/find-missing. If still not found tomorrow, reach back out! ^KL",missing_or_stolen_package,AUTO_HANDLE,Scan occurred within past hour; standard buffer and safe spot search recommended.
conv_amzn_00384,AmazonHelp,conv_amzn_00384,@AmazonHelp It has been 36 hours since my package #114-1310310-2751301 was marked delivered. I checked with neighbors and my building management. It is not here.,Customer reaching out to @AmazonHelp regarding missing or stolen package.,"Thank you for thoroughly checking around your property. Since 36 hours have passed, please DM us your order ID so our team can file a missing package claim and issue a replacement or refund: https://amzn.to/dm ^DL",missing_or_stolen_package,ESCALATE_TO_HUMAN,Waiting window expired and parcel missing; requires human claims specialist.
conv_amzn_00385,AmazonHelp,conv_amzn_00385,"@AmazonHelp Tracking says 'Out for Delivery' since Thursday, but there have been no new updates for 4 days. Is my order #114-4602879-4579157 lost?",Customer reaching out to @AmazonHelp regarding delivery delay and tracking.,We understand your concern regarding the lack of tracking movement. Please send us a direct message with your order number and email address so we can initiate an investigation with the carrier: https://amzn.to/dm ^KL,delivery_delay_and_tracking,ESCALATE_TO_HUMAN,Carrier stall exceeding 48h SLA; requires human carrier tracing.
conv_amzn_00386,AmazonHelp,conv_amzn_00386,"@AmazonHelp Tracking says 'Departed facility' since Saturday, but there have been no new updates for 4 days. Is my order #111-9188192-3917157 lost?",Customer reaching out to @AmazonHelp regarding delivery delay and tracking.,We understand your concern regarding the lack of tracking movement. Please send us a direct message with your order number and email address so we can initiate an investigation with the carrier: https://amzn.to/dm ^AB,delivery_delay_and_tracking,ESCALATE_TO_HUMAN,Carrier stall exceeding 48h SLA; requires human carrier tracing.
conv_amzn_00387,AmazonHelp,conv_amzn_00387,"@AmazonHelp My LEGO Star Wars Set was promised for delivery by 5 PM today, but tracking shows it hasn't even left the facility. Order #111-2992474-9179264.",Customer reaching out to @AmazonHelp regarding delivery delay and tracking.,"We apologize for the delay! Carrier transit times can vary. You can view the most up-to-date tracking information here: https://amzn.to/track. If it doesn't arrive by tomorrow evening, please DM us with your order ID: https://amzn.to/dm ^AB",delivery_delay_and_tracking,AUTO_HANDLE,Standard transit buffer; directed customer to official live tracking.
conv_amzn_00388,AmazonHelp,conv_amzn_00388,@AmazonHelp It has been 36 hours since my package #114-7672317-4055484 was marked delivered. I checked with neighbors and my building management. It is not here.,Customer reaching out to @AmazonHelp regarding missing or stolen package.,"Thank you for thoroughly checking around your property. Since 36 hours have passed, please DM us your order ID so our team can file a missing package claim and issue a replacement or refund: https://amzn.to/dm ^DL",missing_or_stolen_package,ESCALATE_TO_HUMAN,Waiting window expired and parcel missing; requires human claims specialist.
conv_amzn_00389,AmazonHelp,conv_amzn_00389,@AmazonHelp I dropped off my return of Apple AirPods Pro at Kohl's Drop-off on Wednesday. When should I expect the refund to appear on my credit card?,Customer reaching out to @AmazonHelp regarding return and refund status.,"Once the return is received, refunds typically take 3 to 5 business days to process back to your original payment method. You can track refund progress under Your Orders: https://amzn.to/refund-status ^SJ",return_and_refund_status,AUTO_HANDLE,Standard banking processing timeline explanation.
conv_amzn_00390,AmazonHelp,conv_amzn_00390,"@AmazonHelp Tracking says 'Out for Delivery' since Monday, but there have been no new updates for 4 days. Is my order #114-6106430-5959956 lost?",Customer reaching out to @AmazonHelp regarding delivery delay and tracking.,We understand your concern regarding the lack of tracking movement. Please send us a direct message with your order number and email address so we can initiate an investigation with the carrier: https://amzn.to/dm ^DL,delivery_delay_and_tracking,ESCALATE_TO_HUMAN,Carrier stall exceeding 48h SLA; requires human carrier tracing.
conv_amzn_00391,AmazonHelp,conv_amzn_00391,@AmazonHelp Order #112-3045086-2353623 contains urgent medical supplies for my family that was guaranteed yesterday. Where is the courier right now?,Customer reaching out to @AmazonHelp regarding delivery delay and tracking.,"We sincerely apologize for this critical delay. Given the urgency of these supplies, please DM us immediately so a priority dispatcher can coordinate with the local logistics hub: https://amzn.to/dm ^MK",delivery_delay_and_tracking,ESCALATE_TO_HUMAN,Time-critical urgent medical delivery requiring priority dispatcher intervention.
conv_amzn_00392,AmazonHelp,conv_amzn_00392,"@AmazonHelp My Anker Portable Charger was promised for delivery by 5 PM today, but tracking shows it hasn't even left the facility. Order #113-8223446-5786164.",Customer reaching out to @AmazonHelp regarding delivery delay and tracking.,"We apologize for the delay! Carrier transit times can vary. You can view the most up-to-date tracking information here: https://amzn.to/track. If it doesn't arrive by tomorrow evening, please DM us with your order ID: https://amzn.to/dm ^DL",delivery_delay_and_tracking,AUTO_HANDLE,Standard transit buffer; directed customer to official live tracking.
conv_amzn_00393,AmazonHelp,conv_amzn_00393,"@AmazonHelp Tracking says 'Carrier picked up package' since Wednesday, but there have been no new updates for 4 days. Is my order #113-2862388-8488305 lost?",Customer reaching out to @AmazonHelp regarding delivery delay and tracking.,We understand your concern regarding the lack of tracking movement. Please send us a direct message with your order number and email address so we can initiate an investigation with the carrier: https://amzn.to/dm ^TB,delivery_delay_and_tracking,ESCALATE_TO_HUMAN,Carrier stall exceeding 48h SLA; requires human carrier tracing.
conv_amzn_00394,AmazonHelp,conv_amzn_00394,"@AmazonHelp I was just charged $602.99 for Amazon Prime annual renewal today, but I forgot to cancel. Can I get a refund if I haven't used it?",Customer reaching out to @AmazonHelp regarding prime membership and billing.,"Yes! If you haven't used any Prime benefits since the renewal charge, you will automatically receive a full refund when you cancel at: https://amzn.to/manage-prime ^AB",prime_membership_and_billing,AUTO_HANDLE,Prorated/unused Prime auto-refund policy self-service guidance.
conv_amzn_00395,AmazonHelp,conv_amzn_00395,@AmazonHelp Delivery photo shows a completely different apartment number (618) and a red doormat. I live in unit 104 and don't have a red mat!,Customer reaching out to @AmazonHelp regarding missing or stolen package.,"We apologize for the misdelivery! Please send us a direct message with your order number so we can review the courier photo, verify your unit, and process an immediate replacement: https://amzn.to/dm ^MK",missing_or_stolen_package,ESCALATE_TO_HUMAN,Photographic proof of misdelivery to wrong unit; requires replacement authorization.
conv_amzn_00396,AmazonHelp,conv_amzn_00396,"@AmazonHelp My LEGO Star Wars Set was promised for delivery by 8 PM today, but tracking shows it hasn't even left the facility. Order #111-7082761-3601691.",Customer reaching out to @AmazonHelp regarding delivery delay and tracking.,"We apologize for the delay! Carrier transit times can vary. You can view the most up-to-date tracking information here: https://amzn.to/track. If it doesn't arrive by tomorrow evening, please DM us with your order ID: https://amzn.to/dm ^MK",delivery_delay_and_tracking,AUTO_HANDLE,Standard transit buffer; directed customer to official live tracking.
conv_amzn_00397,AmazonHelp,conv_amzn_00397,@AmazonHelp I need an official tax invoice with VAT ID for my company purchase order #111-6356850-3287100.,Customer reaching out to @AmazonHelp regarding general product or policy inquiry.,You can download official tax invoices directly from Your Orders by clicking 'Invoice' on the order details page: https://amzn.to/your-orders ^JW,general_product_or_policy_inquiry,AUTO_HANDLE,Self-service business invoice download guidance.
conv_amzn_00398,AmazonHelp,conv_amzn_00398,"@AmazonHelp My Keurig Coffee Maker was promised for delivery by 5 PM today, but tracking shows it hasn't even left the facility. Order #114-5640542-9861616.",Customer reaching out to @AmazonHelp regarding delivery delay and tracking.,"We apologize for the delay! Carrier transit times can vary. You can view the most up-to-date tracking information here: https://amzn.to/track. If it doesn't arrive by tomorrow evening, please DM us with your order ID: https://amzn.to/dm ^SJ",delivery_delay_and_tracking,AUTO_HANDLE,Standard transit buffer; directed customer to official live tracking.
conv_amzn_00399,AmazonHelp,conv_amzn_00399,@AmazonHelp Delivery photo shows a completely different apartment number (759) and a red doormat. I live in unit 642 and don't have a red mat!,Customer reaching out to @AmazonHelp regarding missing or stolen package.,"We apologize for the misdelivery! Please send us a direct message with your order number so we can review the courier photo, verify your unit, and process an immediate replacement: https://amzn.to/dm ^DL",missing_or_stolen_package,ESCALATE_TO_HUMAN,Photographic proof of misdelivery to wrong unit; requires replacement authorization.
conv_amzn_00400,AmazonHelp,conv_amzn_00400,@AmazonHelp I need an official tax invoice with VAT ID for my company purchase order #112-2283574-4992629.,Customer reaching out to @AmazonHelp regarding general product or policy inquiry.,You can download official tax invoices directly from Your Orders by clicking 'Invoice' on the order details page: https://amzn.to/your-orders ^TB,general_product_or_policy_inquiry,AUTO_HANDLE,Self-service business invoice download guidance.
conv_amzn_00401,AmazonHelp,conv_amzn_00401,@AmazonHelp I dropped off my return of Fitbit Charge 6 at The UPS Store on Thursday. When should I expect the refund to appear on my credit card?,Customer reaching out to @AmazonHelp regarding return and refund status.,"Once the return is received, refunds typically take 3 to 5 business days to process back to your original payment method. You can track refund progress under Your Orders: https://amzn.to/refund-status ^KL",return_and_refund_status,AUTO_HANDLE,Standard banking processing timeline explanation.
conv_amzn_00402,AmazonHelp,conv_amzn_00402,@AmazonHelp Delivery photo shows a completely different apartment number (631) and a red doormat. I live in unit 225 and don't have a red mat!,Customer reaching out to @AmazonHelp regarding missing or stolen package.,"We apologize for the misdelivery! Please send us a direct message with your order number so we can review the courier photo, verify your unit, and process an immediate replacement: https://amzn.to/dm ^KL",missing_or_stolen_package,ESCALATE_TO_HUMAN,Photographic proof of misdelivery to wrong unit; requires replacement authorization.
conv_amzn_00403,AmazonHelp,conv_amzn_00403,"@AmazonHelp I was just charged $157.99 for Amazon Prime annual renewal today, but I forgot to cancel. Can I get a refund if I haven't used it?",Customer reaching out to @AmazonHelp regarding prime membership and billing.,"Yes! If you haven't used any Prime benefits since the renewal charge, you will automatically receive a full refund when you cancel at: https://amzn.to/manage-prime ^TB",prime_membership_and_billing,AUTO_HANDLE,Prorated/unused Prime auto-refund policy self-service guidance.
conv_amzn_00404,AmazonHelp,conv_amzn_00404,"@AmazonHelp Tracking says 'Out for Delivery' since Thursday, but there have been no new updates for 4 days. Is my order #112-6232197-6312305 lost?",Customer reaching out to @AmazonHelp regarding delivery delay and tracking.,We understand your concern regarding the lack of tracking movement. Please send us a direct message with your order number and email address so we can initiate an investigation with the carrier: https://amzn.to/dm ^KL,delivery_delay_and_tracking,ESCALATE_TO_HUMAN,Carrier stall exceeding 48h SLA; requires human carrier tracing.
conv_amzn_00405,AmazonHelp,conv_amzn_00405,@AmazonHelp I dropped off my return of Anker Portable Charger at Amazon Locker on Thursday. When should I expect the refund to appear on my credit card?,Customer reaching out to @AmazonHelp regarding return and refund status.,"Once the return is received, refunds typically take 3 to 5 business days to process back to your original payment method. You can track refund progress under Your Orders: https://amzn.to/refund-status ^DL",return_and_refund_status,AUTO_HANDLE,Standard banking processing timeline explanation.
conv_amzn_00406,AmazonHelp,conv_amzn_00406,"@AmazonHelp It has been 18 days since your return center acknowledged receipt of my #114-2444102-3435690, but my refund of $417.00 is still not issued. Where is my money?",Customer reaching out to @AmazonHelp regarding return and refund status.,We apologize for the delay. Eighteen days exceeds our normal processing timeline. Please send us a DM with your order number so a billing specialist can review the return status and manually release your refund: https://amzn.to/dm ^DL,return_and_refund_status,ESCALATE_TO_HUMAN,Refund overdue beyond standard SLA (>14 days); requires manual finance clearance.
conv_amzn_00407,AmazonHelp,conv_amzn_00407,"@AmazonHelp It has been 18 days since your return center acknowledged receipt of my #113-7840095-3524341, but my refund of $588.50 is still not issued. Where is my money?",Customer reaching out to @AmazonHelp regarding return and refund status.,We apologize for the delay. Eighteen days exceeds our normal processing timeline. Please send us a DM with your order number so a billing specialist can review the return status and manually release your refund: https://amzn.to/dm ^AB,return_and_refund_status,ESCALATE_TO_HUMAN,Refund overdue beyond standard SLA (>14 days); requires manual finance clearance.
conv_amzn_00408,AmazonHelp,conv_amzn_00408,@AmazonHelp Delivery photo shows a completely different apartment number (255) and a red doormat. I live in unit 531 and don't have a red mat!,Customer reaching out to @AmazonHelp regarding missing or stolen package.,"We apologize for the misdelivery! Please send us a direct message with your order number so we can review the courier photo, verify your unit, and process an immediate replacement: https://amzn.to/dm ^TB",missing_or_stolen_package,ESCALATE_TO_HUMAN,Photographic proof of misdelivery to wrong unit; requires replacement authorization.
conv_amzn_00409,AmazonHelp,conv_amzn_00409,@AmazonHelp I dropped off my return of Oral-B Electric Toothbrush at The UPS Store on Friday. When should I expect the refund to appear on my credit card?,Customer reaching out to @AmazonHelp regarding return and refund status.,"Once the return is received, refunds typically take 3 to 5 business days to process back to your original payment method. You can track refund progress under Your Orders: https://amzn.to/refund-status ^MK",return_and_refund_status,AUTO_HANDLE,Standard banking processing timeline explanation.
conv_amzn_00410,AmazonHelp,conv_amzn_00410,"@AmazonHelp The Amazon app sent a notification saying my Anker Portable Charger was delivered to my front porch 60 minutes ago, but the porch is empty!",Customer reaching out to @AmazonHelp regarding missing or stolen package.,"Carriers sometimes scan packages just prior to walking up to the door. Please allow until the end of the day, and check with household members or side porches: https://amzn.to/find-missing. If still not found tomorrow, reach back out! ^KL",missing_or_stolen_package,AUTO_HANDLE,Scan occurred within past hour; standard buffer and safe spot search recommended.
conv_amzn_00411,AmazonHelp,conv_amzn_00411,@AmazonHelp The return window for my Sony Wireless Headphones closed 3 days ago because I was hospitalized. Can an exception be made to return it?,Customer reaching out to @AmazonHelp regarding return and refund status.,"We hope you are recovering well. While the online return portal locks after the return window, please send us a DM with your order ID so a customer care supervisor can review your case for an exception: https://amzn.to/dm ^RG",return_and_refund_status,ESCALATE_TO_HUMAN,Policy exception request requiring human supervisor override.
conv_amzn_00412,AmazonHelp,conv_amzn_00412,@AmazonHelp I ordered a LEGO Star Wars Set ($368.00) and you sent me a box of plastic hangers! Order #114-9377789-7222648. This is a totally different item!,Customer reaching out to @AmazonHelp regarding damaged or incorrect item.,We sincerely apologize for this warehouse mix-up! Please DM us your order number so our fulfillment escalation team can investigate the inventory error and dispatch the correct item immediately: https://amzn.to/dm ^AB,damaged_or_incorrect_item,ESCALATE_TO_HUMAN,Severe inventory mispick requiring warehouse audit and expedited replacement.
conv_amzn_00413,AmazonHelp,conv_amzn_00413,@AmazonHelp I ordered a Kindle Paperwhite ($530.99) and you sent me a box of plastic hangers! Order #113-5521186-1040091. This is a totally different item!,Customer reaching out to @AmazonHelp regarding damaged or incorrect item.,We sincerely apologize for this warehouse mix-up! Please DM us your order number so our fulfillment escalation team can investigate the inventory error and dispatch the correct item immediately: https://amzn.to/dm ^DL,damaged_or_incorrect_item,ESCALATE_TO_HUMAN,Severe inventory mispick requiring warehouse audit and expedited replacement.
conv_amzn_00414,AmazonHelp,conv_amzn_00414,"@AmazonHelp It has been 18 days since your return center acknowledged receipt of my #113-9877192-9938694, but my refund of $119.00 is still not issued. Where is my money?",Customer reaching out to @AmazonHelp regarding return and refund status.,We apologize for the delay. Eighteen days exceeds our normal processing timeline. Please send us a DM with your order number so a billing specialist can review the return status and manually release your refund: https://amzn.to/dm ^SJ,return_and_refund_status,ESCALATE_TO_HUMAN,Refund overdue beyond standard SLA (>14 days); requires manual finance clearance.
conv_amzn_00415,AmazonHelp,conv_amzn_00415,"@AmazonHelp I was just charged $183.99 for Amazon Prime annual renewal today, but I forgot to cancel. Can I get a refund if I haven't used it?",Customer reaching out to @AmazonHelp regarding prime membership and billing.,"Yes! If you haven't used any Prime benefits since the renewal charge, you will automatically receive a full refund when you cancel at: https://amzn.to/manage-prime ^AB",prime_membership_and_billing,AUTO_HANDLE,Prorated/unused Prime auto-refund policy self-service guidance.
conv_amzn_00416,AmazonHelp,conv_amzn_00416,"@AmazonHelp It has been 18 days since your return center acknowledged receipt of my #113-1514653-2092567, but my refund of $371.00 is still not issued. Where is my money?",Customer reaching out to @AmazonHelp regarding return and refund status.,We apologize for the delay. Eighteen days exceeds our normal processing timeline. Please send us a DM with your order number so a billing specialist can review the return status and manually release your refund: https://amzn.to/dm ^AB,return_and_refund_status,ESCALATE_TO_HUMAN,Refund overdue beyond standard SLA (>14 days); requires manual finance clearance.
conv_amzn_00417,AmazonHelp,conv_amzn_00417,@AmazonHelp I ordered a Samsung 55-inch OLED TV ($141.99) and you sent me a box of coffee mugs! Order #113-7151192-6262636. This is a totally different item!,Customer reaching out to @AmazonHelp regarding damaged or incorrect item.,We sincerely apologize for this warehouse mix-up! Please DM us your order number so our fulfillment escalation team can investigate the inventory error and dispatch the correct item immediately: https://amzn.to/dm ^JW,damaged_or_incorrect_item,ESCALATE_TO_HUMAN,Severe inventory mispick requiring warehouse audit and expedited replacement.
conv_amzn_00418,AmazonHelp,conv_amzn_00418,"@AmazonHelp My Keurig Coffee Maker was promised for delivery by 2 PM today, but tracking shows it hasn't even left the facility. Order #111-1826095-8655320.",Customer reaching out to @AmazonHelp regarding delivery delay and tracking.,"We apologize for the delay! Carrier transit times can vary. You can view the most up-to-date tracking information here: https://amzn.to/track. If it doesn't arrive by tomorrow evening, please DM us with your order ID: https://amzn.to/dm ^KL",delivery_delay_and_tracking,AUTO_HANDLE,Standard transit buffer; directed customer to official live tracking.
conv_amzn_00419,AmazonHelp,conv_amzn_00419,"@AmazonHelp It has been 18 days since your return center acknowledged receipt of my #112-1898994-3627707, but my refund of $224.50 is still not issued. Where is my money?",Customer reaching out to @AmazonHelp regarding return and refund status.,We apologize for the delay. Eighteen days exceeds our normal processing timeline. Please send us a DM with your order number so a billing specialist can review the return status and manually release your refund: https://amzn.to/dm ^AB,return_and_refund_status,ESCALATE_TO_HUMAN,Refund overdue beyond standard SLA (>14 days); requires manual finance clearance.
conv_amzn_00420,AmazonHelp,conv_amzn_00420,@AmazonHelp Delivery photo shows a completely different apartment number (362) and a red doormat. I live in unit 727 and don't have a red mat!,Customer reaching out to @AmazonHelp regarding missing or stolen package.,"We apologize for the misdelivery! Please send us a direct message with your order number so we can review the courier photo, verify your unit, and process an immediate replacement: https://amzn.to/dm ^DL",missing_or_stolen_package,ESCALATE_TO_HUMAN,Photographic proof of misdelivery to wrong unit; requires replacement authorization.
conv_amzn_00421,AmazonHelp,conv_amzn_00421,@AmazonHelp It has been 36 hours since my package #114-4169684-2864160 was marked delivered. I checked with neighbors and my building management. It is not here.,Customer reaching out to @AmazonHelp regarding missing or stolen package.,"Thank you for thoroughly checking around your property. Since 36 hours have passed, please DM us your order ID so our team can file a missing package claim and issue a replacement or refund: https://amzn.to/dm ^MK",missing_or_stolen_package,ESCALATE_TO_HUMAN,Waiting window expired and parcel missing; requires human claims specialist.
conv_amzn_00422,AmazonHelp,conv_amzn_00422,"@AmazonHelp Tracking says 'Out for Delivery' since Wednesday, but there have been no new updates for 4 days. Is my order #111-6587546-9186652 lost?",Customer reaching out to @AmazonHelp regarding delivery delay and tracking.,We understand your concern regarding the lack of tracking movement. Please send us a direct message with your order number and email address so we can initiate an investigation with the carrier: https://amzn.to/dm ^JW,delivery_delay_and_tracking,ESCALATE_TO_HUMAN,Carrier stall exceeding 48h SLA; requires human carrier tracing.
conv_amzn_00423,AmazonHelp,conv_amzn_00423,"@AmazonHelp The Amazon app sent a notification saying my Samsung 55-inch OLED TV was delivered to my front porch 60 minutes ago, but the porch is empty!",Customer reaching out to @AmazonHelp regarding missing or stolen package.,"Carriers sometimes scan packages just prior to walking up to the door. Please allow until the end of the day, and check with household members or side porches: https://amzn.to/find-missing. If still not found tomorrow, reach back out! ^JW",missing_or_stolen_package,AUTO_HANDLE,Scan occurred within past hour; standard buffer and safe spot search recommended.
conv_amzn_00424,AmazonHelp,conv_amzn_00424,"@AmazonHelp It has been 18 days since your return center acknowledged receipt of my #113-4172528-1897614, but my refund of $504.00 is still not issued. Where is my money?",Customer reaching out to @AmazonHelp regarding return and refund status.,We apologize for the delay. Eighteen days exceeds our normal processing timeline. Please send us a DM with your order number so a billing specialist can review the return status and manually release your refund: https://amzn.to/dm ^DL,return_and_refund_status,ESCALATE_TO_HUMAN,Refund overdue beyond standard SLA (>14 days); requires manual finance clearance.
conv_amzn_00425,AmazonHelp,conv_amzn_00425,"@AmazonHelp My Kindle Paperwhite was promised for delivery by 2 PM today, but tracking shows it hasn't even left the facility. Order #114-4115966-4619899.",Customer reaching out to @AmazonHelp regarding delivery delay and tracking.,"We apologize for the delay! Carrier transit times can vary. You can view the most up-to-date tracking information here: https://amzn.to/track. If it doesn't arrive by tomorrow evening, please DM us with your order ID: https://amzn.to/dm ^MK",delivery_delay_and_tracking,AUTO_HANDLE,Standard transit buffer; directed customer to official live tracking.
conv_amzn_00426,AmazonHelp,conv_amzn_00426,"@AmazonHelp The Amazon app sent a notification saying my Ceramic Dinnerware Set was delivered to my front porch 25 minutes ago, but the porch is empty!",Customer reaching out to @AmazonHelp regarding missing or stolen package.,"Carriers sometimes scan packages just prior to walking up to the door. Please allow until the end of the day, and check with household members or side porches: https://amzn.to/find-missing. If still not found tomorrow, reach back out! ^MK",missing_or_stolen_package,AUTO_HANDLE,Scan occurred within past hour; standard buffer and safe spot search recommended.
conv_amzn_00427,AmazonHelp,conv_amzn_00427,@AmazonHelp I ordered a Ninja Air Fryer ($212.00) and you sent me a box of pack of socks! Order #111-7223394-2421863. This is a totally different item!,Customer reaching out to @AmazonHelp regarding damaged or incorrect item.,We sincerely apologize for this warehouse mix-up! Please DM us your order number so our fulfillment escalation team can investigate the inventory error and dispatch the correct item immediately: https://amzn.to/dm ^MK,damaged_or_incorrect_item,ESCALATE_TO_HUMAN,Severe inventory mispick requiring warehouse audit and expedited replacement.
conv_amzn_00428,AmazonHelp,conv_amzn_00428,"@AmazonHelp Driver marked package attempted because they couldn't access the building gate, but no one buzzed my apartment 878!",Customer reaching out to @AmazonHelp regarding delivery delay and tracking.,"We're sorry for the inconvenience! Drivers will automatically re-attempt delivery on the next business day. You can add permanent gate codes in Your Account > Addresses: https://amzn.to/delivery-instructions. If urgent, DM us: https://amzn.to/dm ^SJ",delivery_delay_and_tracking,AUTO_HANDLE,Gate access issue; self-service delivery instruction update provided.
conv_amzn_00429,AmazonHelp,conv_amzn_00429,"@AmazonHelp Driver marked package attempted because they couldn't access the building gate, but no one buzzed my apartment 149!",Customer reaching out to @AmazonHelp regarding delivery delay and tracking.,"We're sorry for the inconvenience! Drivers will automatically re-attempt delivery on the next business day. You can add permanent gate codes in Your Account > Addresses: https://amzn.to/delivery-instructions. If urgent, DM us: https://amzn.to/dm ^DL",delivery_delay_and_tracking,AUTO_HANDLE,Gate access issue; self-service delivery instruction update provided.
conv_amzn_00430,AmazonHelp,conv_amzn_00430,@AmazonHelp I need an official tax invoice with VAT ID for my company purchase order #112-7135835-1207507.,Customer reaching out to @AmazonHelp regarding general product or policy inquiry.,You can download official tax invoices directly from Your Orders by clicking 'Invoice' on the order details page: https://amzn.to/your-orders ^KL,general_product_or_policy_inquiry,AUTO_HANDLE,Self-service business invoice download guidance.
conv_amzn_00431,AmazonHelp,conv_amzn_00431,@AmazonHelp I ordered a Levi's Denim Jacket ($326.99) and you sent me a box of pack of socks! Order #111-2381725-3450263. This is a totally different item!,Customer reaching out to @AmazonHelp regarding damaged or incorrect item.,We sincerely apologize for this warehouse mix-up! Please DM us your order number so our fulfillment escalation team can investigate the inventory error and dispatch the correct item immediately: https://amzn.to/dm ^KL,damaged_or_incorrect_item,ESCALATE_TO_HUMAN,Severe inventory mispick requiring warehouse audit and expedited replacement.
conv_amzn_00432,AmazonHelp,conv_amzn_00432,"@AmazonHelp It has been 18 days since your return center acknowledged receipt of my #112-7370610-7207632, but my refund of $310.99 is still not issued. Where is my money?",Customer reaching out to @AmazonHelp regarding return and refund status.,We apologize for the delay. Eighteen days exceeds our normal processing timeline. Please send us a DM with your order number so a billing specialist can review the return status and manually release your refund: https://amzn.to/dm ^MK,return_and_refund_status,ESCALATE_TO_HUMAN,Refund overdue beyond standard SLA (>14 days); requires manual finance clearance.
conv_amzn_00433,AmazonHelp,conv_amzn_00433,@AmazonHelp Delivery photo shows a completely different apartment number (621) and a red doormat. I live in unit 275 and don't have a red mat!,Customer reaching out to @AmazonHelp regarding missing or stolen package.,"We apologize for the misdelivery! Please send us a direct message with your order number so we can review the courier photo, verify your unit, and process an immediate replacement: https://amzn.to/dm ^TB",missing_or_stolen_package,ESCALATE_TO_HUMAN,Photographic proof of misdelivery to wrong unit; requires replacement authorization.
conv_amzn_00434,AmazonHelp,conv_amzn_00434,"@AmazonHelp The Amazon app sent a notification saying my Apple AirPods Pro was delivered to my front porch 25 minutes ago, but the porch is empty!",Customer reaching out to @AmazonHelp regarding missing or stolen package.,"Carriers sometimes scan packages just prior to walking up to the door. Please allow until the end of the day, and check with household members or side porches: https://amzn.to/find-missing. If still not found tomorrow, reach back out! ^TB",missing_or_stolen_package,AUTO_HANDLE,Scan occurred within past hour; standard buffer and safe spot search recommended.
conv_amzn_00435,AmazonHelp,conv_amzn_00435,@AmazonHelp I need an official tax invoice with VAT ID for my company purchase order #111-4322492-2531324.,Customer reaching out to @AmazonHelp regarding general product or policy inquiry.,You can download official tax invoices directly from Your Orders by clicking 'Invoice' on the order details page: https://amzn.to/your-orders ^MK,general_product_or_policy_inquiry,AUTO_HANDLE,Self-service business invoice download guidance.
conv_amzn_00436,AmazonHelp,conv_amzn_00436,"@AmazonHelp It has been 18 days since your return center acknowledged receipt of my #114-4706844-3412565, but my refund of $446.99 is still not issued. Where is my money?",Customer reaching out to @AmazonHelp regarding return and refund status.,We apologize for the delay. Eighteen days exceeds our normal processing timeline. Please send us a DM with your order number so a billing specialist can review the return status and manually release your refund: https://amzn.to/dm ^SJ,return_and_refund_status,ESCALATE_TO_HUMAN,Refund overdue beyond standard SLA (>14 days); requires manual finance clearance.
conv_amzn_00437,AmazonHelp,conv_amzn_00437,"@AmazonHelp It has been 18 days since your return center acknowledged receipt of my #113-1936912-4835961, but my refund of $615.99 is still not issued. Where is my money?",Customer reaching out to @AmazonHelp regarding return and refund status.,We apologize for the delay. Eighteen days exceeds our normal processing timeline. Please send us a DM with your order number so a billing specialist can review the return status and manually release your refund: https://amzn.to/dm ^JW,return_and_refund_status,ESCALATE_TO_HUMAN,Refund overdue beyond standard SLA (>14 days); requires manual finance clearance.
conv_amzn_00438,AmazonHelp,conv_amzn_00438,@AmazonHelp I need an official tax invoice with VAT ID for my company purchase order #112-1199686-9176582.,Customer reaching out to @AmazonHelp regarding general product or policy inquiry.,You can download official tax invoices directly from Your Orders by clicking 'Invoice' on the order details page: https://amzn.to/your-orders ^MK,general_product_or_policy_inquiry,AUTO_HANDLE,Self-service business invoice download guidance.
conv_amzn_00439,AmazonHelp,conv_amzn_00439,"@AmazonHelp Tracking says 'Carrier picked up package' since Thursday, but there have been no new updates for 4 days. Is my order #113-5254915-1516204 lost?",Customer reaching out to @AmazonHelp regarding delivery delay and tracking.,We understand your concern regarding the lack of tracking movement. Please send us a direct message with your order number and email address so we can initiate an investigation with the carrier: https://amzn.to/dm ^DL,delivery_delay_and_tracking,ESCALATE_TO_HUMAN,Carrier stall exceeding 48h SLA; requires human carrier tracing.
conv_amzn_00440,AmazonHelp,conv_amzn_00440,@AmazonHelp I need an official tax invoice with VAT ID for my company purchase order #114-5279821-4080260.,Customer reaching out to @AmazonHelp regarding general product or policy inquiry.,You can download official tax invoices directly from Your Orders by clicking 'Invoice' on the order details page: https://amzn.to/your-orders ^MK,general_product_or_policy_inquiry,AUTO_HANDLE,Self-service business invoice download guidance.
conv_amzn_00441,AmazonHelp,conv_amzn_00441,@AmazonHelp I ordered a Sony Wireless Headphones ($616.50) and you sent me a box of baby wipes! Order #111-5014230-5261792. This is a totally different item!,Customer reaching out to @AmazonHelp regarding damaged or incorrect item.,We sincerely apologize for this warehouse mix-up! Please DM us your order number so our fulfillment escalation team can investigate the inventory error and dispatch the correct item immediately: https://amzn.to/dm ^JW,damaged_or_incorrect_item,ESCALATE_TO_HUMAN,Severe inventory mispick requiring warehouse audit and expedited replacement.
conv_amzn_00442,AmazonHelp,conv_amzn_00442,@AmazonHelp Prime Video keeps giving error code PL-01 when playing movies on my LG WebOS TV. How do I fix this?,Customer reaching out to @AmazonHelp regarding digital services and devices.,"Error PL-01 is typically resolved by restarting your device and router, or clearing the Prime Video app cache. You can find detailed troubleshooting steps here: https://amzn.to/prime-video-help ^MK",digital_services_and_devices,AUTO_HANDLE,Standard streaming cache/reboot troubleshooting steps.
conv_amzn_00443,AmazonHelp,conv_amzn_00443,"@AmazonHelp Tracking says 'Carrier picked up package' since Friday, but there have been no new updates for 4 days. Is my order #111-6571413-4593368 lost?",Customer reaching out to @AmazonHelp regarding delivery delay and tracking.,We understand your concern regarding the lack of tracking movement. Please send us a direct message with your order number and email address so we can initiate an investigation with the carrier: https://amzn.to/dm ^JW,delivery_delay_and_tracking,ESCALATE_TO_HUMAN,Carrier stall exceeding 48h SLA; requires human carrier tracing.
conv_amzn_00444,AmazonHelp,conv_amzn_00444,"@AmazonHelp Tracking says 'Carrier picked up package' since Monday, but there have been no new updates for 4 days. Is my order #114-8580402-9019191 lost?",Customer reaching out to @AmazonHelp regarding delivery delay and tracking.,We understand your concern regarding the lack of tracking movement. Please send us a direct message with your order number and email address so we can initiate an investigation with the carrier: https://amzn.to/dm ^KL,delivery_delay_and_tracking,ESCALATE_TO_HUMAN,Carrier stall exceeding 48h SLA; requires human carrier tracing.
conv_amzn_00445,AmazonHelp,conv_amzn_00445,@AmazonHelp I ordered a Keurig Coffee Maker ($86.00) and you sent me a box of pack of socks! Order #112-1961467-1743799. This is a totally different item!,Customer reaching out to @AmazonHelp regarding damaged or incorrect item.,We sincerely apologize for this warehouse mix-up! Please DM us your order number so our fulfillment escalation team can investigate the inventory error and dispatch the correct item immediately: https://amzn.to/dm ^TB,damaged_or_incorrect_item,ESCALATE_TO_HUMAN,Severe inventory mispick requiring warehouse audit and expedited replacement.
conv_amzn_00446,AmazonHelp,conv_amzn_00446,@AmazonHelp It has been 36 hours since my package #111-8143067-3633056 was marked delivered. I checked with neighbors and my building management. It is not here.,Customer reaching out to @AmazonHelp regarding missing or stolen package.,"Thank you for thoroughly checking around your property. Since 36 hours have passed, please DM us your order ID so our team can file a missing package claim and issue a replacement or refund: https://amzn.to/dm ^SJ",missing_or_stolen_package,ESCALATE_TO_HUMAN,Waiting window expired and parcel missing; requires human claims specialist.
conv_amzn_00447,AmazonHelp,conv_amzn_00447,@AmazonHelp It has been 36 hours since my package #111-1582458-6268352 was marked delivered. I checked with neighbors and my building management. It is not here.,Customer reaching out to @AmazonHelp regarding missing or stolen package.,"Thank you for thoroughly checking around your property. Since 36 hours have passed, please DM us your order ID so our team can file a missing package claim and issue a replacement or refund: https://amzn.to/dm ^TB",missing_or_stolen_package,ESCALATE_TO_HUMAN,Waiting window expired and parcel missing; requires human claims specialist.
conv_amzn_00448,AmazonHelp,conv_amzn_00448,@AmazonHelp I ordered a Kindle Paperwhite ($75.50) and you sent me a box of baby wipes! Order #111-2512560-2409989. This is a totally different item!,Customer reaching out to @AmazonHelp regarding damaged or incorrect item.,We sincerely apologize for this warehouse mix-up! Please DM us your order number so our fulfillment escalation team can investigate the inventory error and dispatch the correct item immediately: https://amzn.to/dm ^TB,damaged_or_incorrect_item,ESCALATE_TO_HUMAN,Severe inventory mispick requiring warehouse audit and expedited replacement.
conv_amzn_00449,AmazonHelp,conv_amzn_00449,"@AmazonHelp My Sony Wireless Headphones was promised for delivery by 5 PM today, but tracking shows it hasn't even left the facility. Order #114-2484071-2082282.",Customer reaching out to @AmazonHelp regarding delivery delay and tracking.,"We apologize for the delay! Carrier transit times can vary. You can view the most up-to-date tracking information here: https://amzn.to/track. If it doesn't arrive by tomorrow evening, please DM us with your order ID: https://amzn.to/dm ^AB",delivery_delay_and_tracking,AUTO_HANDLE,Standard transit buffer; directed customer to official live tracking.
conv_amzn_00450,AmazonHelp,conv_amzn_00450,"@AmazonHelp Driver marked package attempted because they couldn't access the building gate, but no one buzzed my apartment 773!",Customer reaching out to @AmazonHelp regarding delivery delay and tracking.,"We're sorry for the inconvenience! Drivers will automatically re-attempt delivery on the next business day. You can add permanent gate codes in Your Account > Addresses: https://amzn.to/delivery-instructions. If urgent, DM us: https://amzn.to/dm ^RG",delivery_delay_and_tracking,AUTO_HANDLE,Gate access issue; self-service delivery instruction update provided.
conv_amzn_00451,AmazonHelp,conv_amzn_00451,"@AmazonHelp It has been 18 days since your return center acknowledged receipt of my #113-3886277-4941779, but my refund of $208.99 is still not issued. Where is my money?",Customer reaching out to @AmazonHelp regarding return and refund status.,We apologize for the delay. Eighteen days exceeds our normal processing timeline. Please send us a DM with your order number so a billing specialist can review the return status and manually release your refund: https://amzn.to/dm ^RG,return_and_refund_status,ESCALATE_TO_HUMAN,Refund overdue beyond standard SLA (>14 days); requires manual finance clearance.
conv_amzn_00452,AmazonHelp,conv_amzn_00452,"@AmazonHelp My Samsung 55-inch OLED TV was promised for delivery by 5 PM today, but tracking shows it hasn't even left the facility. Order #111-5355584-7292714.",Customer reaching out to @AmazonHelp regarding delivery delay and tracking.,"We apologize for the delay! Carrier transit times can vary. You can view the most up-to-date tracking information here: https://amzn.to/track. If it doesn't arrive by tomorrow evening, please DM us with your order ID: https://amzn.to/dm ^RG",delivery_delay_and_tracking,AUTO_HANDLE,Standard transit buffer; directed customer to official live tracking.
conv_amzn_00453,AmazonHelp,conv_amzn_00453,@AmazonHelp It has been 36 hours since my package #114-2045716-4997553 was marked delivered. I checked with neighbors and my building management. It is not here.,Customer reaching out to @AmazonHelp regarding missing or stolen package.,"Thank you for thoroughly checking around your property. Since 36 hours have passed, please DM us your order ID so our team can file a missing package claim and issue a replacement or refund: https://amzn.to/dm ^AB",missing_or_stolen_package,ESCALATE_TO_HUMAN,Waiting window expired and parcel missing; requires human claims specialist.
conv_amzn_00454,AmazonHelp,conv_amzn_00454,"@AmazonHelp Driver marked package attempted because they couldn't access the building gate, but no one buzzed my apartment 637!",Customer reaching out to @AmazonHelp regarding delivery delay and tracking.,"We're sorry for the inconvenience! Drivers will automatically re-attempt delivery on the next business day. You can add permanent gate codes in Your Account > Addresses: https://amzn.to/delivery-instructions. If urgent, DM us: https://amzn.to/dm ^AB",delivery_delay_and_tracking,AUTO_HANDLE,Gate access issue; self-service delivery instruction update provided.
conv_amzn_00455,AmazonHelp,conv_amzn_00455,@AmazonHelp I dropped off my return of Ceramic Dinnerware Set at Kohl's Drop-off on Friday. When should I expect the refund to appear on my credit card?,Customer reaching out to @AmazonHelp regarding return and refund status.,"Once the return is received, refunds typically take 3 to 5 business days to process back to your original payment method. You can track refund progress under Your Orders: https://amzn.to/refund-status ^KL",return_and_refund_status,AUTO_HANDLE,Standard banking processing timeline explanation.
conv_amzn_00456,AmazonHelp,conv_amzn_00456,@AmazonHelp The return window for my Logitech Wireless Mouse closed 3 days ago because I was hospitalized. Can an exception be made to return it?,Customer reaching out to @AmazonHelp regarding return and refund status.,"We hope you are recovering well. While the online return portal locks after the return window, please send us a DM with your order ID so a customer care supervisor can review your case for an exception: https://amzn.to/dm ^JW",return_and_refund_status,ESCALATE_TO_HUMAN,Policy exception request requiring human supervisor override.
conv_amzn_00457,AmazonHelp,conv_amzn_00457,@AmazonHelp I need an official tax invoice with VAT ID for my company purchase order #114-7538480-1376801.,Customer reaching out to @AmazonHelp regarding general product or policy inquiry.,You can download official tax invoices directly from Your Orders by clicking 'Invoice' on the order details page: https://amzn.to/your-orders ^AB,general_product_or_policy_inquiry,AUTO_HANDLE,Self-service business invoice download guidance.
conv_amzn_00458,AmazonHelp,conv_amzn_00458,"@AmazonHelp I was just charged $197.50 for Amazon Prime annual renewal today, but I forgot to cancel. Can I get a refund if I haven't used it?",Customer reaching out to @AmazonHelp regarding prime membership and billing.,"Yes! If you haven't used any Prime benefits since the renewal charge, you will automatically receive a full refund when you cancel at: https://amzn.to/manage-prime ^MK",prime_membership_and_billing,AUTO_HANDLE,Prorated/unused Prime auto-refund policy self-service guidance.
conv_amzn_00459,AmazonHelp,conv_amzn_00459,@AmazonHelp Prime Video keeps giving error code 9074 when playing movies on my Roku Ultra. How do I fix this?,Customer reaching out to @AmazonHelp regarding digital services and devices.,"Error 9074 is typically resolved by restarting your device and router, or clearing the Prime Video app cache. You can find detailed troubleshooting steps here: https://amzn.to/prime-video-help ^JW",digital_services_and_devices,AUTO_HANDLE,Standard streaming cache/reboot troubleshooting steps.
conv_amzn_00460,AmazonHelp,conv_amzn_00460,"@AmazonHelp I was just charged $157.50 for Amazon Prime annual renewal today, but I forgot to cancel. Can I get a refund if I haven't used it?",Customer reaching out to @AmazonHelp regarding prime membership and billing.,"Yes! If you haven't used any Prime benefits since the renewal charge, you will automatically receive a full refund when you cancel at: https://amzn.to/manage-prime ^DL",prime_membership_and_billing,AUTO_HANDLE,Prorated/unused Prime auto-refund policy self-service guidance.
conv_amzn_00461,AmazonHelp,conv_amzn_00461,@AmazonHelp Delivery photo shows a completely different apartment number (475) and a red doormat. I live in unit 651 and don't have a red mat!,Customer reaching out to @AmazonHelp regarding missing or stolen package.,"We apologize for the misdelivery! Please send us a direct message with your order number so we can review the courier photo, verify your unit, and process an immediate replacement: https://amzn.to/dm ^RG",missing_or_stolen_package,ESCALATE_TO_HUMAN,Photographic proof of misdelivery to wrong unit; requires replacement authorization.
conv_amzn_00462,AmazonHelp,conv_amzn_00462,"@AmazonHelp I was just charged $484.00 for Amazon Prime annual renewal today, but I forgot to cancel. Can I get a refund if I haven't used it?",Customer reaching out to @AmazonHelp regarding prime membership and billing.,"Yes! If you haven't used any Prime benefits since the renewal charge, you will automatically receive a full refund when you cancel at: https://amzn.to/manage-prime ^JW",prime_membership_and_billing,AUTO_HANDLE,Prorated/unused Prime auto-refund policy self-service guidance.
conv_amzn_00463,AmazonHelp,conv_amzn_00463,"@AmazonHelp I was just charged $162.99 for Amazon Prime annual renewal today, but I forgot to cancel. Can I get a refund if I haven't used it?",Customer reaching out to @AmazonHelp regarding prime membership and billing.,"Yes! If you haven't used any Prime benefits since the renewal charge, you will automatically receive a full refund when you cancel at: https://amzn.to/manage-prime ^AB",prime_membership_and_billing,AUTO_HANDLE,Prorated/unused Prime auto-refund policy self-service guidance.
conv_amzn_00464,AmazonHelp,conv_amzn_00464,@AmazonHelp Delivery photo shows a completely different apartment number (639) and a red doormat. I live in unit 659 and don't have a red mat!,Customer reaching out to @AmazonHelp regarding missing or stolen package.,"We apologize for the misdelivery! Please send us a direct message with your order number so we can review the courier photo, verify your unit, and process an immediate replacement: https://amzn.to/dm ^TB",missing_or_stolen_package,ESCALATE_TO_HUMAN,Photographic proof of misdelivery to wrong unit; requires replacement authorization.
conv_amzn_00465,AmazonHelp,conv_amzn_00465,"@AmazonHelp My Dyson V8 Vacuum was promised for delivery by 2 PM today, but tracking shows it hasn't even left the facility. Order #114-5264521-4764676.",Customer reaching out to @AmazonHelp regarding delivery delay and tracking.,"We apologize for the delay! Carrier transit times can vary. You can view the most up-to-date tracking information here: https://amzn.to/track. If it doesn't arrive by tomorrow evening, please DM us with your order ID: https://amzn.to/dm ^KL",delivery_delay_and_tracking,AUTO_HANDLE,Standard transit buffer; directed customer to official live tracking.
conv_amzn_00466,AmazonHelp,conv_amzn_00466,@AmazonHelp It has been 36 hours since my package #112-4585263-3040686 was marked delivered. I checked with neighbors and my building management. It is not here.,Customer reaching out to @AmazonHelp regarding missing or stolen package.,"Thank you for thoroughly checking around your property. Since 36 hours have passed, please DM us your order ID so our team can file a missing package claim and issue a replacement or refund: https://amzn.to/dm ^DL",missing_or_stolen_package,ESCALATE_TO_HUMAN,Waiting window expired and parcel missing; requires human claims specialist.
conv_amzn_00467,AmazonHelp,conv_amzn_00467,@AmazonHelp It has been 36 hours since my package #111-1371820-8235216 was marked delivered. I checked with neighbors and my building management. It is not here.,Customer reaching out to @AmazonHelp regarding missing or stolen package.,"Thank you for thoroughly checking around your property. Since 36 hours have passed, please DM us your order ID so our team can file a missing package claim and issue a replacement or refund: https://amzn.to/dm ^KL",missing_or_stolen_package,ESCALATE_TO_HUMAN,Waiting window expired and parcel missing; requires human claims specialist.
conv_amzn_00468,AmazonHelp,conv_amzn_00468,@AmazonHelp I dropped off my return of Ceramic Dinnerware Set at Amazon Locker on Tuesday. When should I expect the refund to appear on my credit card?,Customer reaching out to @AmazonHelp regarding return and refund status.,"Once the return is received, refunds typically take 3 to 5 business days to process back to your original payment method. You can track refund progress under Your Orders: https://amzn.to/refund-status ^SJ",return_and_refund_status,AUTO_HANDLE,Standard banking processing timeline explanation.
conv_amzn_00469,AmazonHelp,conv_amzn_00469,@AmazonHelp I need an official tax invoice with VAT ID for my company purchase order #111-4725831-9648796.,Customer reaching out to @AmazonHelp regarding general product or policy inquiry.,You can download official tax invoices directly from Your Orders by clicking 'Invoice' on the order details page: https://amzn.to/your-orders ^MK,general_product_or_policy_inquiry,AUTO_HANDLE,Self-service business invoice download guidance.
conv_amzn_00470,AmazonHelp,conv_amzn_00470,"@AmazonHelp Tracking says 'In Transit' since Monday, but there have been no new updates for 4 days. Is my order #114-8960884-8857360 lost?",Customer reaching out to @AmazonHelp regarding delivery delay and tracking.,We understand your concern regarding the lack of tracking movement. Please send us a direct message with your order number and email address so we can initiate an investigation with the carrier: https://amzn.to/dm ^KL,delivery_delay_and_tracking,ESCALATE_TO_HUMAN,Carrier stall exceeding 48h SLA; requires human carrier tracing.
conv_amzn_00471,AmazonHelp,conv_amzn_00471,"@AmazonHelp Driver marked package attempted because they couldn't access the building gate, but no one buzzed my apartment 112!",Customer reaching out to @AmazonHelp regarding delivery delay and tracking.,"We're sorry for the inconvenience! Drivers will automatically re-attempt delivery on the next business day. You can add permanent gate codes in Your Account > Addresses: https://amzn.to/delivery-instructions. If urgent, DM us: https://amzn.to/dm ^RG",delivery_delay_and_tracking,AUTO_HANDLE,Gate access issue; self-service delivery instruction update provided.
conv_amzn_00472,AmazonHelp,conv_amzn_00472,"@AmazonHelp Tracking says 'Out for Delivery' since Thursday, but there have been no new updates for 4 days. Is my order #112-8072179-6292543 lost?",Customer reaching out to @AmazonHelp regarding delivery delay and tracking.,We understand your concern regarding the lack of tracking movement. Please send us a direct message with your order number and email address so we can initiate an investigation with the carrier: https://amzn.to/dm ^KL,delivery_delay_and_tracking,ESCALATE_TO_HUMAN,Carrier stall exceeding 48h SLA; requires human carrier tracing.
conv_amzn_00473,AmazonHelp,conv_amzn_00473,"@AmazonHelp I was just charged $463.99 for Amazon Prime annual renewal today, but I forgot to cancel. Can I get a refund if I haven't used it?",Customer reaching out to @AmazonHelp regarding prime membership and billing.,"Yes! If you haven't used any Prime benefits since the renewal charge, you will automatically receive a full refund when you cancel at: https://amzn.to/manage-prime ^AB",prime_membership_and_billing,AUTO_HANDLE,Prorated/unused Prime auto-refund policy self-service guidance.
conv_amzn_00474,AmazonHelp,conv_amzn_00474,@AmazonHelp Delivery photo shows a completely different apartment number (747) and a red doormat. I live in unit 252 and don't have a red mat!,Customer reaching out to @AmazonHelp regarding missing or stolen package.,"We apologize for the misdelivery! Please send us a direct message with your order number so we can review the courier photo, verify your unit, and process an immediate replacement: https://amzn.to/dm ^AB",missing_or_stolen_package,ESCALATE_TO_HUMAN,Photographic proof of misdelivery to wrong unit; requires replacement authorization.
conv_amzn_00475,AmazonHelp,conv_amzn_00475,@AmazonHelp I ordered a Sony Wireless Headphones ($555.00) and you sent me a box of dog food! Order #113-6302739-1532286. This is a totally different item!,Customer reaching out to @AmazonHelp regarding damaged or incorrect item.,We sincerely apologize for this warehouse mix-up! Please DM us your order number so our fulfillment escalation team can investigate the inventory error and dispatch the correct item immediately: https://amzn.to/dm ^SJ,damaged_or_incorrect_item,ESCALATE_TO_HUMAN,Severe inventory mispick requiring warehouse audit and expedited replacement.
conv_amzn_00476,AmazonHelp,conv_amzn_00476,"@AmazonHelp My Sony Wireless Headphones was promised for delivery by 2 PM today, but tracking shows it hasn't even left the facility. Order #111-1248956-5873842.",Customer reaching out to @AmazonHelp regarding delivery delay and tracking.,"We apologize for the delay! Carrier transit times can vary. You can view the most up-to-date tracking information here: https://amzn.to/track. If it doesn't arrive by tomorrow evening, please DM us with your order ID: https://amzn.to/dm ^SJ",delivery_delay_and_tracking,AUTO_HANDLE,Standard transit buffer; directed customer to official live tracking.
conv_amzn_00477,AmazonHelp,conv_amzn_00477,@AmazonHelp It has been 36 hours since my package #112-6825875-8906368 was marked delivered. I checked with neighbors and my building management. It is not here.,Customer reaching out to @AmazonHelp regarding missing or stolen package.,"Thank you for thoroughly checking around your property. Since 36 hours have passed, please DM us your order ID so our team can file a missing package claim and issue a replacement or refund: https://amzn.to/dm ^DL",missing_or_stolen_package,ESCALATE_TO_HUMAN,Waiting window expired and parcel missing; requires human claims specialist.
conv_amzn_00478,AmazonHelp,conv_amzn_00478,"@AmazonHelp My Fitbit Charge 6 was promised for delivery by 8 PM today, but tracking shows it hasn't even left the facility. Order #111-5007767-7254557.",Customer reaching out to @AmazonHelp regarding delivery delay and tracking.,"We apologize for the delay! Carrier transit times can vary. You can view the most up-to-date tracking information here: https://amzn.to/track. If it doesn't arrive by tomorrow evening, please DM us with your order ID: https://amzn.to/dm ^DL",delivery_delay_and_tracking,AUTO_HANDLE,Standard transit buffer; directed customer to official live tracking.
conv_amzn_00479,AmazonHelp,conv_amzn_00479,@AmazonHelp The return window for my Samsung 55-inch OLED TV closed 3 days ago because I was hospitalized. Can an exception be made to return it?,Customer reaching out to @AmazonHelp regarding return and refund status.,"We hope you are recovering well. While the online return portal locks after the return window, please send us a DM with your order ID so a customer care supervisor can review your case for an exception: https://amzn.to/dm ^KL",return_and_refund_status,ESCALATE_TO_HUMAN,Policy exception request requiring human supervisor override.
conv_amzn_00480,AmazonHelp,conv_amzn_00480,"@AmazonHelp The Amazon app sent a notification saying my Oral-B Electric Toothbrush was delivered to my front porch 45 minutes ago, but the porch is empty!",Customer reaching out to @AmazonHelp regarding missing or stolen package.,"Carriers sometimes scan packages just prior to walking up to the door. Please allow until the end of the day, and check with household members or side porches: https://amzn.to/find-missing. If still not found tomorrow, reach back out! ^TB",missing_or_stolen_package,AUTO_HANDLE,Scan occurred within past hour; standard buffer and safe spot search recommended.
conv_amzn_00481,AmazonHelp,conv_amzn_00481,@AmazonHelp I ordered a Kindle Paperwhite ($539.00) and you sent me a box of dog food! Order #112-8041344-9973952. This is a totally different item!,Customer reaching out to @AmazonHelp regarding damaged or incorrect item.,We sincerely apologize for this warehouse mix-up! Please DM us your order number so our fulfillment escalation team can investigate the inventory error and dispatch the correct item immediately: https://amzn.to/dm ^JW,damaged_or_incorrect_item,ESCALATE_TO_HUMAN,Severe inventory mispick requiring warehouse audit and expedited replacement.
conv_amzn_00482,AmazonHelp,conv_amzn_00482,@AmazonHelp I don't have a working printer at home. Can I return my Logitech Wireless Mouse without printing a return label?,Customer reaching out to @AmazonHelp regarding return and refund status.,Yes! You can choose 'UPS Drop-off - No Box or Label Needed' or 'Kohl's Drop-off' when initiating the return in Your Orders. They will simply scan a QR code from your phone: https://amzn.to/return-center ^KL,return_and_refund_status,AUTO_HANDLE,Self-service instructions for mobile QR code label-free returns.
conv_amzn_00483,AmazonHelp,conv_amzn_00483,@AmazonHelp I ordered a Levi's Denim Jacket ($278.50) and you sent me a box of plastic hangers! Order #111-2774079-7823683. This is a totally different item!,Customer reaching out to @AmazonHelp regarding damaged or incorrect item.,We sincerely apologize for this warehouse mix-up! Please DM us your order number so our fulfillment escalation team can investigate the inventory error and dispatch the correct item immediately: https://amzn.to/dm ^AB,damaged_or_incorrect_item,ESCALATE_TO_HUMAN,Severe inventory mispick requiring warehouse audit and expedited replacement.
conv_amzn_00484,AmazonHelp,conv_amzn_00484,@AmazonHelp Order #112-7742146-9233224 contains urgent medical supplies for my family that was guaranteed yesterday. Where is the courier right now?,Customer reaching out to @AmazonHelp regarding delivery delay and tracking.,"We sincerely apologize for this critical delay. Given the urgency of these supplies, please DM us immediately so a priority dispatcher can coordinate with the local logistics hub: https://amzn.to/dm ^RG",delivery_delay_and_tracking,ESCALATE_TO_HUMAN,Time-critical urgent medical delivery requiring priority dispatcher intervention.
conv_amzn_00485,AmazonHelp,conv_amzn_00485,"@AmazonHelp I was just charged $87.50 for Amazon Prime annual renewal today, but I forgot to cancel. Can I get a refund if I haven't used it?",Customer reaching out to @AmazonHelp regarding prime membership and billing.,"Yes! If you haven't used any Prime benefits since the renewal charge, you will automatically receive a full refund when you cancel at: https://amzn.to/manage-prime ^TB",prime_membership_and_billing,AUTO_HANDLE,Prorated/unused Prime auto-refund policy self-service guidance.
conv_amzn_00486,AmazonHelp,conv_amzn_00486,@AmazonHelp Order #111-3924958-8340198 contains urgent medical supplies for my family that was guaranteed yesterday. Where is the courier right now?,Customer reaching out to @AmazonHelp regarding delivery delay and tracking.,"We sincerely apologize for this critical delay. Given the urgency of these supplies, please DM us immediately so a priority dispatcher can coordinate with the local logistics hub: https://amzn.to/dm ^KL",delivery_delay_and_tracking,ESCALATE_TO_HUMAN,Time-critical urgent medical delivery requiring priority dispatcher intervention.
conv_amzn_00487,AmazonHelp,conv_amzn_00487,"@AmazonHelp The Amazon app sent a notification saying my Ceramic Dinnerware Set was delivered to my front porch 60 minutes ago, but the porch is empty!",Customer reaching out to @AmazonHelp regarding missing or stolen package.,"Carriers sometimes scan packages just prior to walking up to the door. Please allow until the end of the day, and check with household members or side porches: https://amzn.to/find-missing. If still not found tomorrow, reach back out! ^JW",missing_or_stolen_package,AUTO_HANDLE,Scan occurred within past hour; standard buffer and safe spot search recommended.
conv_amzn_00488,AmazonHelp,conv_amzn_00488,"@AmazonHelp Tracking says 'Carrier picked up package' since Saturday, but there have been no new updates for 4 days. Is my order #112-8114189-2105582 lost?",Customer reaching out to @AmazonHelp regarding delivery delay and tracking.,We understand your concern regarding the lack of tracking movement. Please send us a direct message with your order number and email address so we can initiate an investigation with the carrier: https://amzn.to/dm ^JW,delivery_delay_and_tracking,ESCALATE_TO_HUMAN,Carrier stall exceeding 48h SLA; requires human carrier tracing.
conv_amzn_00489,AmazonHelp,conv_amzn_00489,@AmazonHelp It has been 36 hours since my package #112-7916249-6158080 was marked delivered. I checked with neighbors and my building management. It is not here.,Customer reaching out to @AmazonHelp regarding missing or stolen package.,"Thank you for thoroughly checking around your property. Since 36 hours have passed, please DM us your order ID so our team can file a missing package claim and issue a replacement or refund: https://amzn.to/dm ^MK",missing_or_stolen_package,ESCALATE_TO_HUMAN,Waiting window expired and parcel missing; requires human claims specialist.
conv_amzn_00490,AmazonHelp,conv_amzn_00490,@AmazonHelp I don't have a working printer at home. Can I return my LEGO Star Wars Set without printing a return label?,Customer reaching out to @AmazonHelp regarding return and refund status.,Yes! You can choose 'UPS Drop-off - No Box or Label Needed' or 'Kohl's Drop-off' when initiating the return in Your Orders. They will simply scan a QR code from your phone: https://amzn.to/return-center ^TB,return_and_refund_status,AUTO_HANDLE,Self-service instructions for mobile QR code label-free returns.
conv_amzn_00491,AmazonHelp,conv_amzn_00491,@AmazonHelp I dropped off my return of Sony Wireless Headphones at Amazon Locker on Thursday. When should I expect the refund to appear on my credit card?,Customer reaching out to @AmazonHelp regarding return and refund status.,"Once the return is received, refunds typically take 3 to 5 business days to process back to your original payment method. You can track refund progress under Your Orders: https://amzn.to/refund-status ^DL",return_and_refund_status,AUTO_HANDLE,Standard banking processing timeline explanation.
conv_amzn_00492,AmazonHelp,conv_amzn_00492,@AmazonHelp The return window for my Fitbit Charge 6 closed 3 days ago because I was hospitalized. Can an exception be made to return it?,Customer reaching out to @AmazonHelp regarding return and refund status.,"We hope you are recovering well. While the online return portal locks after the return window, please send us a DM with your order ID so a customer care supervisor can review your case for an exception: https://amzn.to/dm ^DL",return_and_refund_status,ESCALATE_TO_HUMAN,Policy exception request requiring human supervisor override.
conv_amzn_00493,AmazonHelp,conv_amzn_00493,"@AmazonHelp My Samsung 55-inch OLED TV was promised for delivery by 2 PM today, but tracking shows it hasn't even left the facility. Order #114-7811125-7806268.",Customer reaching out to @AmazonHelp regarding delivery delay and tracking.,"We apologize for the delay! Carrier transit times can vary. You can view the most up-to-date tracking information here: https://amzn.to/track. If it doesn't arrive by tomorrow evening, please DM us with your order ID: https://amzn.to/dm ^TB",delivery_delay_and_tracking,AUTO_HANDLE,Standard transit buffer; directed customer to official live tracking.
conv_amzn_00494,AmazonHelp,conv_amzn_00494,@AmazonHelp Order #113-7519666-9875659 contains urgent medical supplies for my family that was guaranteed yesterday. Where is the courier right now?,Customer reaching out to @AmazonHelp regarding delivery delay and tracking.,"We sincerely apologize for this critical delay. Given the urgency of these supplies, please DM us immediately so a priority dispatcher can coordinate with the local logistics hub: https://amzn.to/dm ^SJ",delivery_delay_and_tracking,ESCALATE_TO_HUMAN,Time-critical urgent medical delivery requiring priority dispatcher intervention.
conv_amzn_00495,AmazonHelp,conv_amzn_00495,@AmazonHelp I ordered a Levi's Denim Jacket ($53.50) and you sent me a box of cat litter! Order #114-9542044-9733816. This is a totally different item!,Customer reaching out to @AmazonHelp regarding damaged or incorrect item.,We sincerely apologize for this warehouse mix-up! Please DM us your order number so our fulfillment escalation team can investigate the inventory error and dispatch the correct item immediately: https://amzn.to/dm ^MK,damaged_or_incorrect_item,ESCALATE_TO_HUMAN,Severe inventory mispick requiring warehouse audit and expedited replacement.
conv_amzn_00496,AmazonHelp,conv_amzn_00496,@AmazonHelp Delivery photo shows a completely different apartment number (474) and a red doormat. I live in unit 490 and don't have a red mat!,Customer reaching out to @AmazonHelp regarding missing or stolen package.,"We apologize for the misdelivery! Please send us a direct message with your order number so we can review the courier photo, verify your unit, and process an immediate replacement: https://amzn.to/dm ^DL",missing_or_stolen_package,ESCALATE_TO_HUMAN,Photographic proof of misdelivery to wrong unit; requires replacement authorization.
conv_amzn_00497,AmazonHelp,conv_amzn_00497,"@AmazonHelp Driver marked package attempted because they couldn't access the building gate, but no one buzzed my apartment 736!",Customer reaching out to @AmazonHelp regarding delivery delay and tracking.,"We're sorry for the inconvenience! Drivers will automatically re-attempt delivery on the next business day. You can add permanent gate codes in Your Account > Addresses: https://amzn.to/delivery-instructions. If urgent, DM us: https://amzn.to/dm ^RG",delivery_delay_and_tracking,AUTO_HANDLE,Gate access issue; self-service delivery instruction update provided.
conv_amzn_00498,AmazonHelp,conv_amzn_00498,@AmazonHelp Order #113-7645143-7750257 contains urgent medical supplies for my family that was guaranteed yesterday. Where is the courier right now?,Customer reaching out to @AmazonHelp regarding delivery delay and tracking.,"We sincerely apologize for this critical delay. Given the urgency of these supplies, please DM us immediately so a priority dispatcher can coordinate with the local logistics hub: https://amzn.to/dm ^DL",delivery_delay_and_tracking,ESCALATE_TO_HUMAN,Time-critical urgent medical delivery requiring priority dispatcher intervention.
conv_amzn_00499,AmazonHelp,conv_amzn_00499,"@AmazonHelp Tracking says 'Out for Delivery' since Tuesday, but there have been no new updates for 4 days. Is my order #113-2953422-1666327 lost?",Customer reaching out to @AmazonHelp regarding delivery delay and tracking.,We understand your concern regarding the lack of tracking movement. Please send us a direct message with your order number and email address so we can initiate an investigation with the carrier: https://amzn.to/dm ^AB,delivery_delay_and_tracking,ESCALATE_TO_HUMAN,Carrier stall exceeding 48h SLA; requires human carrier tracing.
conv_amzn_00500,AmazonHelp,conv_amzn_00500,@AmazonHelp I need an official tax invoice with VAT ID for my company purchase order #113-8908014-6161337.,Customer reaching out to @AmazonHelp regarding general product or policy inquiry.,You can download official tax invoices directly from Your Orders by clicking 'Invoice' on the order details page: https://amzn.to/your-orders ^RG,general_product_or_policy_inquiry,AUTO_HANDLE,Self-service business invoice download guidance.
conv_amzn_00501,AmazonHelp,conv_amzn_00501,@AmazonHelp I dropped off my return of Keurig Coffee Maker at Kohl's Drop-off on Tuesday. When should I expect the refund to appear on my credit card?,Customer reaching out to @AmazonHelp regarding return and refund status.,"Once the return is received, refunds typically take 3 to 5 business days to process back to your original payment method. You can track refund progress under Your Orders: https://amzn.to/refund-status ^MK",return_and_refund_status,AUTO_HANDLE,Standard banking processing timeline explanation.
conv_amzn_00502,AmazonHelp,conv_amzn_00502,"@AmazonHelp I was just charged $238.50 for Amazon Prime annual renewal today, but I forgot to cancel. Can I get a refund if I haven't used it?",Customer reaching out to @AmazonHelp regarding prime membership and billing.,"Yes! If you haven't used any Prime benefits since the renewal charge, you will automatically receive a full refund when you cancel at: https://amzn.to/manage-prime ^JW",prime_membership_and_billing,AUTO_HANDLE,Prorated/unused Prime auto-refund policy self-service guidance.
conv_amzn_00503,AmazonHelp,conv_amzn_00503,@AmazonHelp Order #114-7540897-5994848 contains urgent medical supplies for my family that was guaranteed yesterday. Where is the courier right now?,Customer reaching out to @AmazonHelp regarding delivery delay and tracking.,"We sincerely apologize for this critical delay. Given the urgency of these supplies, please DM us immediately so a priority dispatcher can coordinate with the local logistics hub: https://amzn.to/dm ^JW",delivery_delay_and_tracking,ESCALATE_TO_HUMAN,Time-critical urgent medical delivery requiring priority dispatcher intervention.
conv_amzn_00504,AmazonHelp,conv_amzn_00504,@AmazonHelp I dropped off my return of Fitbit Charge 6 at Amazon Locker on Tuesday. When should I expect the refund to appear on my credit card?,Customer reaching out to @AmazonHelp regarding return and refund status.,"Once the return is received, refunds typically take 3 to 5 business days to process back to your original payment method. You can track refund progress under Your Orders: https://amzn.to/refund-status ^JW",return_and_refund_status,AUTO_HANDLE,Standard banking processing timeline explanation.
conv_amzn_00505,AmazonHelp,conv_amzn_00505,@AmazonHelp I need an official tax invoice with VAT ID for my company purchase order #113-2994374-2475605.,Customer reaching out to @AmazonHelp regarding general product or policy inquiry.,You can download official tax invoices directly from Your Orders by clicking 'Invoice' on the order details page: https://amzn.to/your-orders ^MK,general_product_or_policy_inquiry,AUTO_HANDLE,Self-service business invoice download guidance.
conv_amzn_00506,AmazonHelp,conv_amzn_00506,@AmazonHelp Order #111-9753661-3778287 contains urgent medical supplies for my family that was guaranteed yesterday. Where is the courier right now?,Customer reaching out to @AmazonHelp regarding delivery delay and tracking.,"We sincerely apologize for this critical delay. Given the urgency of these supplies, please DM us immediately so a priority dispatcher can coordinate with the local logistics hub: https://amzn.to/dm ^KL",delivery_delay_and_tracking,ESCALATE_TO_HUMAN,Time-critical urgent medical delivery requiring priority dispatcher intervention.
conv_amzn_00507,AmazonHelp,conv_amzn_00507,@AmazonHelp I ordered a Fitbit Charge 6 ($606.00) and you sent me a box of coffee mugs! Order #111-8027886-5538761. This is a totally different item!,Customer reaching out to @AmazonHelp regarding damaged or incorrect item.,We sincerely apologize for this warehouse mix-up! Please DM us your order number so our fulfillment escalation team can investigate the inventory error and dispatch the correct item immediately: https://amzn.to/dm ^TB,damaged_or_incorrect_item,ESCALATE_TO_HUMAN,Severe inventory mispick requiring warehouse audit and expedited replacement.
conv_amzn_00508,AmazonHelp,conv_amzn_00508,"@AmazonHelp Tracking says 'In Transit' since Thursday, but there have been no new updates for 4 days. Is my order #114-4517833-5861065 lost?",Customer reaching out to @AmazonHelp regarding delivery delay and tracking.,We understand your concern regarding the lack of tracking movement. Please send us a direct message with your order number and email address so we can initiate an investigation with the carrier: https://amzn.to/dm ^JW,delivery_delay_and_tracking,ESCALATE_TO_HUMAN,Carrier stall exceeding 48h SLA; requires human carrier tracing.
conv_amzn_00509,AmazonHelp,conv_amzn_00509,@AmazonHelp I ordered a Apple AirPods Pro ($400.99) and you sent me a box of coffee mugs! Order #111-5046646-3474674. This is a totally different item!,Customer reaching out to @AmazonHelp regarding damaged or incorrect item.,We sincerely apologize for this warehouse mix-up! Please DM us your order number so our fulfillment escalation team can investigate the inventory error and dispatch the correct item immediately: https://amzn.to/dm ^TB,damaged_or_incorrect_item,ESCALATE_TO_HUMAN,Severe inventory mispick requiring warehouse audit and expedited replacement.
conv_amzn_00510,AmazonHelp,conv_amzn_00510,@AmazonHelp I ordered a Samsung 55-inch OLED TV ($569.00) and you sent me a box of pack of socks! Order #112-8246822-2750004. This is a totally different item!,Customer reaching out to @AmazonHelp regarding damaged or incorrect item.,We sincerely apologize for this warehouse mix-up! Please DM us your order number so our fulfillment escalation team can investigate the inventory error and dispatch the correct item immediately: https://amzn.to/dm ^MK,damaged_or_incorrect_item,ESCALATE_TO_HUMAN,Severe inventory mispick requiring warehouse audit and expedited replacement.
conv_amzn_00511,AmazonHelp,conv_amzn_00511,"@AmazonHelp I was just charged $196.00 for Amazon Prime annual renewal today, but I forgot to cancel. Can I get a refund if I haven't used it?",Customer reaching out to @AmazonHelp regarding prime membership and billing.,"Yes! If you haven't used any Prime benefits since the renewal charge, you will automatically receive a full refund when you cancel at: https://amzn.to/manage-prime ^KL",prime_membership_and_billing,AUTO_HANDLE,Prorated/unused Prime auto-refund policy self-service guidance.
conv_amzn_00512,AmazonHelp,conv_amzn_00512,@AmazonHelp Liquid soap bottle leaked inside the box and ruined the electronics (Logitech Wireless Mouse) that were shipped together in the same box!,Customer reaching out to @AmazonHelp regarding damaged or incorrect item.,We're so sorry for this shipping error! Please send us a direct message with photos of the damaged package and your order ID so we can issue a full replacement for all affected items: https://amzn.to/dm ^SJ,damaged_or_incorrect_item,ESCALATE_TO_HUMAN,Cross-item hazardous spill damaging electronics; human damage assessment required.
conv_amzn_00513,AmazonHelp,conv_amzn_00513,@AmazonHelp I ordered a Samsung 55-inch OLED TV ($487.00) and you sent me a box of dog food! Order #113-6050625-9543769. This is a totally different item!,Customer reaching out to @AmazonHelp regarding damaged or incorrect item.,We sincerely apologize for this warehouse mix-up! Please DM us your order number so our fulfillment escalation team can investigate the inventory error and dispatch the correct item immediately: https://amzn.to/dm ^JW,damaged_or_incorrect_item,ESCALATE_TO_HUMAN,Severe inventory mispick requiring warehouse audit and expedited replacement.
conv_amzn_00514,AmazonHelp,conv_amzn_00514,@AmazonHelp My Logitech Wireless Mouse arrived today but the packaging was crushed and the item is cracked in half! Do I have to send back broken glass?,Customer reaching out to @AmazonHelp regarding damaged or incorrect item.,We're very sorry your item arrived damaged! You do not need to ship back broken glass. Please visit Your Orders and select 'Return or replace items' to request a free replacement: https://amzn.to/your-orders. DM us if you need help: https://amzn.to/dm ^KL,damaged_or_incorrect_item,AUTO_HANDLE,Automated returns portal guidance for broken item replacement without hazardous return shipment.
conv_amzn_00515,AmazonHelp,conv_amzn_00515,@AmazonHelp I need an official tax invoice with VAT ID for my company purchase order #114-6963945-9690033.,Customer reaching out to @AmazonHelp regarding general product or policy inquiry.,You can download official tax invoices directly from Your Orders by clicking 'Invoice' on the order details page: https://amzn.to/your-orders ^DL,general_product_or_policy_inquiry,AUTO_HANDLE,Self-service business invoice download guidance.
conv_amzn_00516,AmazonHelp,conv_amzn_00516,@AmazonHelp Prime Video keeps giving error code 1060 when playing movies on my Fire TV 4K. How do I fix this?,Customer reaching out to @AmazonHelp regarding digital services and devices.,"Error 1060 is typically resolved by restarting your device and router, or clearing the Prime Video app cache. You can find detailed troubleshooting steps here: https://amzn.to/prime-video-help ^DL",digital_services_and_devices,AUTO_HANDLE,Standard streaming cache/reboot troubleshooting steps.
conv_amzn_00517,AmazonHelp,conv_amzn_00517,@AmazonHelp I need an official tax invoice with VAT ID for my company purchase order #114-4935430-5534703.,Customer reaching out to @AmazonHelp regarding general product or policy inquiry.,You can download official tax invoices directly from Your Orders by clicking 'Invoice' on the order details page: https://amzn.to/your-orders ^KL,general_product_or_policy_inquiry,AUTO_HANDLE,Self-service business invoice download guidance.
conv_amzn_00518,AmazonHelp,conv_amzn_00518,"@AmazonHelp It has been 18 days since your return center acknowledged receipt of my #114-7073051-3192630, but my refund of $420.50 is still not issued. Where is my money?",Customer reaching out to @AmazonHelp regarding return and refund status.,We apologize for the delay. Eighteen days exceeds our normal processing timeline. Please send us a DM with your order number so a billing specialist can review the return status and manually release your refund: https://amzn.to/dm ^JW,return_and_refund_status,ESCALATE_TO_HUMAN,Refund overdue beyond standard SLA (>14 days); requires manual finance clearance.
conv_amzn_00519,AmazonHelp,conv_amzn_00519,@AmazonHelp Order #112-7290554-8800562 contains urgent medical supplies for my family that was guaranteed yesterday. Where is the courier right now?,Customer reaching out to @AmazonHelp regarding delivery delay and tracking.,"We sincerely apologize for this critical delay. Given the urgency of these supplies, please DM us immediately so a priority dispatcher can coordinate with the local logistics hub: https://amzn.to/dm ^AB",delivery_delay_and_tracking,ESCALATE_TO_HUMAN,Time-critical urgent medical delivery requiring priority dispatcher intervention.
conv_amzn_00520,AmazonHelp,conv_amzn_00520,"@AmazonHelp Tracking says 'Departed facility' since Tuesday, but there have been no new updates for 4 days. Is my order #114-3943103-8712809 lost?",Customer reaching out to @AmazonHelp regarding delivery delay and tracking.,We understand your concern regarding the lack of tracking movement. Please send us a direct message with your order number and email address so we can initiate an investigation with the carrier: https://amzn.to/dm ^KL,delivery_delay_and_tracking,ESCALATE_TO_HUMAN,Carrier stall exceeding 48h SLA; requires human carrier tracing.
conv_amzn_00521,AmazonHelp,conv_amzn_00521,"@AmazonHelp My Logitech Wireless Mouse was promised for delivery by 5 PM today, but tracking shows it hasn't even left the facility. Order #111-3514424-6492284.",Customer reaching out to @AmazonHelp regarding delivery delay and tracking.,"We apologize for the delay! Carrier transit times can vary. You can view the most up-to-date tracking information here: https://amzn.to/track. If it doesn't arrive by tomorrow evening, please DM us with your order ID: https://amzn.to/dm ^TB",delivery_delay_and_tracking,AUTO_HANDLE,Standard transit buffer; directed customer to official live tracking.
conv_amzn_00522,AmazonHelp,conv_amzn_00522,@AmazonHelp I ordered a Logitech Wireless Mouse ($559.50) and you sent me a box of cat litter! Order #112-6548480-4636958. This is a totally different item!,Customer reaching out to @AmazonHelp regarding damaged or incorrect item.,We sincerely apologize for this warehouse mix-up! Please DM us your order number so our fulfillment escalation team can investigate the inventory error and dispatch the correct item immediately: https://amzn.to/dm ^TB,damaged_or_incorrect_item,ESCALATE_TO_HUMAN,Severe inventory mispick requiring warehouse audit and expedited replacement.
conv_amzn_00523,AmazonHelp,conv_amzn_00523,@AmazonHelp Order #113-5165811-5127528 contains urgent medical supplies for my family that was guaranteed yesterday. Where is the courier right now?,Customer reaching out to @AmazonHelp regarding delivery delay and tracking.,"We sincerely apologize for this critical delay. Given the urgency of these supplies, please DM us immediately so a priority dispatcher can coordinate with the local logistics hub: https://amzn.to/dm ^KL",delivery_delay_and_tracking,ESCALATE_TO_HUMAN,Time-critical urgent medical delivery requiring priority dispatcher intervention.
conv_amzn_00524,AmazonHelp,conv_amzn_00524,@AmazonHelp Order #113-2685523-3048950 contains urgent medical supplies for my family that was guaranteed yesterday. Where is the courier right now?,Customer reaching out to @AmazonHelp regarding delivery delay and tracking.,"We sincerely apologize for this critical delay. Given the urgency of these supplies, please DM us immediately so a priority dispatcher can coordinate with the local logistics hub: https://amzn.to/dm ^RG",delivery_delay_and_tracking,ESCALATE_TO_HUMAN,Time-critical urgent medical delivery requiring priority dispatcher intervention.
conv_amzn_00525,AmazonHelp,conv_amzn_00525,"@AmazonHelp I was just charged $290.00 for Amazon Prime annual renewal today, but I forgot to cancel. Can I get a refund if I haven't used it?",Customer reaching out to @AmazonHelp regarding prime membership and billing.,"Yes! If you haven't used any Prime benefits since the renewal charge, you will automatically receive a full refund when you cancel at: https://amzn.to/manage-prime ^DL",prime_membership_and_billing,AUTO_HANDLE,Prorated/unused Prime auto-refund policy self-service guidance.
conv_amzn_00526,AmazonHelp,conv_amzn_00526,"@AmazonHelp I was just charged $151.99 for Amazon Prime annual renewal today, but I forgot to cancel. Can I get a refund if I haven't used it?",Customer reaching out to @AmazonHelp regarding prime membership and billing.,"Yes! If you haven't used any Prime benefits since the renewal charge, you will automatically receive a full refund when you cancel at: https://amzn.to/manage-prime ^SJ",prime_membership_and_billing,AUTO_HANDLE,Prorated/unused Prime auto-refund policy self-service guidance.
conv_amzn_00527,AmazonHelp,conv_amzn_00527,@AmazonHelp Delivery photo shows a completely different apartment number (420) and a red doormat. I live in unit 590 and don't have a red mat!,Customer reaching out to @AmazonHelp regarding missing or stolen package.,"We apologize for the misdelivery! Please send us a direct message with your order number so we can review the courier photo, verify your unit, and process an immediate replacement: https://amzn.to/dm ^DL",missing_or_stolen_package,ESCALATE_TO_HUMAN,Photographic proof of misdelivery to wrong unit; requires replacement authorization.
conv_amzn_00528,AmazonHelp,conv_amzn_00528,@AmazonHelp I ordered a Sony Wireless Headphones ($140.50) and you sent me a box of plastic hangers! Order #112-7770659-8043455. This is a totally different item!,Customer reaching out to @AmazonHelp regarding damaged or incorrect item.,We sincerely apologize for this warehouse mix-up! Please DM us your order number so our fulfillment escalation team can investigate the inventory error and dispatch the correct item immediately: https://amzn.to/dm ^SJ,damaged_or_incorrect_item,ESCALATE_TO_HUMAN,Severe inventory mispick requiring warehouse audit and expedited replacement.
conv_amzn_00529,AmazonHelp,conv_amzn_00529,@AmazonHelp Delivery photo shows a completely different apartment number (130) and a red doormat. I live in unit 188 and don't have a red mat!,Customer reaching out to @AmazonHelp regarding missing or stolen package.,"We apologize for the misdelivery! Please send us a direct message with your order number so we can review the courier photo, verify your unit, and process an immediate replacement: https://amzn.to/dm ^AB",missing_or_stolen_package,ESCALATE_TO_HUMAN,Photographic proof of misdelivery to wrong unit; requires replacement authorization.
conv_amzn_00530,AmazonHelp,conv_amzn_00530,@AmazonHelp It has been 36 hours since my package #114-9123586-3550711 was marked delivered. I checked with neighbors and my building management. It is not here.,Customer reaching out to @AmazonHelp regarding missing or stolen package.,"Thank you for thoroughly checking around your property. Since 36 hours have passed, please DM us your order ID so our team can file a missing package claim and issue a replacement or refund: https://amzn.to/dm ^KL",missing_or_stolen_package,ESCALATE_TO_HUMAN,Waiting window expired and parcel missing; requires human claims specialist.
conv_amzn_00531,AmazonHelp,conv_amzn_00531,"@AmazonHelp Tracking says 'In Transit' since Thursday, but there have been no new updates for 4 days. Is my order #113-7810274-5083090 lost?",Customer reaching out to @AmazonHelp regarding delivery delay and tracking.,We understand your concern regarding the lack of tracking movement. Please send us a direct message with your order number and email address so we can initiate an investigation with the carrier: https://amzn.to/dm ^DL,delivery_delay_and_tracking,ESCALATE_TO_HUMAN,Carrier stall exceeding 48h SLA; requires human carrier tracing.
conv_amzn_00532,AmazonHelp,conv_amzn_00532,"@AmazonHelp Driver marked package attempted because they couldn't access the building gate, but no one buzzed my apartment 235!",Customer reaching out to @AmazonHelp regarding delivery delay and tracking.,"We're sorry for the inconvenience! Drivers will automatically re-attempt delivery on the next business day. You can add permanent gate codes in Your Account > Addresses: https://amzn.to/delivery-instructions. If urgent, DM us: https://amzn.to/dm ^DL",delivery_delay_and_tracking,AUTO_HANDLE,Gate access issue; self-service delivery instruction update provided.
conv_amzn_00533,AmazonHelp,conv_amzn_00533,"@AmazonHelp The Amazon app sent a notification saying my Levi's Denim Jacket was delivered to my front porch 60 minutes ago, but the porch is empty!",Customer reaching out to @AmazonHelp regarding missing or stolen package.,"Carriers sometimes scan packages just prior to walking up to the door. Please allow until the end of the day, and check with household members or side porches: https://amzn.to/find-missing. If still not found tomorrow, reach back out! ^MK",missing_or_stolen_package,AUTO_HANDLE,Scan occurred within past hour; standard buffer and safe spot search recommended.
conv_amzn_00534,AmazonHelp,conv_amzn_00534,@AmazonHelp Order #113-4892119-1609778 contains urgent medical supplies for my family that was guaranteed yesterday. Where is the courier right now?,Customer reaching out to @AmazonHelp regarding delivery delay and tracking.,"We sincerely apologize for this critical delay. Given the urgency of these supplies, please DM us immediately so a priority dispatcher can coordinate with the local logistics hub: https://amzn.to/dm ^MK",delivery_delay_and_tracking,ESCALATE_TO_HUMAN,Time-critical urgent medical delivery requiring priority dispatcher intervention.
conv_amzn_00535,AmazonHelp,conv_amzn_00535,@AmazonHelp I ordered a Logitech Wireless Mouse ($633.50) and you sent me a box of dog food! Order #111-9130743-3343112. This is a totally different item!,Customer reaching out to @AmazonHelp regarding damaged or incorrect item.,We sincerely apologize for this warehouse mix-up! Please DM us your order number so our fulfillment escalation team can investigate the inventory error and dispatch the correct item immediately: https://amzn.to/dm ^KL,damaged_or_incorrect_item,ESCALATE_TO_HUMAN,Severe inventory mispick requiring warehouse audit and expedited replacement.
conv_amzn_00536,AmazonHelp,conv_amzn_00536,"@AmazonHelp Tracking says 'Departed facility' since Tuesday, but there have been no new updates for 4 days. Is my order #114-6071656-8073222 lost?",Customer reaching out to @AmazonHelp regarding delivery delay and tracking.,We understand your concern regarding the lack of tracking movement. Please send us a direct message with your order number and email address so we can initiate an investigation with the carrier: https://amzn.to/dm ^RG,delivery_delay_and_tracking,ESCALATE_TO_HUMAN,Carrier stall exceeding 48h SLA; requires human carrier tracing.
conv_amzn_00537,AmazonHelp,conv_amzn_00537,"@AmazonHelp I was just charged $606.50 for Amazon Prime annual renewal today, but I forgot to cancel. Can I get a refund if I haven't used it?",Customer reaching out to @AmazonHelp regarding prime membership and billing.,"Yes! If you haven't used any Prime benefits since the renewal charge, you will automatically receive a full refund when you cancel at: https://amzn.to/manage-prime ^KL",prime_membership_and_billing,AUTO_HANDLE,Prorated/unused Prime auto-refund policy self-service guidance.
conv_amzn_00538,AmazonHelp,conv_amzn_00538,"@AmazonHelp Driver marked package attempted because they couldn't access the building gate, but no one buzzed my apartment 603!",Customer reaching out to @AmazonHelp regarding delivery delay and tracking.,"We're sorry for the inconvenience! Drivers will automatically re-attempt delivery on the next business day. You can add permanent gate codes in Your Account > Addresses: https://amzn.to/delivery-instructions. If urgent, DM us: https://amzn.to/dm ^TB",delivery_delay_and_tracking,AUTO_HANDLE,Gate access issue; self-service delivery instruction update provided.
conv_amzn_00539,AmazonHelp,conv_amzn_00539,@AmazonHelp I ordered a Instant Pot Duo ($217.50) and you sent me a box of cat litter! Order #114-9357960-6385596. This is a totally different item!,Customer reaching out to @AmazonHelp regarding damaged or incorrect item.,We sincerely apologize for this warehouse mix-up! Please DM us your order number so our fulfillment escalation team can investigate the inventory error and dispatch the correct item immediately: https://amzn.to/dm ^MK,damaged_or_incorrect_item,ESCALATE_TO_HUMAN,Severe inventory mispick requiring warehouse audit and expedited replacement.
conv_amzn_00540,AmazonHelp,conv_amzn_00540,"@AmazonHelp It has been 18 days since your return center acknowledged receipt of my #114-5662016-1084999, but my refund of $643.00 is still not issued. Where is my money?",Customer reaching out to @AmazonHelp regarding return and refund status.,We apologize for the delay. Eighteen days exceeds our normal processing timeline. Please send us a DM with your order number so a billing specialist can review the return status and manually release your refund: https://amzn.to/dm ^JW,return_and_refund_status,ESCALATE_TO_HUMAN,Refund overdue beyond standard SLA (>14 days); requires manual finance clearance.
conv_amzn_00541,AmazonHelp,conv_amzn_00541,@AmazonHelp I ordered a LEGO Star Wars Set ($153.00) and you sent me a box of pack of socks! Order #112-8884189-7636745. This is a totally different item!,Customer reaching out to @AmazonHelp regarding damaged or incorrect item.,We sincerely apologize for this warehouse mix-up! Please DM us your order number so our fulfillment escalation team can investigate the inventory error and dispatch the correct item immediately: https://amzn.to/dm ^JW,damaged_or_incorrect_item,ESCALATE_TO_HUMAN,Severe inventory mispick requiring warehouse audit and expedited replacement.
conv_amzn_00542,AmazonHelp,conv_amzn_00542,"@AmazonHelp It has been 18 days since your return center acknowledged receipt of my #114-4018562-3260466, but my refund of $521.99 is still not issued. Where is my money?",Customer reaching out to @AmazonHelp regarding return and refund status.,We apologize for the delay. Eighteen days exceeds our normal processing timeline. Please send us a DM with your order number so a billing specialist can review the return status and manually release your refund: https://amzn.to/dm ^DL,return_and_refund_status,ESCALATE_TO_HUMAN,Refund overdue beyond standard SLA (>14 days); requires manual finance clearance.
conv_amzn_00543,AmazonHelp,conv_amzn_00543,@AmazonHelp It has been 36 hours since my package #112-5533040-1358098 was marked delivered. I checked with neighbors and my building management. It is not here.,Customer reaching out to @AmazonHelp regarding missing or stolen package.,"Thank you for thoroughly checking around your property. Since 36 hours have passed, please DM us your order ID so our team can file a missing package claim and issue a replacement or refund: https://amzn.to/dm ^JW",missing_or_stolen_package,ESCALATE_TO_HUMAN,Waiting window expired and parcel missing; requires human claims specialist.
conv_amzn_00544,AmazonHelp,conv_amzn_00544,@AmazonHelp I ordered a Kindle Paperwhite ($57.00) and you sent me a box of baby wipes! Order #112-6398160-6433284. This is a totally different item!,Customer reaching out to @AmazonHelp regarding damaged or incorrect item.,We sincerely apologize for this warehouse mix-up! Please DM us your order number so our fulfillment escalation team can investigate the inventory error and dispatch the correct item immediately: https://amzn.to/dm ^KL,damaged_or_incorrect_item,ESCALATE_TO_HUMAN,Severe inventory mispick requiring warehouse audit and expedited replacement.
conv_amzn_00545,AmazonHelp,conv_amzn_00545,"@AmazonHelp My Levi's Denim Jacket was promised for delivery by 2 PM today, but tracking shows it hasn't even left the facility. Order #114-1818817-8077779.",Customer reaching out to @AmazonHelp regarding delivery delay and tracking.,"We apologize for the delay! Carrier transit times can vary. You can view the most up-to-date tracking information here: https://amzn.to/track. If it doesn't arrive by tomorrow evening, please DM us with your order ID: https://amzn.to/dm ^DL",delivery_delay_and_tracking,AUTO_HANDLE,Standard transit buffer; directed customer to official live tracking.
conv_amzn_00546,AmazonHelp,conv_amzn_00546,@AmazonHelp I need an official tax invoice with VAT ID for my company purchase order #112-5150985-3030931.,Customer reaching out to @AmazonHelp regarding general product or policy inquiry.,You can download official tax invoices directly from Your Orders by clicking 'Invoice' on the order details page: https://amzn.to/your-orders ^RG,general_product_or_policy_inquiry,AUTO_HANDLE,Self-service business invoice download guidance.
conv_amzn_00547,AmazonHelp,conv_amzn_00547,@AmazonHelp Delivery photo shows a completely different apartment number (899) and a red doormat. I live in unit 632 and don't have a red mat!,Customer reaching out to @AmazonHelp regarding missing or stolen package.,"We apologize for the misdelivery! Please send us a direct message with your order number so we can review the courier photo, verify your unit, and process an immediate replacement: https://amzn.to/dm ^MK",missing_or_stolen_package,ESCALATE_TO_HUMAN,Photographic proof of misdelivery to wrong unit; requires replacement authorization.
conv_amzn_00548,AmazonHelp,conv_amzn_00548,@AmazonHelp Delivery photo shows a completely different apartment number (220) and a red doormat. I live in unit 334 and don't have a red mat!,Customer reaching out to @AmazonHelp regarding missing or stolen package.,"We apologize for the misdelivery! Please send us a direct message with your order number so we can review the courier photo, verify your unit, and process an immediate replacement: https://amzn.to/dm ^KL",missing_or_stolen_package,ESCALATE_TO_HUMAN,Photographic proof of misdelivery to wrong unit; requires replacement authorization.
conv_amzn_00549,AmazonHelp,conv_amzn_00549,"@AmazonHelp It has been 18 days since your return center acknowledged receipt of my #114-7360616-4860259, but my refund of $236.00 is still not issued. Where is my money?",Customer reaching out to @AmazonHelp regarding return and refund status.,We apologize for the delay. Eighteen days exceeds our normal processing timeline. Please send us a DM with your order number so a billing specialist can review the return status and manually release your refund: https://amzn.to/dm ^AB,return_and_refund_status,ESCALATE_TO_HUMAN,Refund overdue beyond standard SLA (>14 days); requires manual finance clearance.
conv_amzn_00550,AmazonHelp,conv_amzn_00550,"@AmazonHelp Tracking says 'Carrier picked up package' since Saturday, but there have been no new updates for 4 days. Is my order #111-3282651-5773057 lost?",Customer reaching out to @AmazonHelp regarding delivery delay and tracking.,We understand your concern regarding the lack of tracking movement. Please send us a direct message with your order number and email address so we can initiate an investigation with the carrier: https://amzn.to/dm ^RG,delivery_delay_and_tracking,ESCALATE_TO_HUMAN,Carrier stall exceeding 48h SLA; requires human carrier tracing.
conv_amzn_00551,AmazonHelp,conv_amzn_00551,@AmazonHelp Delivery photo shows a completely different apartment number (785) and a red doormat. I live in unit 816 and don't have a red mat!,Customer reaching out to @AmazonHelp regarding missing or stolen package.,"We apologize for the misdelivery! Please send us a direct message with your order number so we can review the courier photo, verify your unit, and process an immediate replacement: https://amzn.to/dm ^KL",missing_or_stolen_package,ESCALATE_TO_HUMAN,Photographic proof of misdelivery to wrong unit; requires replacement authorization.
conv_amzn_00552,AmazonHelp,conv_amzn_00552,"@AmazonHelp The Amazon app sent a notification saying my Apple AirPods Pro was delivered to my front porch 45 minutes ago, but the porch is empty!",Customer reaching out to @AmazonHelp regarding missing or stolen package.,"Carriers sometimes scan packages just prior to walking up to the door. Please allow until the end of the day, and check with household members or side porches: https://amzn.to/find-missing. If still not found tomorrow, reach back out! ^JW",missing_or_stolen_package,AUTO_HANDLE,Scan occurred within past hour; standard buffer and safe spot search recommended.
conv_amzn_00553,AmazonHelp,conv_amzn_00553,@AmazonHelp I ordered a Ceramic Dinnerware Set ($67.99) and you sent me a box of baby wipes! Order #111-7149933-9453387. This is a totally different item!,Customer reaching out to @AmazonHelp regarding damaged or incorrect item.,We sincerely apologize for this warehouse mix-up! Please DM us your order number so our fulfillment escalation team can investigate the inventory error and dispatch the correct item immediately: https://amzn.to/dm ^DL,damaged_or_incorrect_item,ESCALATE_TO_HUMAN,Severe inventory mispick requiring warehouse audit and expedited replacement.
conv_amzn_00554,AmazonHelp,conv_amzn_00554,@AmazonHelp I dropped off my return of Fitbit Charge 6 at Kohl's Drop-off on Saturday. When should I expect the refund to appear on my credit card?,Customer reaching out to @AmazonHelp regarding return and refund status.,"Once the return is received, refunds typically take 3 to 5 business days to process back to your original payment method. You can track refund progress under Your Orders: https://amzn.to/refund-status ^AB",return_and_refund_status,AUTO_HANDLE,Standard banking processing timeline explanation.
conv_amzn_00555,AmazonHelp,conv_amzn_00555,"@AmazonHelp I was just charged $649.00 for Amazon Prime annual renewal today, but I forgot to cancel. Can I get a refund if I haven't used it?",Customer reaching out to @AmazonHelp regarding prime membership and billing.,"Yes! If you haven't used any Prime benefits since the renewal charge, you will automatically receive a full refund when you cancel at: https://amzn.to/manage-prime ^DL",prime_membership_and_billing,AUTO_HANDLE,Prorated/unused Prime auto-refund policy self-service guidance.
conv_amzn_00556,AmazonHelp,conv_amzn_00556,@AmazonHelp It has been 36 hours since my package #114-3485341-4575265 was marked delivered. I checked with neighbors and my building management. It is not here.,Customer reaching out to @AmazonHelp regarding missing or stolen package.,"Thank you for thoroughly checking around your property. Since 36 hours have passed, please DM us your order ID so our team can file a missing package claim and issue a replacement or refund: https://amzn.to/dm ^TB",missing_or_stolen_package,ESCALATE_TO_HUMAN,Waiting window expired and parcel missing; requires human claims specialist.
conv_amzn_00557,AmazonHelp,conv_amzn_00557,@AmazonHelp Prime Video keeps giving error code PL-01 when playing movies on my Roku Ultra. How do I fix this?,Customer reaching out to @AmazonHelp regarding digital services and devices.,"Error PL-01 is typically resolved by restarting your device and router, or clearing the Prime Video app cache. You can find detailed troubleshooting steps here: https://amzn.to/prime-video-help ^SJ",digital_services_and_devices,AUTO_HANDLE,Standard streaming cache/reboot troubleshooting steps.
conv_amzn_00558,AmazonHelp,conv_amzn_00558,@AmazonHelp It has been 36 hours since my package #112-1014412-9811037 was marked delivered. I checked with neighbors and my building management. It is not here.,Customer reaching out to @AmazonHelp regarding missing or stolen package.,"Thank you for thoroughly checking around your property. Since 36 hours have passed, please DM us your order ID so our team can file a missing package claim and issue a replacement or refund: https://amzn.to/dm ^TB",missing_or_stolen_package,ESCALATE_TO_HUMAN,Waiting window expired and parcel missing; requires human claims specialist.
conv_amzn_00559,AmazonHelp,conv_amzn_00559,"@AmazonHelp I was just charged $505.50 for Amazon Prime annual renewal today, but I forgot to cancel. Can I get a refund if I haven't used it?",Customer reaching out to @AmazonHelp regarding prime membership and billing.,"Yes! If you haven't used any Prime benefits since the renewal charge, you will automatically receive a full refund when you cancel at: https://amzn.to/manage-prime ^SJ",prime_membership_and_billing,AUTO_HANDLE,Prorated/unused Prime auto-refund policy self-service guidance.
conv_amzn_00560,AmazonHelp,conv_amzn_00560,@AmazonHelp I dropped off my return of Samsung 55-inch OLED TV at The UPS Store on Friday. When should I expect the refund to appear on my credit card?,Customer reaching out to @AmazonHelp regarding return and refund status.,"Once the return is received, refunds typically take 3 to 5 business days to process back to your original payment method. You can track refund progress under Your Orders: https://amzn.to/refund-status ^RG",return_and_refund_status,AUTO_HANDLE,Standard banking processing timeline explanation.
conv_amzn_00561,AmazonHelp,conv_amzn_00561,@AmazonHelp I ordered a Samsung 55-inch OLED TV ($426.00) and you sent me a box of baby wipes! Order #113-5994101-2686748. This is a totally different item!,Customer reaching out to @AmazonHelp regarding damaged or incorrect item.,We sincerely apologize for this warehouse mix-up! Please DM us your order number so our fulfillment escalation team can investigate the inventory error and dispatch the correct item immediately: https://amzn.to/dm ^RG,damaged_or_incorrect_item,ESCALATE_TO_HUMAN,Severe inventory mispick requiring warehouse audit and expedited replacement.
conv_amzn_00562,AmazonHelp,conv_amzn_00562,@AmazonHelp Delivery photo shows a completely different apartment number (687) and a red doormat. I live in unit 389 and don't have a red mat!,Customer reaching out to @AmazonHelp regarding missing or stolen package.,"We apologize for the misdelivery! Please send us a direct message with your order number so we can review the courier photo, verify your unit, and process an immediate replacement: https://amzn.to/dm ^JW",missing_or_stolen_package,ESCALATE_TO_HUMAN,Photographic proof of misdelivery to wrong unit; requires replacement authorization.
conv_amzn_00563,AmazonHelp,conv_amzn_00563,@AmazonHelp I ordered a Apple AirPods Pro ($143.99) and you sent me a box of dog food! Order #111-4055818-4909651. This is a totally different item!,Customer reaching out to @AmazonHelp regarding damaged or incorrect item.,We sincerely apologize for this warehouse mix-up! Please DM us your order number so our fulfillment escalation team can investigate the inventory error and dispatch the correct item immediately: https://amzn.to/dm ^MK,damaged_or_incorrect_item,ESCALATE_TO_HUMAN,Severe inventory mispick requiring warehouse audit and expedited replacement.
conv_amzn_00564,AmazonHelp,conv_amzn_00564,"@AmazonHelp My Fitbit Charge 6 was promised for delivery by 9 PM today, but tracking shows it hasn't even left the facility. Order #112-4036830-6526874.",Customer reaching out to @AmazonHelp regarding delivery delay and tracking.,"We apologize for the delay! Carrier transit times can vary. You can view the most up-to-date tracking information here: https://amzn.to/track. If it doesn't arrive by tomorrow evening, please DM us with your order ID: https://amzn.to/dm ^SJ",delivery_delay_and_tracking,AUTO_HANDLE,Standard transit buffer; directed customer to official live tracking.
conv_amzn_00565,AmazonHelp,conv_amzn_00565,@AmazonHelp Delivery photo shows a completely different apartment number (385) and a red doormat. I live in unit 585 and don't have a red mat!,Customer reaching out to @AmazonHelp regarding missing or stolen package.,"We apologize for the misdelivery! Please send us a direct message with your order number so we can review the courier photo, verify your unit, and process an immediate replacement: https://amzn.to/dm ^MK",missing_or_stolen_package,ESCALATE_TO_HUMAN,Photographic proof of misdelivery to wrong unit; requires replacement authorization.
conv_amzn_00566,AmazonHelp,conv_amzn_00566,"@AmazonHelp The Oral-B Electric Toothbrush I received has a ripped retail seal and looks like it was already used by someone else, but I paid for brand new!",Customer reaching out to @AmazonHelp regarding damaged or incorrect item.,"We apologize for this experience. We take new item guarantees seriously. Please go to Your Orders to request an exchange for an unopened replacement, or DM us if you need assistance: https://amzn.to/your-orders ^KL",damaged_or_incorrect_item,AUTO_HANDLE,Used-sold-as-new complaint; customer guided to instant exchange flow.
conv_amzn_00567,AmazonHelp,conv_amzn_00567,"@AmazonHelp Tracking says 'Departed facility' since Wednesday, but there have been no new updates for 4 days. Is my order #111-5235176-9956749 lost?",Customer reaching out to @AmazonHelp regarding delivery delay and tracking.,We understand your concern regarding the lack of tracking movement. Please send us a direct message with your order number and email address so we can initiate an investigation with the carrier: https://amzn.to/dm ^KL,delivery_delay_and_tracking,ESCALATE_TO_HUMAN,Carrier stall exceeding 48h SLA; requires human carrier tracing.
conv_amzn_00568,AmazonHelp,conv_amzn_00568,"@AmazonHelp It has been 18 days since your return center acknowledged receipt of my #112-6288718-7005400, but my refund of $252.99 is still not issued. Where is my money?",Customer reaching out to @AmazonHelp regarding return and refund status.,We apologize for the delay. Eighteen days exceeds our normal processing timeline. Please send us a DM with your order number so a billing specialist can review the return status and manually release your refund: https://amzn.to/dm ^MK,return_and_refund_status,ESCALATE_TO_HUMAN,Refund overdue beyond standard SLA (>14 days); requires manual finance clearance.
conv_amzn_00569,AmazonHelp,conv_amzn_00569,"@AmazonHelp Driver marked package attempted because they couldn't access the building gate, but no one buzzed my apartment 763!",Customer reaching out to @AmazonHelp regarding delivery delay and tracking.,"We're sorry for the inconvenience! Drivers will automatically re-attempt delivery on the next business day. You can add permanent gate codes in Your Account > Addresses: https://amzn.to/delivery-instructions. If urgent, DM us: https://amzn.to/dm ^AB",delivery_delay_and_tracking,AUTO_HANDLE,Gate access issue; self-service delivery instruction update provided.
conv_amzn_00570,AmazonHelp,conv_amzn_00570,@AmazonHelp It has been 36 hours since my package #111-3607166-2604368 was marked delivered. I checked with neighbors and my building management. It is not here.,Customer reaching out to @AmazonHelp regarding missing or stolen package.,"Thank you for thoroughly checking around your property. Since 36 hours have passed, please DM us your order ID so our team can file a missing package claim and issue a replacement or refund: https://amzn.to/dm ^DL",missing_or_stolen_package,ESCALATE_TO_HUMAN,Waiting window expired and parcel missing; requires human claims specialist.
conv_amzn_00571,AmazonHelp,conv_amzn_00571,@AmazonHelp I need an official tax invoice with VAT ID for my company purchase order #113-6908762-7469489.,Customer reaching out to @AmazonHelp regarding general product or policy inquiry.,You can download official tax invoices directly from Your Orders by clicking 'Invoice' on the order details page: https://amzn.to/your-orders ^KL,general_product_or_policy_inquiry,AUTO_HANDLE,Self-service business invoice download guidance.
conv_amzn_00572,AmazonHelp,conv_amzn_00572,"@AmazonHelp I was just charged $395.00 for Amazon Prime annual renewal today, but I forgot to cancel. Can I get a refund if I haven't used it?",Customer reaching out to @AmazonHelp regarding prime membership and billing.,"Yes! If you haven't used any Prime benefits since the renewal charge, you will automatically receive a full refund when you cancel at: https://amzn.to/manage-prime ^RG",prime_membership_and_billing,AUTO_HANDLE,Prorated/unused Prime auto-refund policy self-service guidance.
conv_amzn_00573,AmazonHelp,conv_amzn_00573,@AmazonHelp It has been 36 hours since my package #114-9918725-6383235 was marked delivered. I checked with neighbors and my building management. It is not here.,Customer reaching out to @AmazonHelp regarding missing or stolen package.,"Thank you for thoroughly checking around your property. Since 36 hours have passed, please DM us your order ID so our team can file a missing package claim and issue a replacement or refund: https://amzn.to/dm ^SJ",missing_or_stolen_package,ESCALATE_TO_HUMAN,Waiting window expired and parcel missing; requires human claims specialist.
conv_amzn_00574,AmazonHelp,conv_amzn_00574,@AmazonHelp I dropped off my return of Instant Pot Duo at Kohl's Drop-off on Saturday. When should I expect the refund to appear on my credit card?,Customer reaching out to @AmazonHelp regarding return and refund status.,"Once the return is received, refunds typically take 3 to 5 business days to process back to your original payment method. You can track refund progress under Your Orders: https://amzn.to/refund-status ^KL",return_and_refund_status,AUTO_HANDLE,Standard banking processing timeline explanation.
conv_amzn_00575,AmazonHelp,conv_amzn_00575,"@AmazonHelp It has been 18 days since your return center acknowledged receipt of my #111-5355911-8895006, but my refund of $177.99 is still not issued. Where is my money?",Customer reaching out to @AmazonHelp regarding return and refund status.,We apologize for the delay. Eighteen days exceeds our normal processing timeline. Please send us a DM with your order number so a billing specialist can review the return status and manually release your refund: https://amzn.to/dm ^KL,return_and_refund_status,ESCALATE_TO_HUMAN,Refund overdue beyond standard SLA (>14 days); requires manual finance clearance.
conv_amzn_00576,AmazonHelp,conv_amzn_00576,@AmazonHelp I don't have a working printer at home. Can I return my Samsung 55-inch OLED TV without printing a return label?,Customer reaching out to @AmazonHelp regarding return and refund status.,Yes! You can choose 'UPS Drop-off - No Box or Label Needed' or 'Kohl's Drop-off' when initiating the return in Your Orders. They will simply scan a QR code from your phone: https://amzn.to/return-center ^JW,return_and_refund_status,AUTO_HANDLE,Self-service instructions for mobile QR code label-free returns.
conv_amzn_00577,AmazonHelp,conv_amzn_00577,@AmazonHelp Order #111-9410408-4648400 contains urgent medical supplies for my family that was guaranteed yesterday. Where is the courier right now?,Customer reaching out to @AmazonHelp regarding delivery delay and tracking.,"We sincerely apologize for this critical delay. Given the urgency of these supplies, please DM us immediately so a priority dispatcher can coordinate with the local logistics hub: https://amzn.to/dm ^MK",delivery_delay_and_tracking,ESCALATE_TO_HUMAN,Time-critical urgent medical delivery requiring priority dispatcher intervention.
conv_amzn_00578,AmazonHelp,conv_amzn_00578,@AmazonHelp Delivery photo shows a completely different apartment number (144) and a red doormat. I live in unit 344 and don't have a red mat!,Customer reaching out to @AmazonHelp regarding missing or stolen package.,"We apologize for the misdelivery! Please send us a direct message with your order number so we can review the courier photo, verify your unit, and process an immediate replacement: https://amzn.to/dm ^RG",missing_or_stolen_package,ESCALATE_TO_HUMAN,Photographic proof of misdelivery to wrong unit; requires replacement authorization.
conv_amzn_00579,AmazonHelp,conv_amzn_00579,"@AmazonHelp The Amazon app sent a notification saying my Kindle Paperwhite was delivered to my front porch 15 minutes ago, but the porch is empty!",Customer reaching out to @AmazonHelp regarding missing or stolen package.,"Carriers sometimes scan packages just prior to walking up to the door. Please allow until the end of the day, and check with household members or side porches: https://amzn.to/find-missing. If still not found tomorrow, reach back out! ^KL",missing_or_stolen_package,AUTO_HANDLE,Scan occurred within past hour; standard buffer and safe spot search recommended.
conv_amzn_00580,AmazonHelp,conv_amzn_00580,"@AmazonHelp It has been 18 days since your return center acknowledged receipt of my #113-9586341-7960643, but my refund of $468.00 is still not issued. Where is my money?",Customer reaching out to @AmazonHelp regarding return and refund status.,We apologize for the delay. Eighteen days exceeds our normal processing timeline. Please send us a DM with your order number so a billing specialist can review the return status and manually release your refund: https://amzn.to/dm ^JW,return_and_refund_status,ESCALATE_TO_HUMAN,Refund overdue beyond standard SLA (>14 days); requires manual finance clearance.
conv_amzn_00581,AmazonHelp,conv_amzn_00581,@AmazonHelp Delivery photo shows a completely different apartment number (133) and a red doormat. I live in unit 582 and don't have a red mat!,Customer reaching out to @AmazonHelp regarding missing or stolen package.,"We apologize for the misdelivery! Please send us a direct message with your order number so we can review the courier photo, verify your unit, and process an immediate replacement: https://amzn.to/dm ^KL",missing_or_stolen_package,ESCALATE_TO_HUMAN,Photographic proof of misdelivery to wrong unit; requires replacement authorization.
conv_amzn_00582,AmazonHelp,conv_amzn_00582,@AmazonHelp It has been 36 hours since my package #111-9897089-5995083 was marked delivered. I checked with neighbors and my building management. It is not here.,Customer reaching out to @AmazonHelp regarding missing or stolen package.,"Thank you for thoroughly checking around your property. Since 36 hours have passed, please DM us your order ID so our team can file a missing package claim and issue a replacement or refund: https://amzn.to/dm ^MK",missing_or_stolen_package,ESCALATE_TO_HUMAN,Waiting window expired and parcel missing; requires human claims specialist.
conv_amzn_00583,AmazonHelp,conv_amzn_00583,"@AmazonHelp It has been 18 days since your return center acknowledged receipt of my #112-1222894-3510938, but my refund of $48.00 is still not issued. Where is my money?",Customer reaching out to @AmazonHelp regarding return and refund status.,We apologize for the delay. Eighteen days exceeds our normal processing timeline. Please send us a DM with your order number so a billing specialist can review the return status and manually release your refund: https://amzn.to/dm ^AB,return_and_refund_status,ESCALATE_TO_HUMAN,Refund overdue beyond standard SLA (>14 days); requires manual finance clearance.
conv_amzn_00584,AmazonHelp,conv_amzn_00584,"@AmazonHelp It has been 18 days since your return center acknowledged receipt of my #113-3045392-3947723, but my refund of $288.50 is still not issued. Where is my money?",Customer reaching out to @AmazonHelp regarding return and refund status.,We apologize for the delay. Eighteen days exceeds our normal processing timeline. Please send us a DM with your order number so a billing specialist can review the return status and manually release your refund: https://amzn.to/dm ^MK,return_and_refund_status,ESCALATE_TO_HUMAN,Refund overdue beyond standard SLA (>14 days); requires manual finance clearance.
conv_amzn_00585,AmazonHelp,conv_amzn_00585,@AmazonHelp I dropped off my return of Kindle Paperwhite at Whole Foods Market customer desk on Thursday. When should I expect the refund to appear on my credit card?,Customer reaching out to @AmazonHelp regarding return and refund status.,"Once the return is received, refunds typically take 3 to 5 business days to process back to your original payment method. You can track refund progress under Your Orders: https://amzn.to/refund-status ^RG",return_and_refund_status,AUTO_HANDLE,Standard banking processing timeline explanation.
conv_amzn_00586,AmazonHelp,conv_amzn_00586,"@AmazonHelp It has been 18 days since your return center acknowledged receipt of my #111-2628016-3300783, but my refund of $342.00 is still not issued. Where is my money?",Customer reaching out to @AmazonHelp regarding return and refund status.,We apologize for the delay. Eighteen days exceeds our normal processing timeline. Please send us a DM with your order number so a billing specialist can review the return status and manually release your refund: https://amzn.to/dm ^KL,return_and_refund_status,ESCALATE_TO_HUMAN,Refund overdue beyond standard SLA (>14 days); requires manual finance clearance.
conv_amzn_00587,AmazonHelp,conv_amzn_00587,@AmazonHelp I dropped off my return of Samsung 55-inch OLED TV at Amazon Locker on Wednesday. When should I expect the refund to appear on my credit card?,Customer reaching out to @AmazonHelp regarding return and refund status.,"Once the return is received, refunds typically take 3 to 5 business days to process back to your original payment method. You can track refund progress under Your Orders: https://amzn.to/refund-status ^SJ",return_and_refund_status,AUTO_HANDLE,Standard banking processing timeline explanation.
conv_amzn_00588,AmazonHelp,conv_amzn_00588,"@AmazonHelp It has been 18 days since your return center acknowledged receipt of my #111-1710033-6670674, but my refund of $142.50 is still not issued. Where is my money?",Customer reaching out to @AmazonHelp regarding return and refund status.,We apologize for the delay. Eighteen days exceeds our normal processing timeline. Please send us a DM with your order number so a billing specialist can review the return status and manually release your refund: https://amzn.to/dm ^MK,return_and_refund_status,ESCALATE_TO_HUMAN,Refund overdue beyond standard SLA (>14 days); requires manual finance clearance.
conv_amzn_00589,AmazonHelp,conv_amzn_00589,"@AmazonHelp My Oral-B Electric Toothbrush was promised for delivery by 9 PM today, but tracking shows it hasn't even left the facility. Order #113-1693036-9456164.",Customer reaching out to @AmazonHelp regarding delivery delay and tracking.,"We apologize for the delay! Carrier transit times can vary. You can view the most up-to-date tracking information here: https://amzn.to/track. If it doesn't arrive by tomorrow evening, please DM us with your order ID: https://amzn.to/dm ^SJ",delivery_delay_and_tracking,AUTO_HANDLE,Standard transit buffer; directed customer to official live tracking.
conv_amzn_00590,AmazonHelp,conv_amzn_00590,"@AmazonHelp Driver marked package attempted because they couldn't access the building gate, but no one buzzed my apartment 488!",Customer reaching out to @AmazonHelp regarding delivery delay and tracking.,"We're sorry for the inconvenience! Drivers will automatically re-attempt delivery on the next business day. You can add permanent gate codes in Your Account > Addresses: https://amzn.to/delivery-instructions. If urgent, DM us: https://amzn.to/dm ^TB",delivery_delay_and_tracking,AUTO_HANDLE,Gate access issue; self-service delivery instruction update provided.
conv_amzn_00591,AmazonHelp,conv_amzn_00591,@AmazonHelp I need an official tax invoice with VAT ID for my company purchase order #113-3932827-3632381.,Customer reaching out to @AmazonHelp regarding general product or policy inquiry.,You can download official tax invoices directly from Your Orders by clicking 'Invoice' on the order details page: https://amzn.to/your-orders ^MK,general_product_or_policy_inquiry,AUTO_HANDLE,Self-service business invoice download guidance.
conv_amzn_00592,AmazonHelp,conv_amzn_00592,"@AmazonHelp It has been 18 days since your return center acknowledged receipt of my #113-8651984-7872812, but my refund of $286.50 is still not issued. Where is my money?",Customer reaching out to @AmazonHelp regarding return and refund status.,We apologize for the delay. Eighteen days exceeds our normal processing timeline. Please send us a DM with your order number so a billing specialist can review the return status and manually release your refund: https://amzn.to/dm ^TB,return_and_refund_status,ESCALATE_TO_HUMAN,Refund overdue beyond standard SLA (>14 days); requires manual finance clearance.
conv_amzn_00593,AmazonHelp,conv_amzn_00593,@AmazonHelp Order #112-3538983-9751341 contains urgent medical supplies for my family that was guaranteed yesterday. Where is the courier right now?,Customer reaching out to @AmazonHelp regarding delivery delay and tracking.,"We sincerely apologize for this critical delay. Given the urgency of these supplies, please DM us immediately so a priority dispatcher can coordinate with the local logistics hub: https://amzn.to/dm ^MK",delivery_delay_and_tracking,ESCALATE_TO_HUMAN,Time-critical urgent medical delivery requiring priority dispatcher intervention.
conv_amzn_00594,AmazonHelp,conv_amzn_00594,"@AmazonHelp I was just charged $300.99 for Amazon Prime annual renewal today, but I forgot to cancel. Can I get a refund if I haven't used it?",Customer reaching out to @AmazonHelp regarding prime membership and billing.,"Yes! If you haven't used any Prime benefits since the renewal charge, you will automatically receive a full refund when you cancel at: https://amzn.to/manage-prime ^RG",prime_membership_and_billing,AUTO_HANDLE,Prorated/unused Prime auto-refund policy self-service guidance.
conv_amzn_00595,AmazonHelp,conv_amzn_00595,@AmazonHelp Delivery photo shows a completely different apartment number (437) and a red doormat. I live in unit 739 and don't have a red mat!,Customer reaching out to @AmazonHelp regarding missing or stolen package.,"We apologize for the misdelivery! Please send us a direct message with your order number so we can review the courier photo, verify your unit, and process an immediate replacement: https://amzn.to/dm ^KL",missing_or_stolen_package,ESCALATE_TO_HUMAN,Photographic proof of misdelivery to wrong unit; requires replacement authorization.
conv_amzn_00596,AmazonHelp,conv_amzn_00596,"@AmazonHelp The Amazon app sent a notification saying my Kindle Paperwhite was delivered to my front porch 60 minutes ago, but the porch is empty!",Customer reaching out to @AmazonHelp regarding missing or stolen package.,"Carriers sometimes scan packages just prior to walking up to the door. Please allow until the end of the day, and check with household members or side porches: https://amzn.to/find-missing. If still not found tomorrow, reach back out! ^SJ",missing_or_stolen_package,AUTO_HANDLE,Scan occurred within past hour; standard buffer and safe spot search recommended.
conv_amzn_00597,AmazonHelp,conv_amzn_00597,"@AmazonHelp Driver marked package attempted because they couldn't access the building gate, but no one buzzed my apartment 183!",Customer reaching out to @AmazonHelp regarding delivery delay and tracking.,"We're sorry for the inconvenience! Drivers will automatically re-attempt delivery on the next business day. You can add permanent gate codes in Your Account > Addresses: https://amzn.to/delivery-instructions. If urgent, DM us: https://amzn.to/dm ^AB",delivery_delay_and_tracking,AUTO_HANDLE,Gate access issue; self-service delivery instruction update provided.
conv_amzn_00598,AmazonHelp,conv_amzn_00598,@AmazonHelp It has been 36 hours since my package #111-4160078-6844554 was marked delivered. I checked with neighbors and my building management. It is not here.,Customer reaching out to @AmazonHelp regarding missing or stolen package.,"Thank you for thoroughly checking around your property. Since 36 hours have passed, please DM us your order ID so our team can file a missing package claim and issue a replacement or refund: https://amzn.to/dm ^RG",missing_or_stolen_package,ESCALATE_TO_HUMAN,Waiting window expired and parcel missing; requires human claims specialist.
conv_amzn_00599,AmazonHelp,conv_amzn_00599,"@AmazonHelp Driver marked package attempted because they couldn't access the building gate, but no one buzzed my apartment 782!",Customer reaching out to @AmazonHelp regarding delivery delay and tracking.,"We're sorry for the inconvenience! Drivers will automatically re-attempt delivery on the next business day. You can add permanent gate codes in Your Account > Addresses: https://amzn.to/delivery-instructions. If urgent, DM us: https://amzn.to/dm ^DL",delivery_delay_and_tracking,AUTO_HANDLE,Gate access issue; self-service delivery instruction update provided.
conv_amzn_00600,AmazonHelp,conv_amzn_00600,@AmazonHelp I ordered a Dyson V8 Vacuum ($610.50) and you sent me a box of dog food! Order #111-7411802-3023171. This is a totally different item!,Customer reaching out to @AmazonHelp regarding damaged or incorrect item.,We sincerely apologize for this warehouse mix-up! Please DM us your order number so our fulfillment escalation team can investigate the inventory error and dispatch the correct item immediately: https://amzn.to/dm ^MK,damaged_or_incorrect_item,ESCALATE_TO_HUMAN,Severe inventory mispick requiring warehouse audit and expedited replacement.
conv_amzn_00601,AmazonHelp,conv_amzn_00601,@AmazonHelp Prime Video keeps giving error code PL-01 when playing movies on my Samsung Smart TV. How do I fix this?,Customer reaching out to @AmazonHelp regarding digital services and devices.,"Error PL-01 is typically resolved by restarting your device and router, or clearing the Prime Video app cache. You can find detailed troubleshooting steps here: https://amzn.to/prime-video-help ^SJ",digital_services_and_devices,AUTO_HANDLE,Standard streaming cache/reboot troubleshooting steps.
conv_amzn_00602,AmazonHelp,conv_amzn_00602,"@AmazonHelp It has been 18 days since your return center acknowledged receipt of my #114-8607261-1249732, but my refund of $81.99 is still not issued. Where is my money?",Customer reaching out to @AmazonHelp regarding return and refund status.,We apologize for the delay. Eighteen days exceeds our normal processing timeline. Please send us a DM with your order number so a billing specialist can review the return status and manually release your refund: https://amzn.to/dm ^RG,return_and_refund_status,ESCALATE_TO_HUMAN,Refund overdue beyond standard SLA (>14 days); requires manual finance clearance.
conv_amzn_00603,AmazonHelp,conv_amzn_00603,"@AmazonHelp I was just charged $32.00 for Amazon Prime annual renewal today, but I forgot to cancel. Can I get a refund if I haven't used it?",Customer reaching out to @AmazonHelp regarding prime membership and billing.,"Yes! If you haven't used any Prime benefits since the renewal charge, you will automatically receive a full refund when you cancel at: https://amzn.to/manage-prime ^SJ",prime_membership_and_billing,AUTO_HANDLE,Prorated/unused Prime auto-refund policy self-service guidance.
conv_amzn_00604,AmazonHelp,conv_amzn_00604,"@AmazonHelp I was just charged $287.99 for Amazon Prime annual renewal today, but I forgot to cancel. Can I get a refund if I haven't used it?",Customer reaching out to @AmazonHelp regarding prime membership and billing.,"Yes! If you haven't used any Prime benefits since the renewal charge, you will automatically receive a full refund when you cancel at: https://amzn.to/manage-prime ^DL",prime_membership_and_billing,AUTO_HANDLE,Prorated/unused Prime auto-refund policy self-service guidance.
conv_amzn_00605,AmazonHelp,conv_amzn_00605,@AmazonHelp It has been 36 hours since my package #112-7607769-5677824 was marked delivered. I checked with neighbors and my building management. It is not here.,Customer reaching out to @AmazonHelp regarding missing or stolen package.,"Thank you for thoroughly checking around your property. Since 36 hours have passed, please DM us your order ID so our team can file a missing package claim and issue a replacement or refund: https://amzn.to/dm ^TB",missing_or_stolen_package,ESCALATE_TO_HUMAN,Waiting window expired and parcel missing; requires human claims specialist.
conv_amzn_00606,AmazonHelp,conv_amzn_00606,@AmazonHelp I don't have a working printer at home. Can I return my Dyson V8 Vacuum without printing a return label?,Customer reaching out to @AmazonHelp regarding return and refund status.,Yes! You can choose 'UPS Drop-off - No Box or Label Needed' or 'Kohl's Drop-off' when initiating the return in Your Orders. They will simply scan a QR code from your phone: https://amzn.to/return-center ^DL,return_and_refund_status,AUTO_HANDLE,Self-service instructions for mobile QR code label-free returns.
conv_amzn_00607,AmazonHelp,conv_amzn_00607,"@AmazonHelp It has been 18 days since your return center acknowledged receipt of my #113-8994028-3962677, but my refund of $516.50 is still not issued. Where is my money?",Customer reaching out to @AmazonHelp regarding return and refund status.,We apologize for the delay. Eighteen days exceeds our normal processing timeline. Please send us a DM with your order number so a billing specialist can review the return status and manually release your refund: https://amzn.to/dm ^KL,return_and_refund_status,ESCALATE_TO_HUMAN,Refund overdue beyond standard SLA (>14 days); requires manual finance clearance.
conv_amzn_00608,AmazonHelp,conv_amzn_00608,@AmazonHelp It has been 36 hours since my package #114-3169525-3881899 was marked delivered. I checked with neighbors and my building management. It is not here.,Customer reaching out to @AmazonHelp regarding missing or stolen package.,"Thank you for thoroughly checking around your property. Since 36 hours have passed, please DM us your order ID so our team can file a missing package claim and issue a replacement or refund: https://amzn.to/dm ^RG",missing_or_stolen_package,ESCALATE_TO_HUMAN,Waiting window expired and parcel missing; requires human claims specialist.
conv_amzn_00609,AmazonHelp,conv_amzn_00609,@AmazonHelp I need an official tax invoice with VAT ID for my company purchase order #111-2313846-9367445.,Customer reaching out to @AmazonHelp regarding general product or policy inquiry.,You can download official tax invoices directly from Your Orders by clicking 'Invoice' on the order details page: https://amzn.to/your-orders ^RG,general_product_or_policy_inquiry,AUTO_HANDLE,Self-service business invoice download guidance.
conv_amzn_00610,AmazonHelp,conv_amzn_00610,"@AmazonHelp Tracking says 'Out for Delivery' since Tuesday, but there have been no new updates for 4 days. Is my order #111-7336029-9695651 lost?",Customer reaching out to @AmazonHelp regarding delivery delay and tracking.,We understand your concern regarding the lack of tracking movement. Please send us a direct message with your order number and email address so we can initiate an investigation with the carrier: https://amzn.to/dm ^JW,delivery_delay_and_tracking,ESCALATE_TO_HUMAN,Carrier stall exceeding 48h SLA; requires human carrier tracing.
conv_amzn_00611,AmazonHelp,conv_amzn_00611,@AmazonHelp Prime Video keeps giving error code 9074 when playing movies on my Apple TV. How do I fix this?,Customer reaching out to @AmazonHelp regarding digital services and devices.,"Error 9074 is typically resolved by restarting your device and router, or clearing the Prime Video app cache. You can find detailed troubleshooting steps here: https://amzn.to/prime-video-help ^SJ",digital_services_and_devices,AUTO_HANDLE,Standard streaming cache/reboot troubleshooting steps.
conv_amzn_00612,AmazonHelp,conv_amzn_00612,"@AmazonHelp It has been 18 days since your return center acknowledged receipt of my #113-2211594-9879802, but my refund of $501.00 is still not issued. Where is my money?",Customer reaching out to @AmazonHelp regarding return and refund status.,We apologize for the delay. Eighteen days exceeds our normal processing timeline. Please send us a DM with your order number so a billing specialist can review the return status and manually release your refund: https://amzn.to/dm ^TB,return_and_refund_status,ESCALATE_TO_HUMAN,Refund overdue beyond standard SLA (>14 days); requires manual finance clearance.
conv_amzn_00613,AmazonHelp,conv_amzn_00613,"@AmazonHelp My Samsung 55-inch OLED TV was promised for delivery by 8 PM today, but tracking shows it hasn't even left the facility. Order #114-9165589-1389988.",Customer reaching out to @AmazonHelp regarding delivery delay and tracking.,"We apologize for the delay! Carrier transit times can vary. You can view the most up-to-date tracking information here: https://amzn.to/track. If it doesn't arrive by tomorrow evening, please DM us with your order ID: https://amzn.to/dm ^MK",delivery_delay_and_tracking,AUTO_HANDLE,Standard transit buffer; directed customer to official live tracking.
conv_amzn_00614,AmazonHelp,conv_amzn_00614,@AmazonHelp It has been 36 hours since my package #112-9346852-5197008 was marked delivered. I checked with neighbors and my building management. It is not here.,Customer reaching out to @AmazonHelp regarding missing or stolen package.,"Thank you for thoroughly checking around your property. Since 36 hours have passed, please DM us your order ID so our team can file a missing package claim and issue a replacement or refund: https://amzn.to/dm ^SJ",missing_or_stolen_package,ESCALATE_TO_HUMAN,Waiting window expired and parcel missing; requires human claims specialist.
conv_amzn_00615,AmazonHelp,conv_amzn_00615,@AmazonHelp It has been 36 hours since my package #114-4810606-4455395 was marked delivered. I checked with neighbors and my building management. It is not here.,Customer reaching out to @AmazonHelp regarding missing or stolen package.,"Thank you for thoroughly checking around your property. Since 36 hours have passed, please DM us your order ID so our team can file a missing package claim and issue a replacement or refund: https://amzn.to/dm ^MK",missing_or_stolen_package,ESCALATE_TO_HUMAN,Waiting window expired and parcel missing; requires human claims specialist.
conv_amzn_00616,AmazonHelp,conv_amzn_00616,@AmazonHelp I need an official tax invoice with VAT ID for my company purchase order #111-7010824-5894797.,Customer reaching out to @AmazonHelp regarding general product or policy inquiry.,You can download official tax invoices directly from Your Orders by clicking 'Invoice' on the order details page: https://amzn.to/your-orders ^RG,general_product_or_policy_inquiry,AUTO_HANDLE,Self-service business invoice download guidance.
conv_amzn_00617,AmazonHelp,conv_amzn_00617,"@AmazonHelp Tracking says 'Out for Delivery' since Monday, but there have been no new updates for 4 days. Is my order #112-4141793-7644040 lost?",Customer reaching out to @AmazonHelp regarding delivery delay and tracking.,We understand your concern regarding the lack of tracking movement. Please send us a direct message with your order number and email address so we can initiate an investigation with the carrier: https://amzn.to/dm ^MK,delivery_delay_and_tracking,ESCALATE_TO_HUMAN,Carrier stall exceeding 48h SLA; requires human carrier tracing.
conv_amzn_00618,AmazonHelp,conv_amzn_00618,@AmazonHelp Delivery photo shows a completely different apartment number (404) and a red doormat. I live in unit 684 and don't have a red mat!,Customer reaching out to @AmazonHelp regarding missing or stolen package.,"We apologize for the misdelivery! Please send us a direct message with your order number so we can review the courier photo, verify your unit, and process an immediate replacement: https://amzn.to/dm ^SJ",missing_or_stolen_package,ESCALATE_TO_HUMAN,Photographic proof of misdelivery to wrong unit; requires replacement authorization.
conv_amzn_00619,AmazonHelp,conv_amzn_00619,@AmazonHelp I dropped off my return of Logitech Wireless Mouse at Whole Foods Market customer desk on Tuesday. When should I expect the refund to appear on my credit card?,Customer reaching out to @AmazonHelp regarding return and refund status.,"Once the return is received, refunds typically take 3 to 5 business days to process back to your original payment method. You can track refund progress under Your Orders: https://amzn.to/refund-status ^RG",return_and_refund_status,AUTO_HANDLE,Standard banking processing timeline explanation.
conv_amzn_00620,AmazonHelp,conv_amzn_00620,@AmazonHelp Delivery photo shows a completely different apartment number (808) and a red doormat. I live in unit 426 and don't have a red mat!,Customer reaching out to @AmazonHelp regarding missing or stolen package.,"We apologize for the misdelivery! Please send us a direct message with your order number so we can review the courier photo, verify your unit, and process an immediate replacement: https://amzn.to/dm ^JW",missing_or_stolen_package,ESCALATE_TO_HUMAN,Photographic proof of misdelivery to wrong unit; requires replacement authorization.
conv_amzn_00621,AmazonHelp,conv_amzn_00621,@AmazonHelp Order #112-3098367-2885135 contains urgent medical supplies for my family that was guaranteed yesterday. Where is the courier right now?,Customer reaching out to @AmazonHelp regarding delivery delay and tracking.,"We sincerely apologize for this critical delay. Given the urgency of these supplies, please DM us immediately so a priority dispatcher can coordinate with the local logistics hub: https://amzn.to/dm ^TB",delivery_delay_and_tracking,ESCALATE_TO_HUMAN,Time-critical urgent medical delivery requiring priority dispatcher intervention.
conv_amzn_00622,AmazonHelp,conv_amzn_00622,"@AmazonHelp It has been 18 days since your return center acknowledged receipt of my #113-9983198-1800166, but my refund of $608.50 is still not issued. Where is my money?",Customer reaching out to @AmazonHelp regarding return and refund status.,We apologize for the delay. Eighteen days exceeds our normal processing timeline. Please send us a DM with your order number so a billing specialist can review the return status and manually release your refund: https://amzn.to/dm ^SJ,return_and_refund_status,ESCALATE_TO_HUMAN,Refund overdue beyond standard SLA (>14 days); requires manual finance clearance.
conv_amzn_00623,AmazonHelp,conv_amzn_00623,"@AmazonHelp My Ceramic Dinnerware Set was promised for delivery by 9 PM today, but tracking shows it hasn't even left the facility. Order #113-2866046-4108215.",Customer reaching out to @AmazonHelp regarding delivery delay and tracking.,"We apologize for the delay! Carrier transit times can vary. You can view the most up-to-date tracking information here: https://amzn.to/track. If it doesn't arrive by tomorrow evening, please DM us with your order ID: https://amzn.to/dm ^DL",delivery_delay_and_tracking,AUTO_HANDLE,Standard transit buffer; directed customer to official live tracking.
conv_amzn_00624,AmazonHelp,conv_amzn_00624,@AmazonHelp It has been 36 hours since my package #111-6929421-9701510 was marked delivered. I checked with neighbors and my building management. It is not here.,Customer reaching out to @AmazonHelp regarding missing or stolen package.,"Thank you for thoroughly checking around your property. Since 36 hours have passed, please DM us your order ID so our team can file a missing package claim and issue a replacement or refund: https://amzn.to/dm ^AB",missing_or_stolen_package,ESCALATE_TO_HUMAN,Waiting window expired and parcel missing; requires human claims specialist.
conv_amzn_00625,AmazonHelp,conv_amzn_00625,@AmazonHelp Delivery photo shows a completely different apartment number (355) and a red doormat. I live in unit 398 and don't have a red mat!,Customer reaching out to @AmazonHelp regarding missing or stolen package.,"We apologize for the misdelivery! Please send us a direct message with your order number so we can review the courier photo, verify your unit, and process an immediate replacement: https://amzn.to/dm ^SJ",missing_or_stolen_package,ESCALATE_TO_HUMAN,Photographic proof of misdelivery to wrong unit; requires replacement authorization.
conv_amzn_00626,AmazonHelp,conv_amzn_00626,"@AmazonHelp It has been 18 days since your return center acknowledged receipt of my #111-7173054-8591927, but my refund of $208.00 is still not issued. Where is my money?",Customer reaching out to @AmazonHelp regarding return and refund status.,We apologize for the delay. Eighteen days exceeds our normal processing timeline. Please send us a DM with your order number so a billing specialist can review the return status and manually release your refund: https://amzn.to/dm ^RG,return_and_refund_status,ESCALATE_TO_HUMAN,Refund overdue beyond standard SLA (>14 days); requires manual finance clearance.
conv_amzn_00627,AmazonHelp,conv_amzn_00627,@AmazonHelp The return window for my Levi's Denim Jacket closed 3 days ago because I was hospitalized. Can an exception be made to return it?,Customer reaching out to @AmazonHelp regarding return and refund status.,"We hope you are recovering well. While the online return portal locks after the return window, please send us a DM with your order ID so a customer care supervisor can review your case for an exception: https://amzn.to/dm ^KL",return_and_refund_status,ESCALATE_TO_HUMAN,Policy exception request requiring human supervisor override.
conv_amzn_00628,AmazonHelp,conv_amzn_00628,@AmazonHelp I need an official tax invoice with VAT ID for my company purchase order #112-7746650-1029416.,Customer reaching out to @AmazonHelp regarding general product or policy inquiry.,You can download official tax invoices directly from Your Orders by clicking 'Invoice' on the order details page: https://amzn.to/your-orders ^TB,general_product_or_policy_inquiry,AUTO_HANDLE,Self-service business invoice download guidance.
conv_amzn_00629,AmazonHelp,conv_amzn_00629,@AmazonHelp Delivery photo shows a completely different apartment number (388) and a red doormat. I live in unit 470 and don't have a red mat!,Customer reaching out to @AmazonHelp regarding missing or stolen package.,"We apologize for the misdelivery! Please send us a direct message with your order number so we can review the courier photo, verify your unit, and process an immediate replacement: https://amzn.to/dm ^DL",missing_or_stolen_package,ESCALATE_TO_HUMAN,Photographic proof of misdelivery to wrong unit; requires replacement authorization.
conv_amzn_00630,AmazonHelp,conv_amzn_00630,"@AmazonHelp It has been 18 days since your return center acknowledged receipt of my #114-2175189-2427541, but my refund of $151.99 is still not issued. Where is my money?",Customer reaching out to @AmazonHelp regarding return and refund status.,We apologize for the delay. Eighteen days exceeds our normal processing timeline. Please send us a DM with your order number so a billing specialist can review the return status and manually release your refund: https://amzn.to/dm ^JW,return_and_refund_status,ESCALATE_TO_HUMAN,Refund overdue beyond standard SLA (>14 days); requires manual finance clearance.
conv_amzn_00631,AmazonHelp,conv_amzn_00631,"@AmazonHelp I was just charged $374.00 for Amazon Prime annual renewal today, but I forgot to cancel. Can I get a refund if I haven't used it?",Customer reaching out to @AmazonHelp regarding prime membership and billing.,"Yes! If you haven't used any Prime benefits since the renewal charge, you will automatically receive a full refund when you cancel at: https://amzn.to/manage-prime ^SJ",prime_membership_and_billing,AUTO_HANDLE,Prorated/unused Prime auto-refund policy self-service guidance.
conv_amzn_00632,AmazonHelp,conv_amzn_00632,@AmazonHelp Order #111-2612719-3328913 contains urgent medical supplies for my family that was guaranteed yesterday. Where is the courier right now?,Customer reaching out to @AmazonHelp regarding delivery delay and tracking.,"We sincerely apologize for this critical delay. Given the urgency of these supplies, please DM us immediately so a priority dispatcher can coordinate with the local logistics hub: https://amzn.to/dm ^JW",delivery_delay_and_tracking,ESCALATE_TO_HUMAN,Time-critical urgent medical delivery requiring priority dispatcher intervention.
conv_amzn_00633,AmazonHelp,conv_amzn_00633,"@AmazonHelp My Apple AirPods Pro was promised for delivery by 5 PM today, but tracking shows it hasn't even left the facility. Order #114-7558505-4175630.",Customer reaching out to @AmazonHelp regarding delivery delay and tracking.,"We apologize for the delay! Carrier transit times can vary. You can view the most up-to-date tracking information here: https://amzn.to/track. If it doesn't arrive by tomorrow evening, please DM us with your order ID: https://amzn.to/dm ^RG",delivery_delay_and_tracking,AUTO_HANDLE,Standard transit buffer; directed customer to official live tracking.
conv_amzn_00634,AmazonHelp,conv_amzn_00634,"@AmazonHelp The Amazon app sent a notification saying my Keurig Coffee Maker was delivered to my front porch 25 minutes ago, but the porch is empty!",Customer reaching out to @AmazonHelp regarding missing or stolen package.,"Carriers sometimes scan packages just prior to walking up to the door. Please allow until the end of the day, and check with household members or side porches: https://amzn.to/find-missing. If still not found tomorrow, reach back out! ^TB",missing_or_stolen_package,AUTO_HANDLE,Scan occurred within past hour; standard buffer and safe spot search recommended.
conv_amzn_00635,AmazonHelp,conv_amzn_00635,"@AmazonHelp My Dyson V8 Vacuum was promised for delivery by 5 PM today, but tracking shows it hasn't even left the facility. Order #113-9763528-7197936.",Customer reaching out to @AmazonHelp regarding delivery delay and tracking.,"We apologize for the delay! Carrier transit times can vary. You can view the most up-to-date tracking information here: https://amzn.to/track. If it doesn't arrive by tomorrow evening, please DM us with your order ID: https://amzn.to/dm ^DL",delivery_delay_and_tracking,AUTO_HANDLE,Standard transit buffer; directed customer to official live tracking.
conv_amzn_00636,AmazonHelp,conv_amzn_00636,@AmazonHelp I dropped off my return of Logitech Wireless Mouse at Amazon Locker on Wednesday. When should I expect the refund to appear on my credit card?,Customer reaching out to @AmazonHelp regarding return and refund status.,"Once the return is received, refunds typically take 3 to 5 business days to process back to your original payment method. You can track refund progress under Your Orders: https://amzn.to/refund-status ^DL",return_and_refund_status,AUTO_HANDLE,Standard banking processing timeline explanation.
conv_amzn_00637,AmazonHelp,conv_amzn_00637,"@AmazonHelp The Amazon app sent a notification saying my Dyson V8 Vacuum was delivered to my front porch 60 minutes ago, but the porch is empty!",Customer reaching out to @AmazonHelp regarding missing or stolen package.,"Carriers sometimes scan packages just prior to walking up to the door. Please allow until the end of the day, and check with household members or side porches: https://amzn.to/find-missing. If still not found tomorrow, reach back out! ^RG",missing_or_stolen_package,AUTO_HANDLE,Scan occurred within past hour; standard buffer and safe spot search recommended.
conv_amzn_00638,AmazonHelp,conv_amzn_00638,@AmazonHelp Order #111-4029269-8532663 contains urgent medical supplies for my family that was guaranteed yesterday. Where is the courier right now?,Customer reaching out to @AmazonHelp regarding delivery delay and tracking.,"We sincerely apologize for this critical delay. Given the urgency of these supplies, please DM us immediately so a priority dispatcher can coordinate with the local logistics hub: https://amzn.to/dm ^TB",delivery_delay_and_tracking,ESCALATE_TO_HUMAN,Time-critical urgent medical delivery requiring priority dispatcher intervention.
conv_amzn_00639,AmazonHelp,conv_amzn_00639,@AmazonHelp It has been 36 hours since my package #111-7135046-7390147 was marked delivered. I checked with neighbors and my building management. It is not here.,Customer reaching out to @AmazonHelp regarding missing or stolen package.,"Thank you for thoroughly checking around your property. Since 36 hours have passed, please DM us your order ID so our team can file a missing package claim and issue a replacement or refund: https://amzn.to/dm ^SJ",missing_or_stolen_package,ESCALATE_TO_HUMAN,Waiting window expired and parcel missing; requires human claims specialist.
conv_amzn_00640,AmazonHelp,conv_amzn_00640,"@AmazonHelp It has been 18 days since your return center acknowledged receipt of my #114-2780522-6268263, but my refund of $106.99 is still not issued. Where is my money?",Customer reaching out to @AmazonHelp regarding return and refund status.,We apologize for the delay. Eighteen days exceeds our normal processing timeline. Please send us a DM with your order number so a billing specialist can review the return status and manually release your refund: https://amzn.to/dm ^AB,return_and_refund_status,ESCALATE_TO_HUMAN,Refund overdue beyond standard SLA (>14 days); requires manual finance clearance.
conv_amzn_00641,AmazonHelp,conv_amzn_00641,"@AmazonHelp Driver marked package attempted because they couldn't access the building gate, but no one buzzed my apartment 574!",Customer reaching out to @AmazonHelp regarding delivery delay and tracking.,"We're sorry for the inconvenience! Drivers will automatically re-attempt delivery on the next business day. You can add permanent gate codes in Your Account > Addresses: https://amzn.to/delivery-instructions. If urgent, DM us: https://amzn.to/dm ^KL",delivery_delay_and_tracking,AUTO_HANDLE,Gate access issue; self-service delivery instruction update provided.
conv_amzn_00642,AmazonHelp,conv_amzn_00642,"@AmazonHelp Driver marked package attempted because they couldn't access the building gate, but no one buzzed my apartment 514!",Customer reaching out to @AmazonHelp regarding delivery delay and tracking.,"We're sorry for the inconvenience! Drivers will automatically re-attempt delivery on the next business day. You can add permanent gate codes in Your Account > Addresses: https://amzn.to/delivery-instructions. If urgent, DM us: https://amzn.to/dm ^DL",delivery_delay_and_tracking,AUTO_HANDLE,Gate access issue; self-service delivery instruction update provided.
conv_amzn_00643,AmazonHelp,conv_amzn_00643,"@AmazonHelp My Instant Pot Duo was promised for delivery by 5 PM today, but tracking shows it hasn't even left the facility. Order #111-6917530-3338130.",Customer reaching out to @AmazonHelp regarding delivery delay and tracking.,"We apologize for the delay! Carrier transit times can vary. You can view the most up-to-date tracking information here: https://amzn.to/track. If it doesn't arrive by tomorrow evening, please DM us with your order ID: https://amzn.to/dm ^DL",delivery_delay_and_tracking,AUTO_HANDLE,Standard transit buffer; directed customer to official live tracking.
conv_amzn_00644,AmazonHelp,conv_amzn_00644,"@AmazonHelp It has been 18 days since your return center acknowledged receipt of my #111-5433728-9272680, but my refund of $264.50 is still not issued. Where is my money?",Customer reaching out to @AmazonHelp regarding return and refund status.,We apologize for the delay. Eighteen days exceeds our normal processing timeline. Please send us a DM with your order number so a billing specialist can review the return status and manually release your refund: https://amzn.to/dm ^SJ,return_and_refund_status,ESCALATE_TO_HUMAN,Refund overdue beyond standard SLA (>14 days); requires manual finance clearance.
conv_amzn_00645,AmazonHelp,conv_amzn_00645,@AmazonHelp I dropped off my return of Dyson V8 Vacuum at Whole Foods Market customer desk on Monday. When should I expect the refund to appear on my credit card?,Customer reaching out to @AmazonHelp regarding return and refund status.,"Once the return is received, refunds typically take 3 to 5 business days to process back to your original payment method. You can track refund progress under Your Orders: https://amzn.to/refund-status ^DL",return_and_refund_status,AUTO_HANDLE,Standard banking processing timeline explanation.
conv_amzn_00646,AmazonHelp,conv_amzn_00646,@AmazonHelp Delivery photo shows a completely different apartment number (666) and a red doormat. I live in unit 147 and don't have a red mat!,Customer reaching out to @AmazonHelp regarding missing or stolen package.,"We apologize for the misdelivery! Please send us a direct message with your order number so we can review the courier photo, verify your unit, and process an immediate replacement: https://amzn.to/dm ^RG",missing_or_stolen_package,ESCALATE_TO_HUMAN,Photographic proof of misdelivery to wrong unit; requires replacement authorization.
conv_amzn_00647,AmazonHelp,conv_amzn_00647,"@AmazonHelp My Oral-B Electric Toothbrush was promised for delivery by 8 PM today, but tracking shows it hasn't even left the facility. Order #113-5640068-5530330.",Customer reaching out to @AmazonHelp regarding delivery delay and tracking.,"We apologize for the delay! Carrier transit times can vary. You can view the most up-to-date tracking information here: https://amzn.to/track. If it doesn't arrive by tomorrow evening, please DM us with your order ID: https://amzn.to/dm ^JW",delivery_delay_and_tracking,AUTO_HANDLE,Standard transit buffer; directed customer to official live tracking.
conv_amzn_00648,AmazonHelp,conv_amzn_00648,@AmazonHelp Order #112-8793929-3793796 contains urgent medical supplies for my family that was guaranteed yesterday. Where is the courier right now?,Customer reaching out to @AmazonHelp regarding delivery delay and tracking.,"We sincerely apologize for this critical delay. Given the urgency of these supplies, please DM us immediately so a priority dispatcher can coordinate with the local logistics hub: https://amzn.to/dm ^MK",delivery_delay_and_tracking,ESCALATE_TO_HUMAN,Time-critical urgent medical delivery requiring priority dispatcher intervention.
conv_amzn_00649,AmazonHelp,conv_amzn_00649,"@AmazonHelp Driver marked package attempted because they couldn't access the building gate, but no one buzzed my apartment 283!",Customer reaching out to @AmazonHelp regarding delivery delay and tracking.,"We're sorry for the inconvenience! Drivers will automatically re-attempt delivery on the next business day. You can add permanent gate codes in Your Account > Addresses: https://amzn.to/delivery-instructions. If urgent, DM us: https://amzn.to/dm ^TB",delivery_delay_and_tracking,AUTO_HANDLE,Gate access issue; self-service delivery instruction update provided.
conv_amzn_00650,AmazonHelp,conv_amzn_00650,@AmazonHelp Order #113-3289489-5733330 contains urgent medical supplies for my family that was guaranteed yesterday. Where is the courier right now?,Customer reaching out to @AmazonHelp regarding delivery delay and tracking.,"We sincerely apologize for this critical delay. Given the urgency of these supplies, please DM us immediately so a priority dispatcher can coordinate with the local logistics hub: https://amzn.to/dm ^TB",delivery_delay_and_tracking,ESCALATE_TO_HUMAN,Time-critical urgent medical delivery requiring priority dispatcher intervention.
conv_amzn_00651,AmazonHelp,conv_amzn_00651,"@AmazonHelp Driver marked package attempted because they couldn't access the building gate, but no one buzzed my apartment 647!",Customer reaching out to @AmazonHelp regarding delivery delay and tracking.,"We're sorry for the inconvenience! Drivers will automatically re-attempt delivery on the next business day. You can add permanent gate codes in Your Account > Addresses: https://amzn.to/delivery-instructions. If urgent, DM us: https://amzn.to/dm ^JW",delivery_delay_and_tracking,AUTO_HANDLE,Gate access issue; self-service delivery instruction update provided.
conv_amzn_00652,AmazonHelp,conv_amzn_00652,"@AmazonHelp Tracking says 'In Transit' since Friday, but there have been no new updates for 4 days. Is my order #112-1167951-9112732 lost?",Customer reaching out to @AmazonHelp regarding delivery delay and tracking.,We understand your concern regarding the lack of tracking movement. Please send us a direct message with your order number and email address so we can initiate an investigation with the carrier: https://amzn.to/dm ^AB,delivery_delay_and_tracking,ESCALATE_TO_HUMAN,Carrier stall exceeding 48h SLA; requires human carrier tracing.
conv_amzn_00653,AmazonHelp,conv_amzn_00653,"@AmazonHelp I was just charged $84.50 for Amazon Prime annual renewal today, but I forgot to cancel. Can I get a refund if I haven't used it?",Customer reaching out to @AmazonHelp regarding prime membership and billing.,"Yes! If you haven't used any Prime benefits since the renewal charge, you will automatically receive a full refund when you cancel at: https://amzn.to/manage-prime ^DL",prime_membership_and_billing,AUTO_HANDLE,Prorated/unused Prime auto-refund policy self-service guidance.
conv_amzn_00654,AmazonHelp,conv_amzn_00654,@AmazonHelp I need an official tax invoice with VAT ID for my company purchase order #111-8002910-1078261.,Customer reaching out to @AmazonHelp regarding general product or policy inquiry.,You can download official tax invoices directly from Your Orders by clicking 'Invoice' on the order details page: https://amzn.to/your-orders ^DL,general_product_or_policy_inquiry,AUTO_HANDLE,Self-service business invoice download guidance.
conv_amzn_00655,AmazonHelp,conv_amzn_00655,"@AmazonHelp Tracking says 'Carrier picked up package' since Saturday, but there have been no new updates for 4 days. Is my order #112-8954886-2596312 lost?",Customer reaching out to @AmazonHelp regarding delivery delay and tracking.,We understand your concern regarding the lack of tracking movement. Please send us a direct message with your order number and email address so we can initiate an investigation with the carrier: https://amzn.to/dm ^JW,delivery_delay_and_tracking,ESCALATE_TO_HUMAN,Carrier stall exceeding 48h SLA; requires human carrier tracing.
conv_amzn_00656,AmazonHelp,conv_amzn_00656,@AmazonHelp Order #113-3057963-4323974 contains urgent medical supplies for my family that was guaranteed yesterday. Where is the courier right now?,Customer reaching out to @AmazonHelp regarding delivery delay and tracking.,"We sincerely apologize for this critical delay. Given the urgency of these supplies, please DM us immediately so a priority dispatcher can coordinate with the local logistics hub: https://amzn.to/dm ^RG",delivery_delay_and_tracking,ESCALATE_TO_HUMAN,Time-critical urgent medical delivery requiring priority dispatcher intervention.
conv_amzn_00657,AmazonHelp,conv_amzn_00657,"@AmazonHelp My Anker Portable Charger was promised for delivery by 8 PM today, but tracking shows it hasn't even left the facility. Order #111-1337330-6933238.",Customer reaching out to @AmazonHelp regarding delivery delay and tracking.,"We apologize for the delay! Carrier transit times can vary. You can view the most up-to-date tracking information here: https://amzn.to/track. If it doesn't arrive by tomorrow evening, please DM us with your order ID: https://amzn.to/dm ^AB",delivery_delay_and_tracking,AUTO_HANDLE,Standard transit buffer; directed customer to official live tracking.
conv_amzn_00658,AmazonHelp,conv_amzn_00658,"@AmazonHelp My Ceramic Dinnerware Set was promised for delivery by 2 PM today, but tracking shows it hasn't even left the facility. Order #113-9421804-9843345.",Customer reaching out to @AmazonHelp regarding delivery delay and tracking.,"We apologize for the delay! Carrier transit times can vary. You can view the most up-to-date tracking information here: https://amzn.to/track. If it doesn't arrive by tomorrow evening, please DM us with your order ID: https://amzn.to/dm ^RG",delivery_delay_and_tracking,AUTO_HANDLE,Standard transit buffer; directed customer to official live tracking.
conv_amzn_00659,AmazonHelp,conv_amzn_00659,@AmazonHelp I dropped off my return of Ceramic Dinnerware Set at Amazon Locker on Saturday. When should I expect the refund to appear on my credit card?,Customer reaching out to @AmazonHelp regarding return and refund status.,"Once the return is received, refunds typically take 3 to 5 business days to process back to your original payment method. You can track refund progress under Your Orders: https://amzn.to/refund-status ^JW",return_and_refund_status,AUTO_HANDLE,Standard banking processing timeline explanation.
conv_amzn_00660,AmazonHelp,conv_amzn_00660,"@AmazonHelp The Amazon app sent a notification saying my Ninja Air Fryer was delivered to my front porch 45 minutes ago, but the porch is empty!",Customer reaching out to @AmazonHelp regarding missing or stolen package.,"Carriers sometimes scan packages just prior to walking up to the door. Please allow until the end of the day, and check with household members or side porches: https://amzn.to/find-missing. If still not found tomorrow, reach back out! ^AB",missing_or_stolen_package,AUTO_HANDLE,Scan occurred within past hour; standard buffer and safe spot search recommended.
conv_amzn_00661,AmazonHelp,conv_amzn_00661,"@AmazonHelp The Amazon app sent a notification saying my Logitech Wireless Mouse was delivered to my front porch 60 minutes ago, but the porch is empty!",Customer reaching out to @AmazonHelp regarding missing or stolen package.,"Carriers sometimes scan packages just prior to walking up to the door. Please allow until the end of the day, and check with household members or side porches: https://amzn.to/find-missing. If still not found tomorrow, reach back out! ^AB",missing_or_stolen_package,AUTO_HANDLE,Scan occurred within past hour; standard buffer and safe spot search recommended.
conv_amzn_00662,AmazonHelp,conv_amzn_00662,"@AmazonHelp Tracking says 'In Transit' since Saturday, but there have been no new updates for 4 days. Is my order #111-2034363-9540912 lost?",Customer reaching out to @AmazonHelp regarding delivery delay and tracking.,We understand your concern regarding the lack of tracking movement. Please send us a direct message with your order number and email address so we can initiate an investigation with the carrier: https://amzn.to/dm ^DL,delivery_delay_and_tracking,ESCALATE_TO_HUMAN,Carrier stall exceeding 48h SLA; requires human carrier tracing.
conv_amzn_00663,AmazonHelp,conv_amzn_00663,"@AmazonHelp I was just charged $236.99 for Amazon Prime annual renewal today, but I forgot to cancel. Can I get a refund if I haven't used it?",Customer reaching out to @AmazonHelp regarding prime membership and billing.,"Yes! If you haven't used any Prime benefits since the renewal charge, you will automatically receive a full refund when you cancel at: https://amzn.to/manage-prime ^MK",prime_membership_and_billing,AUTO_HANDLE,Prorated/unused Prime auto-refund policy self-service guidance.
conv_amzn_00664,AmazonHelp,conv_amzn_00664,@AmazonHelp I ordered a Keurig Coffee Maker ($445.00) and you sent me a box of plastic hangers! Order #114-5397100-7028150. This is a totally different item!,Customer reaching out to @AmazonHelp regarding damaged or incorrect item.,We sincerely apologize for this warehouse mix-up! Please DM us your order number so our fulfillment escalation team can investigate the inventory error and dispatch the correct item immediately: https://amzn.to/dm ^JW,damaged_or_incorrect_item,ESCALATE_TO_HUMAN,Severe inventory mispick requiring warehouse audit and expedited replacement.
conv_amzn_00665,AmazonHelp,conv_amzn_00665,@AmazonHelp It has been 36 hours since my package #114-2554463-9600952 was marked delivered. I checked with neighbors and my building management. It is not here.,Customer reaching out to @AmazonHelp regarding missing or stolen package.,"Thank you for thoroughly checking around your property. Since 36 hours have passed, please DM us your order ID so our team can file a missing package claim and issue a replacement or refund: https://amzn.to/dm ^SJ",missing_or_stolen_package,ESCALATE_TO_HUMAN,Waiting window expired and parcel missing; requires human claims specialist.
conv_amzn_00666,AmazonHelp,conv_amzn_00666,@AmazonHelp It has been 36 hours since my package #113-5455742-6520328 was marked delivered. I checked with neighbors and my building management. It is not here.,Customer reaching out to @AmazonHelp regarding missing or stolen package.,"Thank you for thoroughly checking around your property. Since 36 hours have passed, please DM us your order ID so our team can file a missing package claim and issue a replacement or refund: https://amzn.to/dm ^JW",missing_or_stolen_package,ESCALATE_TO_HUMAN,Waiting window expired and parcel missing; requires human claims specialist.
conv_amzn_00667,AmazonHelp,conv_amzn_00667,@AmazonHelp I need an official tax invoice with VAT ID for my company purchase order #111-2199987-6285374.,Customer reaching out to @AmazonHelp regarding general product or policy inquiry.,You can download official tax invoices directly from Your Orders by clicking 'Invoice' on the order details page: https://amzn.to/your-orders ^KL,general_product_or_policy_inquiry,AUTO_HANDLE,Self-service business invoice download guidance.
conv_amzn_00668,AmazonHelp,conv_amzn_00668,"@AmazonHelp The Amazon app sent a notification saying my Samsung 55-inch OLED TV was delivered to my front porch 45 minutes ago, but the porch is empty!",Customer reaching out to @AmazonHelp regarding missing or stolen package.,"Carriers sometimes scan packages just prior to walking up to the door. Please allow until the end of the day, and check with household members or side porches: https://amzn.to/find-missing. If still not found tomorrow, reach back out! ^DL",missing_or_stolen_package,AUTO_HANDLE,Scan occurred within past hour; standard buffer and safe spot search recommended.
conv_amzn_00669,AmazonHelp,conv_amzn_00669,@AmazonHelp Delivery photo shows a completely different apartment number (182) and a red doormat. I live in unit 514 and don't have a red mat!,Customer reaching out to @AmazonHelp regarding missing or stolen package.,"We apologize for the misdelivery! Please send us a direct message with your order number so we can review the courier photo, verify your unit, and process an immediate replacement: https://amzn.to/dm ^TB",missing_or_stolen_package,ESCALATE_TO_HUMAN,Photographic proof of misdelivery to wrong unit; requires replacement authorization.
conv_amzn_00670,AmazonHelp,conv_amzn_00670,@AmazonHelp Order #113-4456285-9517130 contains urgent medical supplies for my family that was guaranteed yesterday. Where is the courier right now?,Customer reaching out to @AmazonHelp regarding delivery delay and tracking.,"We sincerely apologize for this critical delay. Given the urgency of these supplies, please DM us immediately so a priority dispatcher can coordinate with the local logistics hub: https://amzn.to/dm ^TB",delivery_delay_and_tracking,ESCALATE_TO_HUMAN,Time-critical urgent medical delivery requiring priority dispatcher intervention.
conv_amzn_00671,AmazonHelp,conv_amzn_00671,"@AmazonHelp My Samsung 55-inch OLED TV was promised for delivery by 9 PM today, but tracking shows it hasn't even left the facility. Order #111-1946582-4975675.",Customer reaching out to @AmazonHelp regarding delivery delay and tracking.,"We apologize for the delay! Carrier transit times can vary. You can view the most up-to-date tracking information here: https://amzn.to/track. If it doesn't arrive by tomorrow evening, please DM us with your order ID: https://amzn.to/dm ^TB",delivery_delay_and_tracking,AUTO_HANDLE,Standard transit buffer; directed customer to official live tracking.
conv_amzn_00672,AmazonHelp,conv_amzn_00672,"@AmazonHelp I was just charged $485.00 for Amazon Prime annual renewal today, but I forgot to cancel. Can I get a refund if I haven't used it?",Customer reaching out to @AmazonHelp regarding prime membership and billing.,"Yes! If you haven't used any Prime benefits since the renewal charge, you will automatically receive a full refund when you cancel at: https://amzn.to/manage-prime ^AB",prime_membership_and_billing,AUTO_HANDLE,Prorated/unused Prime auto-refund policy self-service guidance.
conv_amzn_00673,AmazonHelp,conv_amzn_00673,@AmazonHelp I dropped off my return of Instant Pot Duo at Whole Foods Market customer desk on Friday. When should I expect the refund to appear on my credit card?,Customer reaching out to @AmazonHelp regarding return and refund status.,"Once the return is received, refunds typically take 3 to 5 business days to process back to your original payment method. You can track refund progress under Your Orders: https://amzn.to/refund-status ^TB",return_and_refund_status,AUTO_HANDLE,Standard banking processing timeline explanation.
conv_amzn_00674,AmazonHelp,conv_amzn_00674,@AmazonHelp I ordered a Levi's Denim Jacket ($246.50) and you sent me a box of pack of socks! Order #113-4918621-6194662. This is a totally different item!,Customer reaching out to @AmazonHelp regarding damaged or incorrect item.,We sincerely apologize for this warehouse mix-up! Please DM us your order number so our fulfillment escalation team can investigate the inventory error and dispatch the correct item immediately: https://amzn.to/dm ^JW,damaged_or_incorrect_item,ESCALATE_TO_HUMAN,Severe inventory mispick requiring warehouse audit and expedited replacement.
conv_amzn_00675,AmazonHelp,conv_amzn_00675,"@AmazonHelp It has been 18 days since your return center acknowledged receipt of my #113-5718123-4831810, but my refund of $505.00 is still not issued. Where is my money?",Customer reaching out to @AmazonHelp regarding return and refund status.,We apologize for the delay. Eighteen days exceeds our normal processing timeline. Please send us a DM with your order number so a billing specialist can review the return status and manually release your refund: https://amzn.to/dm ^JW,return_and_refund_status,ESCALATE_TO_HUMAN,Refund overdue beyond standard SLA (>14 days); requires manual finance clearance.
conv_amzn_00676,AmazonHelp,conv_amzn_00676,"@AmazonHelp My Anker Portable Charger was promised for delivery by 5 PM today, but tracking shows it hasn't even left the facility. Order #111-1310020-3817966.",Customer reaching out to @AmazonHelp regarding delivery delay and tracking.,"We apologize for the delay! Carrier transit times can vary. You can view the most up-to-date tracking information here: https://amzn.to/track. If it doesn't arrive by tomorrow evening, please DM us with your order ID: https://amzn.to/dm ^DL",delivery_delay_and_tracking,AUTO_HANDLE,Standard transit buffer; directed customer to official live tracking.
conv_amzn_00677,AmazonHelp,conv_amzn_00677,@AmazonHelp Delivery photo shows a completely different apartment number (843) and a red doormat. I live in unit 583 and don't have a red mat!,Customer reaching out to @AmazonHelp regarding missing or stolen package.,"We apologize for the misdelivery! Please send us a direct message with your order number so we can review the courier photo, verify your unit, and process an immediate replacement: https://amzn.to/dm ^JW",missing_or_stolen_package,ESCALATE_TO_HUMAN,Photographic proof of misdelivery to wrong unit; requires replacement authorization.
conv_amzn_00678,AmazonHelp,conv_amzn_00678,"@AmazonHelp Tracking says 'In Transit' since Tuesday, but there have been no new updates for 4 days. Is my order #113-9445579-7016985 lost?",Customer reaching out to @AmazonHelp regarding delivery delay and tracking.,We understand your concern regarding the lack of tracking movement. Please send us a direct message with your order number and email address so we can initiate an investigation with the carrier: https://amzn.to/dm ^DL,delivery_delay_and_tracking,ESCALATE_TO_HUMAN,Carrier stall exceeding 48h SLA; requires human carrier tracing.
conv_amzn_00679,AmazonHelp,conv_amzn_00679,@AmazonHelp Delivery photo shows a completely different apartment number (403) and a red doormat. I live in unit 175 and don't have a red mat!,Customer reaching out to @AmazonHelp regarding missing or stolen package.,"We apologize for the misdelivery! Please send us a direct message with your order number so we can review the courier photo, verify your unit, and process an immediate replacement: https://amzn.to/dm ^AB",missing_or_stolen_package,ESCALATE_TO_HUMAN,Photographic proof of misdelivery to wrong unit; requires replacement authorization.
conv_amzn_00680,AmazonHelp,conv_amzn_00680,"@AmazonHelp It has been 18 days since your return center acknowledged receipt of my #111-9151434-2305105, but my refund of $236.50 is still not issued. Where is my money?",Customer reaching out to @AmazonHelp regarding return and refund status.,We apologize for the delay. Eighteen days exceeds our normal processing timeline. Please send us a DM with your order number so a billing specialist can review the return status and manually release your refund: https://amzn.to/dm ^RG,return_and_refund_status,ESCALATE_TO_HUMAN,Refund overdue beyond standard SLA (>14 days); requires manual finance clearance.
conv_amzn_00681,AmazonHelp,conv_amzn_00681,@AmazonHelp I dropped off my return of Ninja Air Fryer at The UPS Store on Tuesday. When should I expect the refund to appear on my credit card?,Customer reaching out to @AmazonHelp regarding return and refund status.,"Once the return is received, refunds typically take 3 to 5 business days to process back to your original payment method. You can track refund progress under Your Orders: https://amzn.to/refund-status ^RG",return_and_refund_status,AUTO_HANDLE,Standard banking processing timeline explanation.
conv_amzn_00682,AmazonHelp,conv_amzn_00682,@AmazonHelp I dropped off my return of Keurig Coffee Maker at Whole Foods Market customer desk on Tuesday. When should I expect the refund to appear on my credit card?,Customer reaching out to @AmazonHelp regarding return and refund status.,"Once the return is received, refunds typically take 3 to 5 business days to process back to your original payment method. You can track refund progress under Your Orders: https://amzn.to/refund-status ^MK",return_and_refund_status,AUTO_HANDLE,Standard banking processing timeline explanation.
conv_amzn_00683,AmazonHelp,conv_amzn_00683,"@AmazonHelp The Amazon app sent a notification saying my Sony Wireless Headphones was delivered to my front porch 15 minutes ago, but the porch is empty!",Customer reaching out to @AmazonHelp regarding missing or stolen package.,"Carriers sometimes scan packages just prior to walking up to the door. Please allow until the end of the day, and check with household members or side porches: https://amzn.to/find-missing. If still not found tomorrow, reach back out! ^TB",missing_or_stolen_package,AUTO_HANDLE,Scan occurred within past hour; standard buffer and safe spot search recommended.
conv_amzn_00684,AmazonHelp,conv_amzn_00684,"@AmazonHelp Tracking says 'Carrier picked up package' since Tuesday, but there have been no new updates for 4 days. Is my order #114-3912075-3284525 lost?",Customer reaching out to @AmazonHelp regarding delivery delay and tracking.,We understand your concern regarding the lack of tracking movement. Please send us a direct message with your order number and email address so we can initiate an investigation with the carrier: https://amzn.to/dm ^RG,delivery_delay_and_tracking,ESCALATE_TO_HUMAN,Carrier stall exceeding 48h SLA; requires human carrier tracing.
conv_amzn_00685,AmazonHelp,conv_amzn_00685,"@AmazonHelp My Kindle Paperwhite was promised for delivery by 5 PM today, but tracking shows it hasn't even left the facility. Order #112-4838061-4639341.",Customer reaching out to @AmazonHelp regarding delivery delay and tracking.,"We apologize for the delay! Carrier transit times can vary. You can view the most up-to-date tracking information here: https://amzn.to/track. If it doesn't arrive by tomorrow evening, please DM us with your order ID: https://amzn.to/dm ^DL",delivery_delay_and_tracking,AUTO_HANDLE,Standard transit buffer; directed customer to official live tracking.
conv_amzn_00686,AmazonHelp,conv_amzn_00686,"@AmazonHelp I was just charged $357.99 for Amazon Prime annual renewal today, but I forgot to cancel. Can I get a refund if I haven't used it?",Customer reaching out to @AmazonHelp regarding prime membership and billing.,"Yes! If you haven't used any Prime benefits since the renewal charge, you will automatically receive a full refund when you cancel at: https://amzn.to/manage-prime ^MK",prime_membership_and_billing,AUTO_HANDLE,Prorated/unused Prime auto-refund policy self-service guidance.
conv_amzn_00687,AmazonHelp,conv_amzn_00687,@AmazonHelp Order #113-2587649-1500173 contains urgent medical supplies for my family that was guaranteed yesterday. Where is the courier right now?,Customer reaching out to @AmazonHelp regarding delivery delay and tracking.,"We sincerely apologize for this critical delay. Given the urgency of these supplies, please DM us immediately so a priority dispatcher can coordinate with the local logistics hub: https://amzn.to/dm ^JW",delivery_delay_and_tracking,ESCALATE_TO_HUMAN,Time-critical urgent medical delivery requiring priority dispatcher intervention.
conv_amzn_00688,AmazonHelp,conv_amzn_00688,@AmazonHelp I ordered a Levi's Denim Jacket ($41.00) and you sent me a box of pack of socks! Order #114-1833918-8525802. This is a totally different item!,Customer reaching out to @AmazonHelp regarding damaged or incorrect item.,We sincerely apologize for this warehouse mix-up! Please DM us your order number so our fulfillment escalation team can investigate the inventory error and dispatch the correct item immediately: https://amzn.to/dm ^MK,damaged_or_incorrect_item,ESCALATE_TO_HUMAN,Severe inventory mispick requiring warehouse audit and expedited replacement.
conv_amzn_00689,AmazonHelp,conv_amzn_00689,"@AmazonHelp My LEGO Star Wars Set was promised for delivery by 2 PM today, but tracking shows it hasn't even left the facility. Order #112-6255383-4069125.",Customer reaching out to @AmazonHelp regarding delivery delay and tracking.,"We apologize for the delay! Carrier transit times can vary. You can view the most up-to-date tracking information here: https://amzn.to/track. If it doesn't arrive by tomorrow evening, please DM us with your order ID: https://amzn.to/dm ^TB",delivery_delay_and_tracking,AUTO_HANDLE,Standard transit buffer; directed customer to official live tracking.
conv_amzn_00690,AmazonHelp,conv_amzn_00690,"@AmazonHelp It has been 18 days since your return center acknowledged receipt of my #114-2903949-8848241, but my refund of $549.99 is still not issued. Where is my money?",Customer reaching out to @AmazonHelp regarding return and refund status.,We apologize for the delay. Eighteen days exceeds our normal processing timeline. Please send us a DM with your order number so a billing specialist can review the return status and manually release your refund: https://amzn.to/dm ^DL,return_and_refund_status,ESCALATE_TO_HUMAN,Refund overdue beyond standard SLA (>14 days); requires manual finance clearance.
conv_amzn_00691,AmazonHelp,conv_amzn_00691,@AmazonHelp I ordered a Levi's Denim Jacket ($522.00) and you sent me a box of dog food! Order #111-5461206-4147996. This is a totally different item!,Customer reaching out to @AmazonHelp regarding damaged or incorrect item.,We sincerely apologize for this warehouse mix-up! Please DM us your order number so our fulfillment escalation team can investigate the inventory error and dispatch the correct item immediately: https://amzn.to/dm ^RG,damaged_or_incorrect_item,ESCALATE_TO_HUMAN,Severe inventory mispick requiring warehouse audit and expedited replacement.
conv_amzn_00692,AmazonHelp,conv_amzn_00692,"@AmazonHelp Driver marked package attempted because they couldn't access the building gate, but no one buzzed my apartment 163!",Customer reaching out to @AmazonHelp regarding delivery delay and tracking.,"We're sorry for the inconvenience! Drivers will automatically re-attempt delivery on the next business day. You can add permanent gate codes in Your Account > Addresses: https://amzn.to/delivery-instructions. If urgent, DM us: https://amzn.to/dm ^DL",delivery_delay_and_tracking,AUTO_HANDLE,Gate access issue; self-service delivery instruction update provided.
conv_amzn_00693,AmazonHelp,conv_amzn_00693,"@AmazonHelp It has been 18 days since your return center acknowledged receipt of my #113-8458851-4555286, but my refund of $101.50 is still not issued. Where is my money?",Customer reaching out to @AmazonHelp regarding return and refund status.,We apologize for the delay. Eighteen days exceeds our normal processing timeline. Please send us a DM with your order number so a billing specialist can review the return status and manually release your refund: https://amzn.to/dm ^JW,return_and_refund_status,ESCALATE_TO_HUMAN,Refund overdue beyond standard SLA (>14 days); requires manual finance clearance.
conv_amzn_00694,AmazonHelp,conv_amzn_00694,@AmazonHelp Delivery photo shows a completely different apartment number (106) and a red doormat. I live in unit 113 and don't have a red mat!,Customer reaching out to @AmazonHelp regarding missing or stolen package.,"We apologize for the misdelivery! Please send us a direct message with your order number so we can review the courier photo, verify your unit, and process an immediate replacement: https://amzn.to/dm ^KL",missing_or_stolen_package,ESCALATE_TO_HUMAN,Photographic proof of misdelivery to wrong unit; requires replacement authorization.
conv_amzn_00695,AmazonHelp,conv_amzn_00695,"@AmazonHelp I was just charged $436.00 for Amazon Prime annual renewal today, but I forgot to cancel. Can I get a refund if I haven't used it?",Customer reaching out to @AmazonHelp regarding prime membership and billing.,"Yes! If you haven't used any Prime benefits since the renewal charge, you will automatically receive a full refund when you cancel at: https://amzn.to/manage-prime ^DL",prime_membership_and_billing,AUTO_HANDLE,Prorated/unused Prime auto-refund policy self-service guidance.
conv_amzn_00696,AmazonHelp,conv_amzn_00696,"@AmazonHelp Driver marked package attempted because they couldn't access the building gate, but no one buzzed my apartment 209!",Customer reaching out to @AmazonHelp regarding delivery delay and tracking.,"We're sorry for the inconvenience! Drivers will automatically re-attempt delivery on the next business day. You can add permanent gate codes in Your Account > Addresses: https://amzn.to/delivery-instructions. If urgent, DM us: https://amzn.to/dm ^JW",delivery_delay_and_tracking,AUTO_HANDLE,Gate access issue; self-service delivery instruction update provided.
conv_amzn_00697,AmazonHelp,conv_amzn_00697,"@AmazonHelp The Sony Wireless Headphones I received has a ripped retail seal and looks like it was already used by someone else, but I paid for brand new!",Customer reaching out to @AmazonHelp regarding damaged or incorrect item.,"We apologize for this experience. We take new item guarantees seriously. Please go to Your Orders to request an exchange for an unopened replacement, or DM us if you need assistance: https://amzn.to/your-orders ^RG",damaged_or_incorrect_item,AUTO_HANDLE,Used-sold-as-new complaint; customer guided to instant exchange flow.
conv_amzn_00698,AmazonHelp,conv_amzn_00698,"@AmazonHelp It has been 18 days since your return center acknowledged receipt of my #112-2394133-6867186, but my refund of $531.00 is still not issued. Where is my money?",Customer reaching out to @AmazonHelp regarding return and refund status.,We apologize for the delay. Eighteen days exceeds our normal processing timeline. Please send us a DM with your order number so a billing specialist can review the return status and manually release your refund: https://amzn.to/dm ^RG,return_and_refund_status,ESCALATE_TO_HUMAN,Refund overdue beyond standard SLA (>14 days); requires manual finance clearance.
conv_amzn_00699,AmazonHelp,conv_amzn_00699,@AmazonHelp It has been 36 hours since my package #111-7295798-6010756 was marked delivered. I checked with neighbors and my building management. It is not here.,Customer reaching out to @AmazonHelp regarding missing or stolen package.,"Thank you for thoroughly checking around your property. Since 36 hours have passed, please DM us your order ID so our team can file a missing package claim and issue a replacement or refund: https://amzn.to/dm ^MK",missing_or_stolen_package,ESCALATE_TO_HUMAN,Waiting window expired and parcel missing; requires human claims specialist.
conv_amzn_00700,AmazonHelp,conv_amzn_00700,@AmazonHelp Delivery photo shows a completely different apartment number (662) and a red doormat. I live in unit 439 and don't have a red mat!,Customer reaching out to @AmazonHelp regarding missing or stolen package.,"We apologize for the misdelivery! Please send us a direct message with your order number so we can review the courier photo, verify your unit, and process an immediate replacement: https://amzn.to/dm ^AB",missing_or_stolen_package,ESCALATE_TO_HUMAN,Photographic proof of misdelivery to wrong unit; requires replacement authorization.
conv_amzn_00701,AmazonHelp,conv_amzn_00701,"@AmazonHelp My Ceramic Dinnerware Set was promised for delivery by 9 PM today, but tracking shows it hasn't even left the facility. Order #113-7865122-3180777.",Customer reaching out to @AmazonHelp regarding delivery delay and tracking.,"We apologize for the delay! Carrier transit times can vary. You can view the most up-to-date tracking information here: https://amzn.to/track. If it doesn't arrive by tomorrow evening, please DM us with your order ID: https://amzn.to/dm ^DL",delivery_delay_and_tracking,AUTO_HANDLE,Standard transit buffer; directed customer to official live tracking.
conv_amzn_00702,AmazonHelp,conv_amzn_00702,"@AmazonHelp My Levi's Denim Jacket was promised for delivery by 8 PM today, but tracking shows it hasn't even left the facility. Order #111-1656036-7394782.",Customer reaching out to @AmazonHelp regarding delivery delay and tracking.,"We apologize for the delay! Carrier transit times can vary. You can view the most up-to-date tracking information here: https://amzn.to/track. If it doesn't arrive by tomorrow evening, please DM us with your order ID: https://amzn.to/dm ^MK",delivery_delay_and_tracking,AUTO_HANDLE,Standard transit buffer; directed customer to official live tracking.
conv_amzn_00703,AmazonHelp,conv_amzn_00703,@AmazonHelp Delivery photo shows a completely different apartment number (290) and a red doormat. I live in unit 128 and don't have a red mat!,Customer reaching out to @AmazonHelp regarding missing or stolen package.,"We apologize for the misdelivery! Please send us a direct message with your order number so we can review the courier photo, verify your unit, and process an immediate replacement: https://amzn.to/dm ^JW",missing_or_stolen_package,ESCALATE_TO_HUMAN,Photographic proof of misdelivery to wrong unit; requires replacement authorization.
conv_amzn_00704,AmazonHelp,conv_amzn_00704,"@AmazonHelp It has been 18 days since your return center acknowledged receipt of my #112-7473051-1507090, but my refund of $257.00 is still not issued. Where is my money?",Customer reaching out to @AmazonHelp regarding return and refund status.,We apologize for the delay. Eighteen days exceeds our normal processing timeline. Please send us a DM with your order number so a billing specialist can review the return status and manually release your refund: https://amzn.to/dm ^DL,return_and_refund_status,ESCALATE_TO_HUMAN,Refund overdue beyond standard SLA (>14 days); requires manual finance clearance.
conv_amzn_00705,AmazonHelp,conv_amzn_00705,@AmazonHelp Delivery photo shows a completely different apartment number (810) and a red doormat. I live in unit 731 and don't have a red mat!,Customer reaching out to @AmazonHelp regarding missing or stolen package.,"We apologize for the misdelivery! Please send us a direct message with your order number so we can review the courier photo, verify your unit, and process an immediate replacement: https://amzn.to/dm ^RG",missing_or_stolen_package,ESCALATE_TO_HUMAN,Photographic proof of misdelivery to wrong unit; requires replacement authorization.
conv_amzn_00706,AmazonHelp,conv_amzn_00706,"@AmazonHelp It has been 18 days since your return center acknowledged receipt of my #114-7604605-7133794, but my refund of $30.00 is still not issued. Where is my money?",Customer reaching out to @AmazonHelp regarding return and refund status.,We apologize for the delay. Eighteen days exceeds our normal processing timeline. Please send us a DM with your order number so a billing specialist can review the return status and manually release your refund: https://amzn.to/dm ^SJ,return_and_refund_status,ESCALATE_TO_HUMAN,Refund overdue beyond standard SLA (>14 days); requires manual finance clearance.
conv_amzn_00707,AmazonHelp,conv_amzn_00707,"@AmazonHelp Tracking says 'In Transit' since Monday, but there have been no new updates for 4 days. Is my order #113-7812256-4745806 lost?",Customer reaching out to @AmazonHelp regarding delivery delay and tracking.,We understand your concern regarding the lack of tracking movement. Please send us a direct message with your order number and email address so we can initiate an investigation with the carrier: https://amzn.to/dm ^DL,delivery_delay_and_tracking,ESCALATE_TO_HUMAN,Carrier stall exceeding 48h SLA; requires human carrier tracing.
conv_amzn_00708,AmazonHelp,conv_amzn_00708,"@AmazonHelp I was just charged $487.99 for Amazon Prime annual renewal today, but I forgot to cancel. Can I get a refund if I haven't used it?",Customer reaching out to @AmazonHelp regarding prime membership and billing.,"Yes! If you haven't used any Prime benefits since the renewal charge, you will automatically receive a full refund when you cancel at: https://amzn.to/manage-prime ^KL",prime_membership_and_billing,AUTO_HANDLE,Prorated/unused Prime auto-refund policy self-service guidance.
conv_amzn_00709,AmazonHelp,conv_amzn_00709,@AmazonHelp I ordered a Apple AirPods Pro ($266.99) and you sent me a box of baby wipes! Order #112-3387546-1304923. This is a totally different item!,Customer reaching out to @AmazonHelp regarding damaged or incorrect item.,We sincerely apologize for this warehouse mix-up! Please DM us your order number so our fulfillment escalation team can investigate the inventory error and dispatch the correct item immediately: https://amzn.to/dm ^SJ,damaged_or_incorrect_item,ESCALATE_TO_HUMAN,Severe inventory mispick requiring warehouse audit and expedited replacement.
conv_amzn_00710,AmazonHelp,conv_amzn_00710,"@AmazonHelp Tracking says 'In Transit' since Saturday, but there have been no new updates for 4 days. Is my order #113-1840396-4141825 lost?",Customer reaching out to @AmazonHelp regarding delivery delay and tracking.,We understand your concern regarding the lack of tracking movement. Please send us a direct message with your order number and email address so we can initiate an investigation with the carrier: https://amzn.to/dm ^MK,delivery_delay_and_tracking,ESCALATE_TO_HUMAN,Carrier stall exceeding 48h SLA; requires human carrier tracing.
conv_amzn_00711,AmazonHelp,conv_amzn_00711,"@AmazonHelp My Ninja Air Fryer was promised for delivery by 9 PM today, but tracking shows it hasn't even left the facility. Order #114-7546200-9465628.",Customer reaching out to @AmazonHelp regarding delivery delay and tracking.,"We apologize for the delay! Carrier transit times can vary. You can view the most up-to-date tracking information here: https://amzn.to/track. If it doesn't arrive by tomorrow evening, please DM us with your order ID: https://amzn.to/dm ^AB",delivery_delay_and_tracking,AUTO_HANDLE,Standard transit buffer; directed customer to official live tracking.
conv_amzn_00712,AmazonHelp,conv_amzn_00712,"@AmazonHelp Tracking says 'In Transit' since Thursday, but there have been no new updates for 4 days. Is my order #113-9950050-7462809 lost?",Customer reaching out to @AmazonHelp regarding delivery delay and tracking.,We understand your concern regarding the lack of tracking movement. Please send us a direct message with your order number and email address so we can initiate an investigation with the carrier: https://amzn.to/dm ^SJ,delivery_delay_and_tracking,ESCALATE_TO_HUMAN,Carrier stall exceeding 48h SLA; requires human carrier tracing.
conv_amzn_00713,AmazonHelp,conv_amzn_00713,"@AmazonHelp The Amazon app sent a notification saying my Keurig Coffee Maker was delivered to my front porch 60 minutes ago, but the porch is empty!",Customer reaching out to @AmazonHelp regarding missing or stolen package.,"Carriers sometimes scan packages just prior to walking up to the door. Please allow until the end of the day, and check with household members or side porches: https://amzn.to/find-missing. If still not found tomorrow, reach back out! ^KL",missing_or_stolen_package,AUTO_HANDLE,Scan occurred within past hour; standard buffer and safe spot search recommended.
conv_amzn_00714,AmazonHelp,conv_amzn_00714,@AmazonHelp I need an official tax invoice with VAT ID for my company purchase order #113-4859729-8694992.,Customer reaching out to @AmazonHelp regarding general product or policy inquiry.,You can download official tax invoices directly from Your Orders by clicking 'Invoice' on the order details page: https://amzn.to/your-orders ^MK,general_product_or_policy_inquiry,AUTO_HANDLE,Self-service business invoice download guidance.
conv_amzn_00715,AmazonHelp,conv_amzn_00715,"@AmazonHelp The Amazon app sent a notification saying my Samsung 55-inch OLED TV was delivered to my front porch 25 minutes ago, but the porch is empty!",Customer reaching out to @AmazonHelp regarding missing or stolen package.,"Carriers sometimes scan packages just prior to walking up to the door. Please allow until the end of the day, and check with household members or side porches: https://amzn.to/find-missing. If still not found tomorrow, reach back out! ^KL",missing_or_stolen_package,AUTO_HANDLE,Scan occurred within past hour; standard buffer and safe spot search recommended.
conv_amzn_00716,AmazonHelp,conv_amzn_00716,@AmazonHelp I need an official tax invoice with VAT ID for my company purchase order #113-9735327-9770625.,Customer reaching out to @AmazonHelp regarding general product or policy inquiry.,You can download official tax invoices directly from Your Orders by clicking 'Invoice' on the order details page: https://amzn.to/your-orders ^MK,general_product_or_policy_inquiry,AUTO_HANDLE,Self-service business invoice download guidance.
conv_amzn_00717,AmazonHelp,conv_amzn_00717,"@AmazonHelp Driver marked package attempted because they couldn't access the building gate, but no one buzzed my apartment 636!",Customer reaching out to @AmazonHelp regarding delivery delay and tracking.,"We're sorry for the inconvenience! Drivers will automatically re-attempt delivery on the next business day. You can add permanent gate codes in Your Account > Addresses: https://amzn.to/delivery-instructions. If urgent, DM us: https://amzn.to/dm ^TB",delivery_delay_and_tracking,AUTO_HANDLE,Gate access issue; self-service delivery instruction update provided.
conv_amzn_00718,AmazonHelp,conv_amzn_00718,@AmazonHelp Delivery photo shows a completely different apartment number (541) and a red doormat. I live in unit 373 and don't have a red mat!,Customer reaching out to @AmazonHelp regarding missing or stolen package.,"We apologize for the misdelivery! Please send us a direct message with your order number so we can review the courier photo, verify your unit, and process an immediate replacement: https://amzn.to/dm ^MK",missing_or_stolen_package,ESCALATE_TO_HUMAN,Photographic proof of misdelivery to wrong unit; requires replacement authorization.
conv_amzn_00719,AmazonHelp,conv_amzn_00719,"@AmazonHelp Tracking says 'Out for Delivery' since Friday, but there have been no new updates for 4 days. Is my order #111-5766459-3755850 lost?",Customer reaching out to @AmazonHelp regarding delivery delay and tracking.,We understand your concern regarding the lack of tracking movement. Please send us a direct message with your order number and email address so we can initiate an investigation with the carrier: https://amzn.to/dm ^RG,delivery_delay_and_tracking,ESCALATE_TO_HUMAN,Carrier stall exceeding 48h SLA; requires human carrier tracing.
conv_amzn_00720,AmazonHelp,conv_amzn_00720,"@AmazonHelp It has been 18 days since your return center acknowledged receipt of my #111-2890457-9444194, but my refund of $136.00 is still not issued. Where is my money?",Customer reaching out to @AmazonHelp regarding return and refund status.,We apologize for the delay. Eighteen days exceeds our normal processing timeline. Please send us a DM with your order number so a billing specialist can review the return status and manually release your refund: https://amzn.to/dm ^TB,return_and_refund_status,ESCALATE_TO_HUMAN,Refund overdue beyond standard SLA (>14 days); requires manual finance clearance.
conv_amzn_00721,AmazonHelp,conv_amzn_00721,"@AmazonHelp Tracking says 'Carrier picked up package' since Monday, but there have been no new updates for 4 days. Is my order #111-5200347-4839478 lost?",Customer reaching out to @AmazonHelp regarding delivery delay and tracking.,We understand your concern regarding the lack of tracking movement. Please send us a direct message with your order number and email address so we can initiate an investigation with the carrier: https://amzn.to/dm ^SJ,delivery_delay_and_tracking,ESCALATE_TO_HUMAN,Carrier stall exceeding 48h SLA; requires human carrier tracing.
conv_amzn_00722,AmazonHelp,conv_amzn_00722,@AmazonHelp It has been 36 hours since my package #112-4032295-6818255 was marked delivered. I checked with neighbors and my building management. It is not here.,Customer reaching out to @AmazonHelp regarding missing or stolen package.,"Thank you for thoroughly checking around your property. Since 36 hours have passed, please DM us your order ID so our team can file a missing package claim and issue a replacement or refund: https://amzn.to/dm ^KL",missing_or_stolen_package,ESCALATE_TO_HUMAN,Waiting window expired and parcel missing; requires human claims specialist.
conv_amzn_00723,AmazonHelp,conv_amzn_00723,"@AmazonHelp It has been 18 days since your return center acknowledged receipt of my #112-8782226-2353563, but my refund of $550.00 is still not issued. Where is my money?",Customer reaching out to @AmazonHelp regarding return and refund status.,We apologize for the delay. Eighteen days exceeds our normal processing timeline. Please send us a DM with your order number so a billing specialist can review the return status and manually release your refund: https://amzn.to/dm ^AB,return_and_refund_status,ESCALATE_TO_HUMAN,Refund overdue beyond standard SLA (>14 days); requires manual finance clearance.
conv_amzn_00724,AmazonHelp,conv_amzn_00724,@AmazonHelp Delivery photo shows a completely different apartment number (104) and a red doormat. I live in unit 715 and don't have a red mat!,Customer reaching out to @AmazonHelp regarding missing or stolen package.,"We apologize for the misdelivery! Please send us a direct message with your order number so we can review the courier photo, verify your unit, and process an immediate replacement: https://amzn.to/dm ^DL",missing_or_stolen_package,ESCALATE_TO_HUMAN,Photographic proof of misdelivery to wrong unit; requires replacement authorization.
conv_amzn_00725,AmazonHelp,conv_amzn_00725,@AmazonHelp Prime Video keeps giving error code 5004 when playing movies on my Fire TV 4K. How do I fix this?,Customer reaching out to @AmazonHelp regarding digital services and devices.,"Error 5004 is typically resolved by restarting your device and router, or clearing the Prime Video app cache. You can find detailed troubleshooting steps here: https://amzn.to/prime-video-help ^JW",digital_services_and_devices,AUTO_HANDLE,Standard streaming cache/reboot troubleshooting steps.
conv_amzn_00726,AmazonHelp,conv_amzn_00726,"@AmazonHelp It has been 18 days since your return center acknowledged receipt of my #111-8979600-3473296, but my refund of $574.00 is still not issued. Where is my money?",Customer reaching out to @AmazonHelp regarding return and refund status.,We apologize for the delay. Eighteen days exceeds our normal processing timeline. Please send us a DM with your order number so a billing specialist can review the return status and manually release your refund: https://amzn.to/dm ^JW,return_and_refund_status,ESCALATE_TO_HUMAN,Refund overdue beyond standard SLA (>14 days); requires manual finance clearance.
conv_amzn_00727,AmazonHelp,conv_amzn_00727,@AmazonHelp Delivery photo shows a completely different apartment number (711) and a red doormat. I live in unit 340 and don't have a red mat!,Customer reaching out to @AmazonHelp regarding missing or stolen package.,"We apologize for the misdelivery! Please send us a direct message with your order number so we can review the courier photo, verify your unit, and process an immediate replacement: https://amzn.to/dm ^RG",missing_or_stolen_package,ESCALATE_TO_HUMAN,Photographic proof of misdelivery to wrong unit; requires replacement authorization.
conv_amzn_00728,AmazonHelp,conv_amzn_00728,"@AmazonHelp The Amazon app sent a notification saying my Anker Portable Charger was delivered to my front porch 25 minutes ago, but the porch is empty!",Customer reaching out to @AmazonHelp regarding missing or stolen package.,"Carriers sometimes scan packages just prior to walking up to the door. Please allow until the end of the day, and check with household members or side porches: https://amzn.to/find-missing. If still not found tomorrow, reach back out! ^SJ",missing_or_stolen_package,AUTO_HANDLE,Scan occurred within past hour; standard buffer and safe spot search recommended.
conv_amzn_00729,AmazonHelp,conv_amzn_00729,@AmazonHelp I dropped off my return of Ninja Air Fryer at Whole Foods Market customer desk on Friday. When should I expect the refund to appear on my credit card?,Customer reaching out to @AmazonHelp regarding return and refund status.,"Once the return is received, refunds typically take 3 to 5 business days to process back to your original payment method. You can track refund progress under Your Orders: https://amzn.to/refund-status ^RG",return_and_refund_status,AUTO_HANDLE,Standard banking processing timeline explanation.
conv_amzn_00730,AmazonHelp,conv_amzn_00730,"@AmazonHelp I was just charged $200.50 for Amazon Prime annual renewal today, but I forgot to cancel. Can I get a refund if I haven't used it?",Customer reaching out to @AmazonHelp regarding prime membership and billing.,"Yes! If you haven't used any Prime benefits since the renewal charge, you will automatically receive a full refund when you cancel at: https://amzn.to/manage-prime ^JW",prime_membership_and_billing,AUTO_HANDLE,Prorated/unused Prime auto-refund policy self-service guidance.
conv_amzn_00731,AmazonHelp,conv_amzn_00731,@AmazonHelp I dropped off my return of Ceramic Dinnerware Set at The UPS Store on Tuesday. When should I expect the refund to appear on my credit card?,Customer reaching out to @AmazonHelp regarding return and refund status.,"Once the return is received, refunds typically take 3 to 5 business days to process back to your original payment method. You can track refund progress under Your Orders: https://amzn.to/refund-status ^KL",return_and_refund_status,AUTO_HANDLE,Standard banking processing timeline explanation.
conv_amzn_00732,AmazonHelp,conv_amzn_00732,@AmazonHelp I need an official tax invoice with VAT ID for my company purchase order #112-8984976-7189586.,Customer reaching out to @AmazonHelp regarding general product or policy inquiry.,You can download official tax invoices directly from Your Orders by clicking 'Invoice' on the order details page: https://amzn.to/your-orders ^TB,general_product_or_policy_inquiry,AUTO_HANDLE,Self-service business invoice download guidance.
conv_amzn_00733,AmazonHelp,conv_amzn_00733,"@AmazonHelp It has been 18 days since your return center acknowledged receipt of my #113-6012928-5803543, but my refund of $515.99 is still not issued. Where is my money?",Customer reaching out to @AmazonHelp regarding return and refund status.,We apologize for the delay. Eighteen days exceeds our normal processing timeline. Please send us a DM with your order number so a billing specialist can review the return status and manually release your refund: https://amzn.to/dm ^TB,return_and_refund_status,ESCALATE_TO_HUMAN,Refund overdue beyond standard SLA (>14 days); requires manual finance clearance.
conv_amzn_00734,AmazonHelp,conv_amzn_00734,"@AmazonHelp I was just charged $310.00 for Amazon Prime annual renewal today, but I forgot to cancel. Can I get a refund if I haven't used it?",Customer reaching out to @AmazonHelp regarding prime membership and billing.,"Yes! If you haven't used any Prime benefits since the renewal charge, you will automatically receive a full refund when you cancel at: https://amzn.to/manage-prime ^DL",prime_membership_and_billing,AUTO_HANDLE,Prorated/unused Prime auto-refund policy self-service guidance.
conv_amzn_00735,AmazonHelp,conv_amzn_00735,@AmazonHelp Liquid soap bottle leaked inside the box and ruined the electronics (Instant Pot Duo) that were shipped together in the same box!,Customer reaching out to @AmazonHelp regarding damaged or incorrect item.,We're so sorry for this shipping error! Please send us a direct message with photos of the damaged package and your order ID so we can issue a full replacement for all affected items: https://amzn.to/dm ^AB,damaged_or_incorrect_item,ESCALATE_TO_HUMAN,Cross-item hazardous spill damaging electronics; human damage assessment required.
conv_amzn_00736,AmazonHelp,conv_amzn_00736,@AmazonHelp Order #112-6573866-5968830 contains urgent medical supplies for my family that was guaranteed yesterday. Where is the courier right now?,Customer reaching out to @AmazonHelp regarding delivery delay and tracking.,"We sincerely apologize for this critical delay. Given the urgency of these supplies, please DM us immediately so a priority dispatcher can coordinate with the local logistics hub: https://amzn.to/dm ^TB",delivery_delay_and_tracking,ESCALATE_TO_HUMAN,Time-critical urgent medical delivery requiring priority dispatcher intervention.
conv_amzn_00737,AmazonHelp,conv_amzn_00737,"@AmazonHelp Driver marked package attempted because they couldn't access the building gate, but no one buzzed my apartment 859!",Customer reaching out to @AmazonHelp regarding delivery delay and tracking.,"We're sorry for the inconvenience! Drivers will automatically re-attempt delivery on the next business day. You can add permanent gate codes in Your Account > Addresses: https://amzn.to/delivery-instructions. If urgent, DM us: https://amzn.to/dm ^JW",delivery_delay_and_tracking,AUTO_HANDLE,Gate access issue; self-service delivery instruction update provided.
conv_amzn_00738,AmazonHelp,conv_amzn_00738,"@AmazonHelp My LEGO Star Wars Set was promised for delivery by 2 PM today, but tracking shows it hasn't even left the facility. Order #112-1693927-9424796.",Customer reaching out to @AmazonHelp regarding delivery delay and tracking.,"We apologize for the delay! Carrier transit times can vary. You can view the most up-to-date tracking information here: https://amzn.to/track. If it doesn't arrive by tomorrow evening, please DM us with your order ID: https://amzn.to/dm ^KL",delivery_delay_and_tracking,AUTO_HANDLE,Standard transit buffer; directed customer to official live tracking.
conv_amzn_00739,AmazonHelp,conv_amzn_00739,@AmazonHelp It has been 36 hours since my package #114-4350456-9958920 was marked delivered. I checked with neighbors and my building management. It is not here.,Customer reaching out to @AmazonHelp regarding missing or stolen package.,"Thank you for thoroughly checking around your property. Since 36 hours have passed, please DM us your order ID so our team can file a missing package claim and issue a replacement or refund: https://amzn.to/dm ^JW",missing_or_stolen_package,ESCALATE_TO_HUMAN,Waiting window expired and parcel missing; requires human claims specialist.
conv_amzn_00740,AmazonHelp,conv_amzn_00740,@AmazonHelp Order #111-7638511-5781579 contains urgent medical supplies for my family that was guaranteed yesterday. Where is the courier right now?,Customer reaching out to @AmazonHelp regarding delivery delay and tracking.,"We sincerely apologize for this critical delay. Given the urgency of these supplies, please DM us immediately so a priority dispatcher can coordinate with the local logistics hub: https://amzn.to/dm ^TB",delivery_delay_and_tracking,ESCALATE_TO_HUMAN,Time-critical urgent medical delivery requiring priority dispatcher intervention.
conv_amzn_00741,AmazonHelp,conv_amzn_00741,@AmazonHelp I dropped off my return of Levi's Denim Jacket at Amazon Locker on Wednesday. When should I expect the refund to appear on my credit card?,Customer reaching out to @AmazonHelp regarding return and refund status.,"Once the return is received, refunds typically take 3 to 5 business days to process back to your original payment method. You can track refund progress under Your Orders: https://amzn.to/refund-status ^AB",return_and_refund_status,AUTO_HANDLE,Standard banking processing timeline explanation.
conv_amzn_00742,AmazonHelp,conv_amzn_00742,"@AmazonHelp Tracking says 'Out for Delivery' since Friday, but there have been no new updates for 4 days. Is my order #111-1260678-3520491 lost?",Customer reaching out to @AmazonHelp regarding delivery delay and tracking.,We understand your concern regarding the lack of tracking movement. Please send us a direct message with your order number and email address so we can initiate an investigation with the carrier: https://amzn.to/dm ^AB,delivery_delay_and_tracking,ESCALATE_TO_HUMAN,Carrier stall exceeding 48h SLA; requires human carrier tracing.
conv_amzn_00743,AmazonHelp,conv_amzn_00743,"@AmazonHelp Driver marked package attempted because they couldn't access the building gate, but no one buzzed my apartment 811!",Customer reaching out to @AmazonHelp regarding delivery delay and tracking.,"We're sorry for the inconvenience! Drivers will automatically re-attempt delivery on the next business day. You can add permanent gate codes in Your Account > Addresses: https://amzn.to/delivery-instructions. If urgent, DM us: https://amzn.to/dm ^SJ",delivery_delay_and_tracking,AUTO_HANDLE,Gate access issue; self-service delivery instruction update provided.
conv_amzn_00744,AmazonHelp,conv_amzn_00744,"@AmazonHelp My Ceramic Dinnerware Set was promised for delivery by 9 PM today, but tracking shows it hasn't even left the facility. Order #114-6266648-4652954.",Customer reaching out to @AmazonHelp regarding delivery delay and tracking.,"We apologize for the delay! Carrier transit times can vary. You can view the most up-to-date tracking information here: https://amzn.to/track. If it doesn't arrive by tomorrow evening, please DM us with your order ID: https://amzn.to/dm ^JW",delivery_delay_and_tracking,AUTO_HANDLE,Standard transit buffer; directed customer to official live tracking.
conv_amzn_00745,AmazonHelp,conv_amzn_00745,"@AmazonHelp Driver marked package attempted because they couldn't access the building gate, but no one buzzed my apartment 691!",Customer reaching out to @AmazonHelp regarding delivery delay and tracking.,"We're sorry for the inconvenience! Drivers will automatically re-attempt delivery on the next business day. You can add permanent gate codes in Your Account > Addresses: https://amzn.to/delivery-instructions. If urgent, DM us: https://amzn.to/dm ^SJ",delivery_delay_and_tracking,AUTO_HANDLE,Gate access issue; self-service delivery instruction update provided.
conv_amzn_00746,AmazonHelp,conv_amzn_00746,"@AmazonHelp It has been 18 days since your return center acknowledged receipt of my #111-7160412-3209085, but my refund of $407.50 is still not issued. Where is my money?",Customer reaching out to @AmazonHelp regarding return and refund status.,We apologize for the delay. Eighteen days exceeds our normal processing timeline. Please send us a DM with your order number so a billing specialist can review the return status and manually release your refund: https://amzn.to/dm ^TB,return_and_refund_status,ESCALATE_TO_HUMAN,Refund overdue beyond standard SLA (>14 days); requires manual finance clearance.
conv_amzn_00747,AmazonHelp,conv_amzn_00747,@AmazonHelp Order #111-6422211-8845384 contains urgent medical supplies for my family that was guaranteed yesterday. Where is the courier right now?,Customer reaching out to @AmazonHelp regarding delivery delay and tracking.,"We sincerely apologize for this critical delay. Given the urgency of these supplies, please DM us immediately so a priority dispatcher can coordinate with the local logistics hub: https://amzn.to/dm ^DL",delivery_delay_and_tracking,ESCALATE_TO_HUMAN,Time-critical urgent medical delivery requiring priority dispatcher intervention.
conv_amzn_00748,AmazonHelp,conv_amzn_00748,"@AmazonHelp I was just charged $323.50 for Amazon Prime annual renewal today, but I forgot to cancel. Can I get a refund if I haven't used it?",Customer reaching out to @AmazonHelp regarding prime membership and billing.,"Yes! If you haven't used any Prime benefits since the renewal charge, you will automatically receive a full refund when you cancel at: https://amzn.to/manage-prime ^JW",prime_membership_and_billing,AUTO_HANDLE,Prorated/unused Prime auto-refund policy self-service guidance.
conv_amzn_00749,AmazonHelp,conv_amzn_00749,@AmazonHelp Delivery photo shows a completely different apartment number (664) and a red doormat. I live in unit 440 and don't have a red mat!,Customer reaching out to @AmazonHelp regarding missing or stolen package.,"We apologize for the misdelivery! Please send us a direct message with your order number so we can review the courier photo, verify your unit, and process an immediate replacement: https://amzn.to/dm ^MK",missing_or_stolen_package,ESCALATE_TO_HUMAN,Photographic proof of misdelivery to wrong unit; requires replacement authorization.
conv_amzn_00750,AmazonHelp,conv_amzn_00750,@AmazonHelp Prime Video keeps giving error code 7031 when playing movies on my Roku Ultra. How do I fix this?,Customer reaching out to @AmazonHelp regarding digital services and devices.,"Error 7031 is typically resolved by restarting your device and router, or clearing the Prime Video app cache. You can find detailed troubleshooting steps here: https://amzn.to/prime-video-help ^AB",digital_services_and_devices,AUTO_HANDLE,Standard streaming cache/reboot troubleshooting steps.
conv_amzn_00751,AmazonHelp,conv_amzn_00751,@AmazonHelp I dropped off my return of Kindle Paperwhite at Kohl's Drop-off on Tuesday. When should I expect the refund to appear on my credit card?,Customer reaching out to @AmazonHelp regarding return and refund status.,"Once the return is received, refunds typically take 3 to 5 business days to process back to your original payment method. You can track refund progress under Your Orders: https://amzn.to/refund-status ^SJ",return_and_refund_status,AUTO_HANDLE,Standard banking processing timeline explanation.
conv_amzn_00752,AmazonHelp,conv_amzn_00752,@AmazonHelp I dropped off my return of Levi's Denim Jacket at The UPS Store on Monday. When should I expect the refund to appear on my credit card?,Customer reaching out to @AmazonHelp regarding return and refund status.,"Once the return is received, refunds typically take 3 to 5 business days to process back to your original payment method. You can track refund progress under Your Orders: https://amzn.to/refund-status ^KL",return_and_refund_status,AUTO_HANDLE,Standard banking processing timeline explanation.
conv_amzn_00753,AmazonHelp,conv_amzn_00753,@AmazonHelp I ordered a Fitbit Charge 6 ($394.00) and you sent me a box of cat litter! Order #112-4181492-9261080. This is a totally different item!,Customer reaching out to @AmazonHelp regarding damaged or incorrect item.,We sincerely apologize for this warehouse mix-up! Please DM us your order number so our fulfillment escalation team can investigate the inventory error and dispatch the correct item immediately: https://amzn.to/dm ^JW,damaged_or_incorrect_item,ESCALATE_TO_HUMAN,Severe inventory mispick requiring warehouse audit and expedited replacement.
conv_amzn_00754,AmazonHelp,conv_amzn_00754,@AmazonHelp I dropped off my return of LEGO Star Wars Set at Whole Foods Market customer desk on Monday. When should I expect the refund to appear on my credit card?,Customer reaching out to @AmazonHelp regarding return and refund status.,"Once the return is received, refunds typically take 3 to 5 business days to process back to your original payment method. You can track refund progress under Your Orders: https://amzn.to/refund-status ^DL",return_and_refund_status,AUTO_HANDLE,Standard banking processing timeline explanation.
conv_amzn_00755,AmazonHelp,conv_amzn_00755,@AmazonHelp I dropped off my return of Apple AirPods Pro at Amazon Locker on Tuesday. When should I expect the refund to appear on my credit card?,Customer reaching out to @AmazonHelp regarding return and refund status.,"Once the return is received, refunds typically take 3 to 5 business days to process back to your original payment method. You can track refund progress under Your Orders: https://amzn.to/refund-status ^RG",return_and_refund_status,AUTO_HANDLE,Standard banking processing timeline explanation.
conv_amzn_00756,AmazonHelp,conv_amzn_00756,"@AmazonHelp My Fitbit Charge 6 was promised for delivery by 8 PM today, but tracking shows it hasn't even left the facility. Order #114-6061320-5008981.",Customer reaching out to @AmazonHelp regarding delivery delay and tracking.,"We apologize for the delay! Carrier transit times can vary. You can view the most up-to-date tracking information here: https://amzn.to/track. If it doesn't arrive by tomorrow evening, please DM us with your order ID: https://amzn.to/dm ^SJ",delivery_delay_and_tracking,AUTO_HANDLE,Standard transit buffer; directed customer to official live tracking.
conv_amzn_00757,AmazonHelp,conv_amzn_00757,@AmazonHelp It has been 36 hours since my package #114-4549635-6865767 was marked delivered. I checked with neighbors and my building management. It is not here.,Customer reaching out to @AmazonHelp regarding missing or stolen package.,"Thank you for thoroughly checking around your property. Since 36 hours have passed, please DM us your order ID so our team can file a missing package claim and issue a replacement or refund: https://amzn.to/dm ^KL",missing_or_stolen_package,ESCALATE_TO_HUMAN,Waiting window expired and parcel missing; requires human claims specialist.
conv_amzn_00758,AmazonHelp,conv_amzn_00758,"@AmazonHelp Driver marked package attempted because they couldn't access the building gate, but no one buzzed my apartment 406!",Customer reaching out to @AmazonHelp regarding delivery delay and tracking.,"We're sorry for the inconvenience! Drivers will automatically re-attempt delivery on the next business day. You can add permanent gate codes in Your Account > Addresses: https://amzn.to/delivery-instructions. If urgent, DM us: https://amzn.to/dm ^JW",delivery_delay_and_tracking,AUTO_HANDLE,Gate access issue; self-service delivery instruction update provided.
conv_amzn_00759,AmazonHelp,conv_amzn_00759,"@AmazonHelp It has been 18 days since your return center acknowledged receipt of my #112-4510247-8461841, but my refund of $463.99 is still not issued. Where is my money?",Customer reaching out to @AmazonHelp regarding return and refund status.,We apologize for the delay. Eighteen days exceeds our normal processing timeline. Please send us a DM with your order number so a billing specialist can review the return status and manually release your refund: https://amzn.to/dm ^MK,return_and_refund_status,ESCALATE_TO_HUMAN,Refund overdue beyond standard SLA (>14 days); requires manual finance clearance.
conv_amzn_00760,AmazonHelp,conv_amzn_00760,"@AmazonHelp My Samsung 55-inch OLED TV was promised for delivery by 8 PM today, but tracking shows it hasn't even left the facility. Order #111-1579523-1311041.",Customer reaching out to @AmazonHelp regarding delivery delay and tracking.,"We apologize for the delay! Carrier transit times can vary. You can view the most up-to-date tracking information here: https://amzn.to/track. If it doesn't arrive by tomorrow evening, please DM us with your order ID: https://amzn.to/dm ^DL",delivery_delay_and_tracking,AUTO_HANDLE,Standard transit buffer; directed customer to official live tracking.
conv_amzn_00761,AmazonHelp,conv_amzn_00761,@AmazonHelp It has been 36 hours since my package #112-5746979-4389773 was marked delivered. I checked with neighbors and my building management. It is not here.,Customer reaching out to @AmazonHelp regarding missing or stolen package.,"Thank you for thoroughly checking around your property. Since 36 hours have passed, please DM us your order ID so our team can file a missing package claim and issue a replacement or refund: https://amzn.to/dm ^MK",missing_or_stolen_package,ESCALATE_TO_HUMAN,Waiting window expired and parcel missing; requires human claims specialist.
conv_amzn_00762,AmazonHelp,conv_amzn_00762,@AmazonHelp Order #112-1873348-9503002 contains urgent medical supplies for my family that was guaranteed yesterday. Where is the courier right now?,Customer reaching out to @AmazonHelp regarding delivery delay and tracking.,"We sincerely apologize for this critical delay. Given the urgency of these supplies, please DM us immediately so a priority dispatcher can coordinate with the local logistics hub: https://amzn.to/dm ^AB",delivery_delay_and_tracking,ESCALATE_TO_HUMAN,Time-critical urgent medical delivery requiring priority dispatcher intervention.
conv_amzn_00763,AmazonHelp,conv_amzn_00763,@AmazonHelp I ordered a Instant Pot Duo ($155.00) and you sent me a box of cat litter! Order #114-3750434-3414923. This is a totally different item!,Customer reaching out to @AmazonHelp regarding damaged or incorrect item.,We sincerely apologize for this warehouse mix-up! Please DM us your order number so our fulfillment escalation team can investigate the inventory error and dispatch the correct item immediately: https://amzn.to/dm ^DL,damaged_or_incorrect_item,ESCALATE_TO_HUMAN,Severe inventory mispick requiring warehouse audit and expedited replacement.
conv_amzn_00764,AmazonHelp,conv_amzn_00764,"@AmazonHelp My Kindle Paperwhite was promised for delivery by 2 PM today, but tracking shows it hasn't even left the facility. Order #112-4468730-6875743.",Customer reaching out to @AmazonHelp regarding delivery delay and tracking.,"We apologize for the delay! Carrier transit times can vary. You can view the most up-to-date tracking information here: https://amzn.to/track. If it doesn't arrive by tomorrow evening, please DM us with your order ID: https://amzn.to/dm ^RG",delivery_delay_and_tracking,AUTO_HANDLE,Standard transit buffer; directed customer to official live tracking.
conv_amzn_00765,AmazonHelp,conv_amzn_00765,"@AmazonHelp My Sony Wireless Headphones was promised for delivery by 9 PM today, but tracking shows it hasn't even left the facility. Order #112-5968924-2962090.",Customer reaching out to @AmazonHelp regarding delivery delay and tracking.,"We apologize for the delay! Carrier transit times can vary. You can view the most up-to-date tracking information here: https://amzn.to/track. If it doesn't arrive by tomorrow evening, please DM us with your order ID: https://amzn.to/dm ^MK",delivery_delay_and_tracking,AUTO_HANDLE,Standard transit buffer; directed customer to official live tracking.
conv_amzn_00766,AmazonHelp,conv_amzn_00766,"@AmazonHelp It has been 18 days since your return center acknowledged receipt of my #112-1538166-9042307, but my refund of $586.50 is still not issued. Where is my money?",Customer reaching out to @AmazonHelp regarding return and refund status.,We apologize for the delay. Eighteen days exceeds our normal processing timeline. Please send us a DM with your order number so a billing specialist can review the return status and manually release your refund: https://amzn.to/dm ^JW,return_and_refund_status,ESCALATE_TO_HUMAN,Refund overdue beyond standard SLA (>14 days); requires manual finance clearance.
conv_amzn_00767,AmazonHelp,conv_amzn_00767,"@AmazonHelp I was just charged $369.50 for Amazon Prime annual renewal today, but I forgot to cancel. Can I get a refund if I haven't used it?",Customer reaching out to @AmazonHelp regarding prime membership and billing.,"Yes! If you haven't used any Prime benefits since the renewal charge, you will automatically receive a full refund when you cancel at: https://amzn.to/manage-prime ^MK",prime_membership_and_billing,AUTO_HANDLE,Prorated/unused Prime auto-refund policy self-service guidance.
conv_amzn_00768,AmazonHelp,conv_amzn_00768,"@AmazonHelp It has been 18 days since your return center acknowledged receipt of my #111-1246725-9771777, but my refund of $542.50 is still not issued. Where is my money?",Customer reaching out to @AmazonHelp regarding return and refund status.,We apologize for the delay. Eighteen days exceeds our normal processing timeline. Please send us a DM with your order number so a billing specialist can review the return status and manually release your refund: https://amzn.to/dm ^TB,return_and_refund_status,ESCALATE_TO_HUMAN,Refund overdue beyond standard SLA (>14 days); requires manual finance clearance.
conv_amzn_00769,AmazonHelp,conv_amzn_00769,"@AmazonHelp It has been 18 days since your return center acknowledged receipt of my #112-5219673-2843988, but my refund of $147.00 is still not issued. Where is my money?",Customer reaching out to @AmazonHelp regarding return and refund status.,We apologize for the delay. Eighteen days exceeds our normal processing timeline. Please send us a DM with your order number so a billing specialist can review the return status and manually release your refund: https://amzn.to/dm ^JW,return_and_refund_status,ESCALATE_TO_HUMAN,Refund overdue beyond standard SLA (>14 days); requires manual finance clearance.
conv_amzn_00770,AmazonHelp,conv_amzn_00770,"@AmazonHelp Tracking says 'Departed facility' since Monday, but there have been no new updates for 4 days. Is my order #114-7079612-4170128 lost?",Customer reaching out to @AmazonHelp regarding delivery delay and tracking.,We understand your concern regarding the lack of tracking movement. Please send us a direct message with your order number and email address so we can initiate an investigation with the carrier: https://amzn.to/dm ^KL,delivery_delay_and_tracking,ESCALATE_TO_HUMAN,Carrier stall exceeding 48h SLA; requires human carrier tracing.
conv_amzn_00771,AmazonHelp,conv_amzn_00771,"@AmazonHelp I was just charged $29.00 for Amazon Prime annual renewal today, but I forgot to cancel. Can I get a refund if I haven't used it?",Customer reaching out to @AmazonHelp regarding prime membership and billing.,"Yes! If you haven't used any Prime benefits since the renewal charge, you will automatically receive a full refund when you cancel at: https://amzn.to/manage-prime ^KL",prime_membership_and_billing,AUTO_HANDLE,Prorated/unused Prime auto-refund policy self-service guidance.
conv_amzn_00772,AmazonHelp,conv_amzn_00772,"@AmazonHelp My Instant Pot Duo was promised for delivery by 5 PM today, but tracking shows it hasn't even left the facility. Order #114-8537695-5946757.",Customer reaching out to @AmazonHelp regarding delivery delay and tracking.,"We apologize for the delay! Carrier transit times can vary. You can view the most up-to-date tracking information here: https://amzn.to/track. If it doesn't arrive by tomorrow evening, please DM us with your order ID: https://amzn.to/dm ^JW",delivery_delay_and_tracking,AUTO_HANDLE,Standard transit buffer; directed customer to official live tracking.
conv_amzn_00773,AmazonHelp,conv_amzn_00773,@AmazonHelp It has been 36 hours since my package #114-3934501-1333642 was marked delivered. I checked with neighbors and my building management. It is not here.,Customer reaching out to @AmazonHelp regarding missing or stolen package.,"Thank you for thoroughly checking around your property. Since 36 hours have passed, please DM us your order ID so our team can file a missing package claim and issue a replacement or refund: https://amzn.to/dm ^RG",missing_or_stolen_package,ESCALATE_TO_HUMAN,Waiting window expired and parcel missing; requires human claims specialist.
conv_amzn_00774,AmazonHelp,conv_amzn_00774,"@AmazonHelp My Oral-B Electric Toothbrush was promised for delivery by 8 PM today, but tracking shows it hasn't even left the facility. Order #114-8027014-6075439.",Customer reaching out to @AmazonHelp regarding delivery delay and tracking.,"We apologize for the delay! Carrier transit times can vary. You can view the most up-to-date tracking information here: https://amzn.to/track. If it doesn't arrive by tomorrow evening, please DM us with your order ID: https://amzn.to/dm ^MK",delivery_delay_and_tracking,AUTO_HANDLE,Standard transit buffer; directed customer to official live tracking.
conv_amzn_00775,AmazonHelp,conv_amzn_00775,@AmazonHelp It has been 36 hours since my package #112-2117324-4710111 was marked delivered. I checked with neighbors and my building management. It is not here.,Customer reaching out to @AmazonHelp regarding missing or stolen package.,"Thank you for thoroughly checking around your property. Since 36 hours have passed, please DM us your order ID so our team can file a missing package claim and issue a replacement or refund: https://amzn.to/dm ^MK",missing_or_stolen_package,ESCALATE_TO_HUMAN,Waiting window expired and parcel missing; requires human claims specialist.
conv_amzn_00776,AmazonHelp,conv_amzn_00776,"@AmazonHelp The Amazon app sent a notification saying my Instant Pot Duo was delivered to my front porch 45 minutes ago, but the porch is empty!",Customer reaching out to @AmazonHelp regarding missing or stolen package.,"Carriers sometimes scan packages just prior to walking up to the door. Please allow until the end of the day, and check with household members or side porches: https://amzn.to/find-missing. If still not found tomorrow, reach back out! ^MK",missing_or_stolen_package,AUTO_HANDLE,Scan occurred within past hour; standard buffer and safe spot search recommended.
conv_amzn_00777,AmazonHelp,conv_amzn_00777,@AmazonHelp It has been 36 hours since my package #111-4461378-7212746 was marked delivered. I checked with neighbors and my building management. It is not here.,Customer reaching out to @AmazonHelp regarding missing or stolen package.,"Thank you for thoroughly checking around your property. Since 36 hours have passed, please DM us your order ID so our team can file a missing package claim and issue a replacement or refund: https://amzn.to/dm ^KL",missing_or_stolen_package,ESCALATE_TO_HUMAN,Waiting window expired and parcel missing; requires human claims specialist.
conv_amzn_00778,AmazonHelp,conv_amzn_00778,"@AmazonHelp The Amazon app sent a notification saying my Sony Wireless Headphones was delivered to my front porch 45 minutes ago, but the porch is empty!",Customer reaching out to @AmazonHelp regarding missing or stolen package.,"Carriers sometimes scan packages just prior to walking up to the door. Please allow until the end of the day, and check with household members or side porches: https://amzn.to/find-missing. If still not found tomorrow, reach back out! ^SJ",missing_or_stolen_package,AUTO_HANDLE,Scan occurred within past hour; standard buffer and safe spot search recommended.
conv_amzn_00779,AmazonHelp,conv_amzn_00779,@AmazonHelp Delivery photo shows a completely different apartment number (107) and a red doormat. I live in unit 641 and don't have a red mat!,Customer reaching out to @AmazonHelp regarding missing or stolen package.,"We apologize for the misdelivery! Please send us a direct message with your order number so we can review the courier photo, verify your unit, and process an immediate replacement: https://amzn.to/dm ^SJ",missing_or_stolen_package,ESCALATE_TO_HUMAN,Photographic proof of misdelivery to wrong unit; requires replacement authorization.
conv_amzn_00780,AmazonHelp,conv_amzn_00780,@AmazonHelp I need an official tax invoice with VAT ID for my company purchase order #112-9164674-8618307.,Customer reaching out to @AmazonHelp regarding general product or policy inquiry.,You can download official tax invoices directly from Your Orders by clicking 'Invoice' on the order details page: https://amzn.to/your-orders ^SJ,general_product_or_policy_inquiry,AUTO_HANDLE,Self-service business invoice download guidance.
conv_amzn_00781,AmazonHelp,conv_amzn_00781,@AmazonHelp I ordered a Keurig Coffee Maker ($525.50) and you sent me a box of pack of socks! Order #111-8938566-7120736. This is a totally different item!,Customer reaching out to @AmazonHelp regarding damaged or incorrect item.,We sincerely apologize for this warehouse mix-up! Please DM us your order number so our fulfillment escalation team can investigate the inventory error and dispatch the correct item immediately: https://amzn.to/dm ^JW,damaged_or_incorrect_item,ESCALATE_TO_HUMAN,Severe inventory mispick requiring warehouse audit and expedited replacement.
conv_amzn_00782,AmazonHelp,conv_amzn_00782,@AmazonHelp I dropped off my return of LEGO Star Wars Set at Kohl's Drop-off on Thursday. When should I expect the refund to appear on my credit card?,Customer reaching out to @AmazonHelp regarding return and refund status.,"Once the return is received, refunds typically take 3 to 5 business days to process back to your original payment method. You can track refund progress under Your Orders: https://amzn.to/refund-status ^KL",return_and_refund_status,AUTO_HANDLE,Standard banking processing timeline explanation.
conv_amzn_00783,AmazonHelp,conv_amzn_00783,@AmazonHelp I need an official tax invoice with VAT ID for my company purchase order #111-1679794-3194149.,Customer reaching out to @AmazonHelp regarding general product or policy inquiry.,You can download official tax invoices directly from Your Orders by clicking 'Invoice' on the order details page: https://amzn.to/your-orders ^TB,general_product_or_policy_inquiry,AUTO_HANDLE,Self-service business invoice download guidance.
conv_amzn_00784,AmazonHelp,conv_amzn_00784,"@AmazonHelp My Anker Portable Charger was promised for delivery by 9 PM today, but tracking shows it hasn't even left the facility. Order #112-1464552-7773957.",Customer reaching out to @AmazonHelp regarding delivery delay and tracking.,"We apologize for the delay! Carrier transit times can vary. You can view the most up-to-date tracking information here: https://amzn.to/track. If it doesn't arrive by tomorrow evening, please DM us with your order ID: https://amzn.to/dm ^MK",delivery_delay_and_tracking,AUTO_HANDLE,Standard transit buffer; directed customer to official live tracking.
conv_amzn_00785,AmazonHelp,conv_amzn_00785,@AmazonHelp Delivery photo shows a completely different apartment number (429) and a red doormat. I live in unit 781 and don't have a red mat!,Customer reaching out to @AmazonHelp regarding missing or stolen package.,"We apologize for the misdelivery! Please send us a direct message with your order number so we can review the courier photo, verify your unit, and process an immediate replacement: https://amzn.to/dm ^SJ",missing_or_stolen_package,ESCALATE_TO_HUMAN,Photographic proof of misdelivery to wrong unit; requires replacement authorization.
conv_amzn_00786,AmazonHelp,conv_amzn_00786,"@AmazonHelp The Amazon app sent a notification saying my LEGO Star Wars Set was delivered to my front porch 15 minutes ago, but the porch is empty!",Customer reaching out to @AmazonHelp regarding missing or stolen package.,"Carriers sometimes scan packages just prior to walking up to the door. Please allow until the end of the day, and check with household members or side porches: https://amzn.to/find-missing. If still not found tomorrow, reach back out! ^JW",missing_or_stolen_package,AUTO_HANDLE,Scan occurred within past hour; standard buffer and safe spot search recommended.
conv_amzn_00787,AmazonHelp,conv_amzn_00787,@AmazonHelp Delivery photo shows a completely different apartment number (372) and a red doormat. I live in unit 863 and don't have a red mat!,Customer reaching out to @AmazonHelp regarding missing or stolen package.,"We apologize for the misdelivery! Please send us a direct message with your order number so we can review the courier photo, verify your unit, and process an immediate replacement: https://amzn.to/dm ^DL",missing_or_stolen_package,ESCALATE_TO_HUMAN,Photographic proof of misdelivery to wrong unit; requires replacement authorization.
conv_amzn_00788,AmazonHelp,conv_amzn_00788,"@AmazonHelp I was just charged $231.50 for Amazon Prime annual renewal today, but I forgot to cancel. Can I get a refund if I haven't used it?",Customer reaching out to @AmazonHelp regarding prime membership and billing.,"Yes! If you haven't used any Prime benefits since the renewal charge, you will automatically receive a full refund when you cancel at: https://amzn.to/manage-prime ^AB",prime_membership_and_billing,AUTO_HANDLE,Prorated/unused Prime auto-refund policy self-service guidance.
conv_amzn_00789,AmazonHelp,conv_amzn_00789,@AmazonHelp It has been 36 hours since my package #111-8785501-2335141 was marked delivered. I checked with neighbors and my building management. It is not here.,Customer reaching out to @AmazonHelp regarding missing or stolen package.,"Thank you for thoroughly checking around your property. Since 36 hours have passed, please DM us your order ID so our team can file a missing package claim and issue a replacement or refund: https://amzn.to/dm ^RG",missing_or_stolen_package,ESCALATE_TO_HUMAN,Waiting window expired and parcel missing; requires human claims specialist.
conv_amzn_00790,AmazonHelp,conv_amzn_00790,@AmazonHelp Delivery photo shows a completely different apartment number (522) and a red doormat. I live in unit 789 and don't have a red mat!,Customer reaching out to @AmazonHelp regarding missing or stolen package.,"We apologize for the misdelivery! Please send us a direct message with your order number so we can review the courier photo, verify your unit, and process an immediate replacement: https://amzn.to/dm ^KL",missing_or_stolen_package,ESCALATE_TO_HUMAN,Photographic proof of misdelivery to wrong unit; requires replacement authorization.
conv_amzn_00791,AmazonHelp,conv_amzn_00791,"@AmazonHelp My Ceramic Dinnerware Set was promised for delivery by 5 PM today, but tracking shows it hasn't even left the facility. Order #111-8746019-3027108.",Customer reaching out to @AmazonHelp regarding delivery delay and tracking.,"We apologize for the delay! Carrier transit times can vary. You can view the most up-to-date tracking information here: https://amzn.to/track. If it doesn't arrive by tomorrow evening, please DM us with your order ID: https://amzn.to/dm ^DL",delivery_delay_and_tracking,AUTO_HANDLE,Standard transit buffer; directed customer to official live tracking.
conv_amzn_00792,AmazonHelp,conv_amzn_00792,"@AmazonHelp It has been 18 days since your return center acknowledged receipt of my #111-7129545-7036744, but my refund of $215.50 is still not issued. Where is my money?",Customer reaching out to @AmazonHelp regarding return and refund status.,We apologize for the delay. Eighteen days exceeds our normal processing timeline. Please send us a DM with your order number so a billing specialist can review the return status and manually release your refund: https://amzn.to/dm ^MK,return_and_refund_status,ESCALATE_TO_HUMAN,Refund overdue beyond standard SLA (>14 days); requires manual finance clearance.
conv_amzn_00793,AmazonHelp,conv_amzn_00793,"@AmazonHelp It has been 18 days since your return center acknowledged receipt of my #111-8979835-2206532, but my refund of $535.99 is still not issued. Where is my money?",Customer reaching out to @AmazonHelp regarding return and refund status.,We apologize for the delay. Eighteen days exceeds our normal processing timeline. Please send us a DM with your order number so a billing specialist can review the return status and manually release your refund: https://amzn.to/dm ^AB,return_and_refund_status,ESCALATE_TO_HUMAN,Refund overdue beyond standard SLA (>14 days); requires manual finance clearance.
conv_amzn_00794,AmazonHelp,conv_amzn_00794,"@AmazonHelp It has been 18 days since your return center acknowledged receipt of my #114-5068013-8045411, but my refund of $476.50 is still not issued. Where is my money?",Customer reaching out to @AmazonHelp regarding return and refund status.,We apologize for the delay. Eighteen days exceeds our normal processing timeline. Please send us a DM with your order number so a billing specialist can review the return status and manually release your refund: https://amzn.to/dm ^JW,return_and_refund_status,ESCALATE_TO_HUMAN,Refund overdue beyond standard SLA (>14 days); requires manual finance clearance.
conv_amzn_00795,AmazonHelp,conv_amzn_00795,@AmazonHelp I dropped off my return of Levi's Denim Jacket at Whole Foods Market customer desk on Thursday. When should I expect the refund to appear on my credit card?,Customer reaching out to @AmazonHelp regarding return and refund status.,"Once the return is received, refunds typically take 3 to 5 business days to process back to your original payment method. You can track refund progress under Your Orders: https://amzn.to/refund-status ^DL",return_and_refund_status,AUTO_HANDLE,Standard banking processing timeline explanation.
conv_amzn_00796,AmazonHelp,conv_amzn_00796,"@AmazonHelp It has been 18 days since your return center acknowledged receipt of my #112-8032461-1826123, but my refund of $501.50 is still not issued. Where is my money?",Customer reaching out to @AmazonHelp regarding return and refund status.,We apologize for the delay. Eighteen days exceeds our normal processing timeline. Please send us a DM with your order number so a billing specialist can review the return status and manually release your refund: https://amzn.to/dm ^DL,return_and_refund_status,ESCALATE_TO_HUMAN,Refund overdue beyond standard SLA (>14 days); requires manual finance clearance.
conv_amzn_00797,AmazonHelp,conv_amzn_00797,"@AmazonHelp My LEGO Star Wars Set was promised for delivery by 8 PM today, but tracking shows it hasn't even left the facility. Order #113-4618410-7349439.",Customer reaching out to @AmazonHelp regarding delivery delay and tracking.,"We apologize for the delay! Carrier transit times can vary. You can view the most up-to-date tracking information here: https://amzn.to/track. If it doesn't arrive by tomorrow evening, please DM us with your order ID: https://amzn.to/dm ^AB",delivery_delay_and_tracking,AUTO_HANDLE,Standard transit buffer; directed customer to official live tracking.
conv_amzn_00798,AmazonHelp,conv_amzn_00798,"@AmazonHelp Tracking says 'In Transit' since Tuesday, but there have been no new updates for 4 days. Is my order #112-2898855-6840866 lost?",Customer reaching out to @AmazonHelp regarding delivery delay and tracking.,We understand your concern regarding the lack of tracking movement. Please send us a direct message with your order number and email address so we can initiate an investigation with the carrier: https://amzn.to/dm ^TB,delivery_delay_and_tracking,ESCALATE_TO_HUMAN,Carrier stall exceeding 48h SLA; requires human carrier tracing.
conv_amzn_00799,AmazonHelp,conv_amzn_00799,@AmazonHelp It has been 36 hours since my package #114-2463054-8651273 was marked delivered. I checked with neighbors and my building management. It is not here.,Customer reaching out to @AmazonHelp regarding missing or stolen package.,"Thank you for thoroughly checking around your property. Since 36 hours have passed, please DM us your order ID so our team can file a missing package claim and issue a replacement or refund: https://amzn.to/dm ^AB",missing_or_stolen_package,ESCALATE_TO_HUMAN,Waiting window expired and parcel missing; requires human claims specialist.
conv_amzn_00800,AmazonHelp,conv_amzn_00800,"@AmazonHelp My Oral-B Electric Toothbrush was promised for delivery by 2 PM today, but tracking shows it hasn't even left the facility. Order #112-3979649-9596626.",Customer reaching out to @AmazonHelp regarding delivery delay and tracking.,"We apologize for the delay! Carrier transit times can vary. You can view the most up-to-date tracking information here: https://amzn.to/track. If it doesn't arrive by tomorrow evening, please DM us with your order ID: https://amzn.to/dm ^RG",delivery_delay_and_tracking,AUTO_HANDLE,Standard transit buffer; directed customer to official live tracking.
conv_amzn_00801,AmazonHelp,conv_amzn_00801,@AmazonHelp I dropped off my return of Ninja Air Fryer at Whole Foods Market customer desk on Thursday. When should I expect the refund to appear on my credit card?,Customer reaching out to @AmazonHelp regarding return and refund status.,"Once the return is received, refunds typically take 3 to 5 business days to process back to your original payment method. You can track refund progress under Your Orders: https://amzn.to/refund-status ^JW",return_and_refund_status,AUTO_HANDLE,Standard banking processing timeline explanation.
conv_amzn_00802,AmazonHelp,conv_amzn_00802,@AmazonHelp I need an official tax invoice with VAT ID for my company purchase order #113-2539253-4486686.,Customer reaching out to @AmazonHelp regarding general product or policy inquiry.,You can download official tax invoices directly from Your Orders by clicking 'Invoice' on the order details page: https://amzn.to/your-orders ^TB,general_product_or_policy_inquiry,AUTO_HANDLE,Self-service business invoice download guidance.
conv_amzn_00803,AmazonHelp,conv_amzn_00803,"@AmazonHelp It has been 18 days since your return center acknowledged receipt of my #111-5940190-4173709, but my refund of $245.99 is still not issued. Where is my money?",Customer reaching out to @AmazonHelp regarding return and refund status.,We apologize for the delay. Eighteen days exceeds our normal processing timeline. Please send us a DM with your order number so a billing specialist can review the return status and manually release your refund: https://amzn.to/dm ^SJ,return_and_refund_status,ESCALATE_TO_HUMAN,Refund overdue beyond standard SLA (>14 days); requires manual finance clearance.
conv_amzn_00804,AmazonHelp,conv_amzn_00804,@AmazonHelp I ordered a Kindle Paperwhite ($413.00) and you sent me a box of coffee mugs! Order #111-8896715-9386106. This is a totally different item!,Customer reaching out to @AmazonHelp regarding damaged or incorrect item.,We sincerely apologize for this warehouse mix-up! Please DM us your order number so our fulfillment escalation team can investigate the inventory error and dispatch the correct item immediately: https://amzn.to/dm ^SJ,damaged_or_incorrect_item,ESCALATE_TO_HUMAN,Severe inventory mispick requiring warehouse audit and expedited replacement.
conv_amzn_00805,AmazonHelp,conv_amzn_00805,"@AmazonHelp I was just charged $273.50 for Amazon Prime annual renewal today, but I forgot to cancel. Can I get a refund if I haven't used it?",Customer reaching out to @AmazonHelp regarding prime membership and billing.,"Yes! If you haven't used any Prime benefits since the renewal charge, you will automatically receive a full refund when you cancel at: https://amzn.to/manage-prime ^MK",prime_membership_and_billing,AUTO_HANDLE,Prorated/unused Prime auto-refund policy self-service guidance.
conv_amzn_00806,AmazonHelp,conv_amzn_00806,@AmazonHelp I ordered a Levi's Denim Jacket ($515.99) and you sent me a box of coffee mugs! Order #113-4738030-7446025. This is a totally different item!,Customer reaching out to @AmazonHelp regarding damaged or incorrect item.,We sincerely apologize for this warehouse mix-up! Please DM us your order number so our fulfillment escalation team can investigate the inventory error and dispatch the correct item immediately: https://amzn.to/dm ^DL,damaged_or_incorrect_item,ESCALATE_TO_HUMAN,Severe inventory mispick requiring warehouse audit and expedited replacement.
conv_amzn_00807,AmazonHelp,conv_amzn_00807,@AmazonHelp I need an official tax invoice with VAT ID for my company purchase order #112-9472914-1793621.,Customer reaching out to @AmazonHelp regarding general product or policy inquiry.,You can download official tax invoices directly from Your Orders by clicking 'Invoice' on the order details page: https://amzn.to/your-orders ^DL,general_product_or_policy_inquiry,AUTO_HANDLE,Self-service business invoice download guidance.
conv_amzn_00808,AmazonHelp,conv_amzn_00808,@AmazonHelp I need an official tax invoice with VAT ID for my company purchase order #113-7757760-9153711.,Customer reaching out to @AmazonHelp regarding general product or policy inquiry.,You can download official tax invoices directly from Your Orders by clicking 'Invoice' on the order details page: https://amzn.to/your-orders ^MK,general_product_or_policy_inquiry,AUTO_HANDLE,Self-service business invoice download guidance.
conv_amzn_00809,AmazonHelp,conv_amzn_00809,"@AmazonHelp Tracking says 'Out for Delivery' since Friday, but there have been no new updates for 4 days. Is my order #111-4146591-1774716 lost?",Customer reaching out to @AmazonHelp regarding delivery delay and tracking.,We understand your concern regarding the lack of tracking movement. Please send us a direct message with your order number and email address so we can initiate an investigation with the carrier: https://amzn.to/dm ^TB,delivery_delay_and_tracking,ESCALATE_TO_HUMAN,Carrier stall exceeding 48h SLA; requires human carrier tracing.
conv_amzn_00810,AmazonHelp,conv_amzn_00810,@AmazonHelp Order #111-7811670-8008869 contains urgent medical supplies for my family that was guaranteed yesterday. Where is the courier right now?,Customer reaching out to @AmazonHelp regarding delivery delay and tracking.,"We sincerely apologize for this critical delay. Given the urgency of these supplies, please DM us immediately so a priority dispatcher can coordinate with the local logistics hub: https://amzn.to/dm ^DL",delivery_delay_and_tracking,ESCALATE_TO_HUMAN,Time-critical urgent medical delivery requiring priority dispatcher intervention.
conv_amzn_00811,AmazonHelp,conv_amzn_00811,"@AmazonHelp Tracking says 'In Transit' since Friday, but there have been no new updates for 4 days. Is my order #114-4178361-1927009 lost?",Customer reaching out to @AmazonHelp regarding delivery delay and tracking.,We understand your concern regarding the lack of tracking movement. Please send us a direct message with your order number and email address so we can initiate an investigation with the carrier: https://amzn.to/dm ^SJ,delivery_delay_and_tracking,ESCALATE_TO_HUMAN,Carrier stall exceeding 48h SLA; requires human carrier tracing.
conv_amzn_00812,AmazonHelp,conv_amzn_00812,"@AmazonHelp I was just charged $360.99 for Amazon Prime annual renewal today, but I forgot to cancel. Can I get a refund if I haven't used it?",Customer reaching out to @AmazonHelp regarding prime membership and billing.,"Yes! If you haven't used any Prime benefits since the renewal charge, you will automatically receive a full refund when you cancel at: https://amzn.to/manage-prime ^AB",prime_membership_and_billing,AUTO_HANDLE,Prorated/unused Prime auto-refund policy self-service guidance.
conv_amzn_00813,AmazonHelp,conv_amzn_00813,@AmazonHelp Delivery photo shows a completely different apartment number (454) and a red doormat. I live in unit 530 and don't have a red mat!,Customer reaching out to @AmazonHelp regarding missing or stolen package.,"We apologize for the misdelivery! Please send us a direct message with your order number so we can review the courier photo, verify your unit, and process an immediate replacement: https://amzn.to/dm ^TB",missing_or_stolen_package,ESCALATE_TO_HUMAN,Photographic proof of misdelivery to wrong unit; requires replacement authorization.
conv_amzn_00814,AmazonHelp,conv_amzn_00814,"@AmazonHelp I was just charged $623.99 for Amazon Prime annual renewal today, but I forgot to cancel. Can I get a refund if I haven't used it?",Customer reaching out to @AmazonHelp regarding prime membership and billing.,"Yes! If you haven't used any Prime benefits since the renewal charge, you will automatically receive a full refund when you cancel at: https://amzn.to/manage-prime ^DL",prime_membership_and_billing,AUTO_HANDLE,Prorated/unused Prime auto-refund policy self-service guidance.
conv_amzn_00815,AmazonHelp,conv_amzn_00815,"@AmazonHelp Driver marked package attempted because they couldn't access the building gate, but no one buzzed my apartment 355!",Customer reaching out to @AmazonHelp regarding delivery delay and tracking.,"We're sorry for the inconvenience! Drivers will automatically re-attempt delivery on the next business day. You can add permanent gate codes in Your Account > Addresses: https://amzn.to/delivery-instructions. If urgent, DM us: https://amzn.to/dm ^DL",delivery_delay_and_tracking,AUTO_HANDLE,Gate access issue; self-service delivery instruction update provided.
conv_amzn_00816,AmazonHelp,conv_amzn_00816,@AmazonHelp It has been 36 hours since my package #113-8871931-2511719 was marked delivered. I checked with neighbors and my building management. It is not here.,Customer reaching out to @AmazonHelp regarding missing or stolen package.,"Thank you for thoroughly checking around your property. Since 36 hours have passed, please DM us your order ID so our team can file a missing package claim and issue a replacement or refund: https://amzn.to/dm ^KL",missing_or_stolen_package,ESCALATE_TO_HUMAN,Waiting window expired and parcel missing; requires human claims specialist.
conv_amzn_00817,AmazonHelp,conv_amzn_00817,@AmazonHelp I ordered a Ninja Air Fryer ($412.50) and you sent me a box of pack of socks! Order #113-9404767-2708607. This is a totally different item!,Customer reaching out to @AmazonHelp regarding damaged or incorrect item.,We sincerely apologize for this warehouse mix-up! Please DM us your order number so our fulfillment escalation team can investigate the inventory error and dispatch the correct item immediately: https://amzn.to/dm ^SJ,damaged_or_incorrect_item,ESCALATE_TO_HUMAN,Severe inventory mispick requiring warehouse audit and expedited replacement.
conv_amzn_00818,AmazonHelp,conv_amzn_00818,@AmazonHelp It has been 36 hours since my package #111-9544504-6542177 was marked delivered. I checked with neighbors and my building management. It is not here.,Customer reaching out to @AmazonHelp regarding missing or stolen package.,"Thank you for thoroughly checking around your property. Since 36 hours have passed, please DM us your order ID so our team can file a missing package claim and issue a replacement or refund: https://amzn.to/dm ^DL",missing_or_stolen_package,ESCALATE_TO_HUMAN,Waiting window expired and parcel missing; requires human claims specialist.
conv_amzn_00819,AmazonHelp,conv_amzn_00819,"@AmazonHelp My Ninja Air Fryer was promised for delivery by 8 PM today, but tracking shows it hasn't even left the facility. Order #112-9797705-4433123.",Customer reaching out to @AmazonHelp regarding delivery delay and tracking.,"We apologize for the delay! Carrier transit times can vary. You can view the most up-to-date tracking information here: https://amzn.to/track. If it doesn't arrive by tomorrow evening, please DM us with your order ID: https://amzn.to/dm ^RG",delivery_delay_and_tracking,AUTO_HANDLE,Standard transit buffer; directed customer to official live tracking.
conv_amzn_00820,AmazonHelp,conv_amzn_00820,@AmazonHelp Order #113-3941001-6921454 contains urgent medical supplies for my family that was guaranteed yesterday. Where is the courier right now?,Customer reaching out to @AmazonHelp regarding delivery delay and tracking.,"We sincerely apologize for this critical delay. Given the urgency of these supplies, please DM us immediately so a priority dispatcher can coordinate with the local logistics hub: https://amzn.to/dm ^DL",delivery_delay_and_tracking,ESCALATE_TO_HUMAN,Time-critical urgent medical delivery requiring priority dispatcher intervention.
conv_amzn_00821,AmazonHelp,conv_amzn_00821,@AmazonHelp Order #114-8304246-6246651 contains urgent medical supplies for my family that was guaranteed yesterday. Where is the courier right now?,Customer reaching out to @AmazonHelp regarding delivery delay and tracking.,"We sincerely apologize for this critical delay. Given the urgency of these supplies, please DM us immediately so a priority dispatcher can coordinate with the local logistics hub: https://amzn.to/dm ^TB",delivery_delay_and_tracking,ESCALATE_TO_HUMAN,Time-critical urgent medical delivery requiring priority dispatcher intervention.
conv_amzn_00822,AmazonHelp,conv_amzn_00822,"@AmazonHelp It has been 18 days since your return center acknowledged receipt of my #111-9324140-5781522, but my refund of $297.50 is still not issued. Where is my money?",Customer reaching out to @AmazonHelp regarding return and refund status.,We apologize for the delay. Eighteen days exceeds our normal processing timeline. Please send us a DM with your order number so a billing specialist can review the return status and manually release your refund: https://amzn.to/dm ^MK,return_and_refund_status,ESCALATE_TO_HUMAN,Refund overdue beyond standard SLA (>14 days); requires manual finance clearance.
conv_amzn_00823,AmazonHelp,conv_amzn_00823,@AmazonHelp It has been 36 hours since my package #112-4660389-8807762 was marked delivered. I checked with neighbors and my building management. It is not here.,Customer reaching out to @AmazonHelp regarding missing or stolen package.,"Thank you for thoroughly checking around your property. Since 36 hours have passed, please DM us your order ID so our team can file a missing package claim and issue a replacement or refund: https://amzn.to/dm ^TB",missing_or_stolen_package,ESCALATE_TO_HUMAN,Waiting window expired and parcel missing; requires human claims specialist.
conv_amzn_00824,AmazonHelp,conv_amzn_00824,"@AmazonHelp I was just charged $388.50 for Amazon Prime annual renewal today, but I forgot to cancel. Can I get a refund if I haven't used it?",Customer reaching out to @AmazonHelp regarding prime membership and billing.,"Yes! If you haven't used any Prime benefits since the renewal charge, you will automatically receive a full refund when you cancel at: https://amzn.to/manage-prime ^KL",prime_membership_and_billing,AUTO_HANDLE,Prorated/unused Prime auto-refund policy self-service guidance.
conv_amzn_00825,AmazonHelp,conv_amzn_00825,@AmazonHelp I ordered a Oral-B Electric Toothbrush ($80.50) and you sent me a box of dog food! Order #113-1928216-8953211. This is a totally different item!,Customer reaching out to @AmazonHelp regarding damaged or incorrect item.,We sincerely apologize for this warehouse mix-up! Please DM us your order number so our fulfillment escalation team can investigate the inventory error and dispatch the correct item immediately: https://amzn.to/dm ^DL,damaged_or_incorrect_item,ESCALATE_TO_HUMAN,Severe inventory mispick requiring warehouse audit and expedited replacement.
conv_amzn_00826,AmazonHelp,conv_amzn_00826,@AmazonHelp I dropped off my return of Ceramic Dinnerware Set at Whole Foods Market customer desk on Tuesday. When should I expect the refund to appear on my credit card?,Customer reaching out to @AmazonHelp regarding return and refund status.,"Once the return is received, refunds typically take 3 to 5 business days to process back to your original payment method. You can track refund progress under Your Orders: https://amzn.to/refund-status ^SJ",return_and_refund_status,AUTO_HANDLE,Standard banking processing timeline explanation.
conv_amzn_00827,AmazonHelp,conv_amzn_00827,@AmazonHelp Order #111-3662066-3687147 contains urgent medical supplies for my family that was guaranteed yesterday. Where is the courier right now?,Customer reaching out to @AmazonHelp regarding delivery delay and tracking.,"We sincerely apologize for this critical delay. Given the urgency of these supplies, please DM us immediately so a priority dispatcher can coordinate with the local logistics hub: https://amzn.to/dm ^JW",delivery_delay_and_tracking,ESCALATE_TO_HUMAN,Time-critical urgent medical delivery requiring priority dispatcher intervention.
conv_amzn_00828,AmazonHelp,conv_amzn_00828,"@AmazonHelp My Levi's Denim Jacket was promised for delivery by 8 PM today, but tracking shows it hasn't even left the facility. Order #113-6243636-7193109.",Customer reaching out to @AmazonHelp regarding delivery delay and tracking.,"We apologize for the delay! Carrier transit times can vary. You can view the most up-to-date tracking information here: https://amzn.to/track. If it doesn't arrive by tomorrow evening, please DM us with your order ID: https://amzn.to/dm ^JW",delivery_delay_and_tracking,AUTO_HANDLE,Standard transit buffer; directed customer to official live tracking.
conv_amzn_00829,AmazonHelp,conv_amzn_00829,@AmazonHelp Order #112-1596675-9070930 contains urgent medical supplies for my family that was guaranteed yesterday. Where is the courier right now?,Customer reaching out to @AmazonHelp regarding delivery delay and tracking.,"We sincerely apologize for this critical delay. Given the urgency of these supplies, please DM us immediately so a priority dispatcher can coordinate with the local logistics hub: https://amzn.to/dm ^RG",delivery_delay_and_tracking,ESCALATE_TO_HUMAN,Time-critical urgent medical delivery requiring priority dispatcher intervention.
conv_amzn_00830,AmazonHelp,conv_amzn_00830,"@AmazonHelp My Logitech Wireless Mouse was promised for delivery by 8 PM today, but tracking shows it hasn't even left the facility. Order #114-9682037-1838019.",Customer reaching out to @AmazonHelp regarding delivery delay and tracking.,"We apologize for the delay! Carrier transit times can vary. You can view the most up-to-date tracking information here: https://amzn.to/track. If it doesn't arrive by tomorrow evening, please DM us with your order ID: https://amzn.to/dm ^TB",delivery_delay_and_tracking,AUTO_HANDLE,Standard transit buffer; directed customer to official live tracking.
conv_amzn_00831,AmazonHelp,conv_amzn_00831,"@AmazonHelp Tracking says 'Carrier picked up package' since Thursday, but there have been no new updates for 4 days. Is my order #114-6487424-6802729 lost?",Customer reaching out to @AmazonHelp regarding delivery delay and tracking.,We understand your concern regarding the lack of tracking movement. Please send us a direct message with your order number and email address so we can initiate an investigation with the carrier: https://amzn.to/dm ^AB,delivery_delay_and_tracking,ESCALATE_TO_HUMAN,Carrier stall exceeding 48h SLA; requires human carrier tracing.
conv_amzn_00832,AmazonHelp,conv_amzn_00832,"@AmazonHelp My Keurig Coffee Maker was promised for delivery by 8 PM today, but tracking shows it hasn't even left the facility. Order #111-1144607-4523516.",Customer reaching out to @AmazonHelp regarding delivery delay and tracking.,"We apologize for the delay! Carrier transit times can vary. You can view the most up-to-date tracking information here: https://amzn.to/track. If it doesn't arrive by tomorrow evening, please DM us with your order ID: https://amzn.to/dm ^SJ",delivery_delay_and_tracking,AUTO_HANDLE,Standard transit buffer; directed customer to official live tracking.
conv_amzn_00833,AmazonHelp,conv_amzn_00833,@AmazonHelp I need an official tax invoice with VAT ID for my company purchase order #111-5028626-7825639.,Customer reaching out to @AmazonHelp regarding general product or policy inquiry.,You can download official tax invoices directly from Your Orders by clicking 'Invoice' on the order details page: https://amzn.to/your-orders ^KL,general_product_or_policy_inquiry,AUTO_HANDLE,Self-service business invoice download guidance.
conv_amzn_00834,AmazonHelp,conv_amzn_00834,@AmazonHelp It has been 36 hours since my package #113-8052553-9060159 was marked delivered. I checked with neighbors and my building management. It is not here.,Customer reaching out to @AmazonHelp regarding missing or stolen package.,"Thank you for thoroughly checking around your property. Since 36 hours have passed, please DM us your order ID so our team can file a missing package claim and issue a replacement or refund: https://amzn.to/dm ^RG",missing_or_stolen_package,ESCALATE_TO_HUMAN,Waiting window expired and parcel missing; requires human claims specialist.
conv_amzn_00835,AmazonHelp,conv_amzn_00835,@AmazonHelp I dropped off my return of Anker Portable Charger at Whole Foods Market customer desk on Thursday. When should I expect the refund to appear on my credit card?,Customer reaching out to @AmazonHelp regarding return and refund status.,"Once the return is received, refunds typically take 3 to 5 business days to process back to your original payment method. You can track refund progress under Your Orders: https://amzn.to/refund-status ^SJ",return_and_refund_status,AUTO_HANDLE,Standard banking processing timeline explanation.
conv_amzn_00836,AmazonHelp,conv_amzn_00836,@AmazonHelp It has been 36 hours since my package #114-7449091-5545976 was marked delivered. I checked with neighbors and my building management. It is not here.,Customer reaching out to @AmazonHelp regarding missing or stolen package.,"Thank you for thoroughly checking around your property. Since 36 hours have passed, please DM us your order ID so our team can file a missing package claim and issue a replacement or refund: https://amzn.to/dm ^DL",missing_or_stolen_package,ESCALATE_TO_HUMAN,Waiting window expired and parcel missing; requires human claims specialist.
conv_amzn_00837,AmazonHelp,conv_amzn_00837,"@AmazonHelp Tracking says 'Carrier picked up package' since Saturday, but there have been no new updates for 4 days. Is my order #114-6001134-8027190 lost?",Customer reaching out to @AmazonHelp regarding delivery delay and tracking.,We understand your concern regarding the lack of tracking movement. Please send us a direct message with your order number and email address so we can initiate an investigation with the carrier: https://amzn.to/dm ^TB,delivery_delay_and_tracking,ESCALATE_TO_HUMAN,Carrier stall exceeding 48h SLA; requires human carrier tracing.
conv_amzn_00838,AmazonHelp,conv_amzn_00838,"@AmazonHelp I was just charged $323.99 for Amazon Prime annual renewal today, but I forgot to cancel. Can I get a refund if I haven't used it?",Customer reaching out to @AmazonHelp regarding prime membership and billing.,"Yes! If you haven't used any Prime benefits since the renewal charge, you will automatically receive a full refund when you cancel at: https://amzn.to/manage-prime ^DL",prime_membership_and_billing,AUTO_HANDLE,Prorated/unused Prime auto-refund policy self-service guidance.
conv_amzn_00839,AmazonHelp,conv_amzn_00839,"@AmazonHelp It has been 18 days since your return center acknowledged receipt of my #112-2989136-3818967, but my refund of $163.00 is still not issued. Where is my money?",Customer reaching out to @AmazonHelp regarding return and refund status.,We apologize for the delay. Eighteen days exceeds our normal processing timeline. Please send us a DM with your order number so a billing specialist can review the return status and manually release your refund: https://amzn.to/dm ^DL,return_and_refund_status,ESCALATE_TO_HUMAN,Refund overdue beyond standard SLA (>14 days); requires manual finance clearance.
conv_amzn_00840,AmazonHelp,conv_amzn_00840,"@AmazonHelp I was just charged $329.00 for Amazon Prime annual renewal today, but I forgot to cancel. Can I get a refund if I haven't used it?",Customer reaching out to @AmazonHelp regarding prime membership and billing.,"Yes! If you haven't used any Prime benefits since the renewal charge, you will automatically receive a full refund when you cancel at: https://amzn.to/manage-prime ^KL",prime_membership_and_billing,AUTO_HANDLE,Prorated/unused Prime auto-refund policy self-service guidance.
conv_amzn_00841,AmazonHelp,conv_amzn_00841,@AmazonHelp I dropped off my return of Keurig Coffee Maker at Whole Foods Market customer desk on Thursday. When should I expect the refund to appear on my credit card?,Customer reaching out to @AmazonHelp regarding return and refund status.,"Once the return is received, refunds typically take 3 to 5 business days to process back to your original payment method. You can track refund progress under Your Orders: https://amzn.to/refund-status ^AB",return_and_refund_status,AUTO_HANDLE,Standard banking processing timeline explanation.
conv_amzn_00842,AmazonHelp,conv_amzn_00842,"@AmazonHelp It has been 18 days since your return center acknowledged receipt of my #114-5825028-2929960, but my refund of $419.99 is still not issued. Where is my money?",Customer reaching out to @AmazonHelp regarding return and refund status.,We apologize for the delay. Eighteen days exceeds our normal processing timeline. Please send us a DM with your order number so a billing specialist can review the return status and manually release your refund: https://amzn.to/dm ^MK,return_and_refund_status,ESCALATE_TO_HUMAN,Refund overdue beyond standard SLA (>14 days); requires manual finance clearance.
conv_amzn_00843,AmazonHelp,conv_amzn_00843,"@AmazonHelp My Instant Pot Duo was promised for delivery by 2 PM today, but tracking shows it hasn't even left the facility. Order #112-7483628-7430940.",Customer reaching out to @AmazonHelp regarding delivery delay and tracking.,"We apologize for the delay! Carrier transit times can vary. You can view the most up-to-date tracking information here: https://amzn.to/track. If it doesn't arrive by tomorrow evening, please DM us with your order ID: https://amzn.to/dm ^RG",delivery_delay_and_tracking,AUTO_HANDLE,Standard transit buffer; directed customer to official live tracking.
conv_amzn_00844,AmazonHelp,conv_amzn_00844,@AmazonHelp I ordered a Instant Pot Duo ($436.00) and you sent me a box of cat litter! Order #114-2760261-4150880. This is a totally different item!,Customer reaching out to @AmazonHelp regarding damaged or incorrect item.,We sincerely apologize for this warehouse mix-up! Please DM us your order number so our fulfillment escalation team can investigate the inventory error and dispatch the correct item immediately: https://amzn.to/dm ^KL,damaged_or_incorrect_item,ESCALATE_TO_HUMAN,Severe inventory mispick requiring warehouse audit and expedited replacement.
conv_amzn_00845,AmazonHelp,conv_amzn_00845,"@AmazonHelp Tracking says 'Carrier picked up package' since Thursday, but there have been no new updates for 4 days. Is my order #113-2604895-2720165 lost?",Customer reaching out to @AmazonHelp regarding delivery delay and tracking.,We understand your concern regarding the lack of tracking movement. Please send us a direct message with your order number and email address so we can initiate an investigation with the carrier: https://amzn.to/dm ^MK,delivery_delay_and_tracking,ESCALATE_TO_HUMAN,Carrier stall exceeding 48h SLA; requires human carrier tracing.
conv_amzn_00846,AmazonHelp,conv_amzn_00846,@AmazonHelp It has been 36 hours since my package #113-1753601-4712533 was marked delivered. I checked with neighbors and my building management. It is not here.,Customer reaching out to @AmazonHelp regarding missing or stolen package.,"Thank you for thoroughly checking around your property. Since 36 hours have passed, please DM us your order ID so our team can file a missing package claim and issue a replacement or refund: https://amzn.to/dm ^JW",missing_or_stolen_package,ESCALATE_TO_HUMAN,Waiting window expired and parcel missing; requires human claims specialist.
conv_amzn_00847,AmazonHelp,conv_amzn_00847,"@AmazonHelp I was just charged $421.00 for Amazon Prime annual renewal today, but I forgot to cancel. Can I get a refund if I haven't used it?",Customer reaching out to @AmazonHelp regarding prime membership and billing.,"Yes! If you haven't used any Prime benefits since the renewal charge, you will automatically receive a full refund when you cancel at: https://amzn.to/manage-prime ^JW",prime_membership_and_billing,AUTO_HANDLE,Prorated/unused Prime auto-refund policy self-service guidance.
conv_amzn_00848,AmazonHelp,conv_amzn_00848,"@AmazonHelp I was just charged $609.00 for Amazon Prime annual renewal today, but I forgot to cancel. Can I get a refund if I haven't used it?",Customer reaching out to @AmazonHelp regarding prime membership and billing.,"Yes! If you haven't used any Prime benefits since the renewal charge, you will automatically receive a full refund when you cancel at: https://amzn.to/manage-prime ^DL",prime_membership_and_billing,AUTO_HANDLE,Prorated/unused Prime auto-refund policy self-service guidance.
conv_amzn_00849,AmazonHelp,conv_amzn_00849,@AmazonHelp I need an official tax invoice with VAT ID for my company purchase order #114-3119743-5656308.,Customer reaching out to @AmazonHelp regarding general product or policy inquiry.,You can download official tax invoices directly from Your Orders by clicking 'Invoice' on the order details page: https://amzn.to/your-orders ^MK,general_product_or_policy_inquiry,AUTO_HANDLE,Self-service business invoice download guidance.
conv_amzn_00850,AmazonHelp,conv_amzn_00850,@AmazonHelp I ordered a Anker Portable Charger ($392.00) and you sent me a box of coffee mugs! Order #111-9572712-7134180. This is a totally different item!,Customer reaching out to @AmazonHelp regarding damaged or incorrect item.,We sincerely apologize for this warehouse mix-up! Please DM us your order number so our fulfillment escalation team can investigate the inventory error and dispatch the correct item immediately: https://amzn.to/dm ^AB,damaged_or_incorrect_item,ESCALATE_TO_HUMAN,Severe inventory mispick requiring warehouse audit and expedited replacement.
conv_amzn_00851,AmazonHelp,conv_amzn_00851,@AmazonHelp Delivery photo shows a completely different apartment number (130) and a red doormat. I live in unit 543 and don't have a red mat!,Customer reaching out to @AmazonHelp regarding missing or stolen package.,"We apologize for the misdelivery! Please send us a direct message with your order number so we can review the courier photo, verify your unit, and process an immediate replacement: https://amzn.to/dm ^JW",missing_or_stolen_package,ESCALATE_TO_HUMAN,Photographic proof of misdelivery to wrong unit; requires replacement authorization.
conv_amzn_00852,AmazonHelp,conv_amzn_00852,@AmazonHelp I dropped off my return of Dyson V8 Vacuum at The UPS Store on Tuesday. When should I expect the refund to appear on my credit card?,Customer reaching out to @AmazonHelp regarding return and refund status.,"Once the return is received, refunds typically take 3 to 5 business days to process back to your original payment method. You can track refund progress under Your Orders: https://amzn.to/refund-status ^KL",return_and_refund_status,AUTO_HANDLE,Standard banking processing timeline explanation.
conv_amzn_00853,AmazonHelp,conv_amzn_00853,"@AmazonHelp My Apple AirPods Pro was promised for delivery by 5 PM today, but tracking shows it hasn't even left the facility. Order #111-2167010-4273851.",Customer reaching out to @AmazonHelp regarding delivery delay and tracking.,"We apologize for the delay! Carrier transit times can vary. You can view the most up-to-date tracking information here: https://amzn.to/track. If it doesn't arrive by tomorrow evening, please DM us with your order ID: https://amzn.to/dm ^JW",delivery_delay_and_tracking,AUTO_HANDLE,Standard transit buffer; directed customer to official live tracking.
conv_amzn_00854,AmazonHelp,conv_amzn_00854,@AmazonHelp It has been 36 hours since my package #111-9403560-6357710 was marked delivered. I checked with neighbors and my building management. It is not here.,Customer reaching out to @AmazonHelp regarding missing or stolen package.,"Thank you for thoroughly checking around your property. Since 36 hours have passed, please DM us your order ID so our team can file a missing package claim and issue a replacement or refund: https://amzn.to/dm ^KL",missing_or_stolen_package,ESCALATE_TO_HUMAN,Waiting window expired and parcel missing; requires human claims specialist.
conv_amzn_00855,AmazonHelp,conv_amzn_00855,@AmazonHelp I dropped off my return of Logitech Wireless Mouse at Amazon Locker on Tuesday. When should I expect the refund to appear on my credit card?,Customer reaching out to @AmazonHelp regarding return and refund status.,"Once the return is received, refunds typically take 3 to 5 business days to process back to your original payment method. You can track refund progress under Your Orders: https://amzn.to/refund-status ^SJ",return_and_refund_status,AUTO_HANDLE,Standard banking processing timeline explanation.
conv_amzn_00856,AmazonHelp,conv_amzn_00856,"@AmazonHelp Tracking says 'Out for Delivery' since Tuesday, but there have been no new updates for 4 days. Is my order #111-4532553-1274953 lost?",Customer reaching out to @AmazonHelp regarding delivery delay and tracking.,We understand your concern regarding the lack of tracking movement. Please send us a direct message with your order number and email address so we can initiate an investigation with the carrier: https://amzn.to/dm ^DL,delivery_delay_and_tracking,ESCALATE_TO_HUMAN,Carrier stall exceeding 48h SLA; requires human carrier tracing.
conv_amzn_00857,AmazonHelp,conv_amzn_00857,@AmazonHelp I dropped off my return of Samsung 55-inch OLED TV at The UPS Store on Saturday. When should I expect the refund to appear on my credit card?,Customer reaching out to @AmazonHelp regarding return and refund status.,"Once the return is received, refunds typically take 3 to 5 business days to process back to your original payment method. You can track refund progress under Your Orders: https://amzn.to/refund-status ^SJ",return_and_refund_status,AUTO_HANDLE,Standard banking processing timeline explanation.
conv_amzn_00858,AmazonHelp,conv_amzn_00858,@AmazonHelp Delivery photo shows a completely different apartment number (788) and a red doormat. I live in unit 727 and don't have a red mat!,Customer reaching out to @AmazonHelp regarding missing or stolen package.,"We apologize for the misdelivery! Please send us a direct message with your order number so we can review the courier photo, verify your unit, and process an immediate replacement: https://amzn.to/dm ^DL",missing_or_stolen_package,ESCALATE_TO_HUMAN,Photographic proof of misdelivery to wrong unit; requires replacement authorization.
conv_amzn_00859,AmazonHelp,conv_amzn_00859,"@AmazonHelp My Samsung 55-inch OLED TV was promised for delivery by 9 PM today, but tracking shows it hasn't even left the facility. Order #111-4691199-3764251.",Customer reaching out to @AmazonHelp regarding delivery delay and tracking.,"We apologize for the delay! Carrier transit times can vary. You can view the most up-to-date tracking information here: https://amzn.to/track. If it doesn't arrive by tomorrow evening, please DM us with your order ID: https://amzn.to/dm ^KL",delivery_delay_and_tracking,AUTO_HANDLE,Standard transit buffer; directed customer to official live tracking.
conv_amzn_00860,AmazonHelp,conv_amzn_00860,@AmazonHelp Delivery photo shows a completely different apartment number (559) and a red doormat. I live in unit 597 and don't have a red mat!,Customer reaching out to @AmazonHelp regarding missing or stolen package.,"We apologize for the misdelivery! Please send us a direct message with your order number so we can review the courier photo, verify your unit, and process an immediate replacement: https://amzn.to/dm ^SJ",missing_or_stolen_package,ESCALATE_TO_HUMAN,Photographic proof of misdelivery to wrong unit; requires replacement authorization.
conv_amzn_00861,AmazonHelp,conv_amzn_00861,"@AmazonHelp Tracking says 'Out for Delivery' since Wednesday, but there have been no new updates for 4 days. Is my order #114-1937762-6796974 lost?",Customer reaching out to @AmazonHelp regarding delivery delay and tracking.,We understand your concern regarding the lack of tracking movement. Please send us a direct message with your order number and email address so we can initiate an investigation with the carrier: https://amzn.to/dm ^DL,delivery_delay_and_tracking,ESCALATE_TO_HUMAN,Carrier stall exceeding 48h SLA; requires human carrier tracing.
conv_amzn_00862,AmazonHelp,conv_amzn_00862,"@AmazonHelp The Amazon app sent a notification saying my Keurig Coffee Maker was delivered to my front porch 45 minutes ago, but the porch is empty!",Customer reaching out to @AmazonHelp regarding missing or stolen package.,"Carriers sometimes scan packages just prior to walking up to the door. Please allow until the end of the day, and check with household members or side porches: https://amzn.to/find-missing. If still not found tomorrow, reach back out! ^JW",missing_or_stolen_package,AUTO_HANDLE,Scan occurred within past hour; standard buffer and safe spot search recommended.
conv_amzn_00863,AmazonHelp,conv_amzn_00863,"@AmazonHelp Driver marked package attempted because they couldn't access the building gate, but no one buzzed my apartment 317!",Customer reaching out to @AmazonHelp regarding delivery delay and tracking.,"We're sorry for the inconvenience! Drivers will automatically re-attempt delivery on the next business day. You can add permanent gate codes in Your Account > Addresses: https://amzn.to/delivery-instructions. If urgent, DM us: https://amzn.to/dm ^MK",delivery_delay_and_tracking,AUTO_HANDLE,Gate access issue; self-service delivery instruction update provided.
conv_amzn_00864,AmazonHelp,conv_amzn_00864,@AmazonHelp I dropped off my return of Sony Wireless Headphones at Amazon Locker on Tuesday. When should I expect the refund to appear on my credit card?,Customer reaching out to @AmazonHelp regarding return and refund status.,"Once the return is received, refunds typically take 3 to 5 business days to process back to your original payment method. You can track refund progress under Your Orders: https://amzn.to/refund-status ^SJ",return_and_refund_status,AUTO_HANDLE,Standard banking processing timeline explanation.
conv_amzn_00865,AmazonHelp,conv_amzn_00865,@AmazonHelp I dropped off my return of LEGO Star Wars Set at Kohl's Drop-off on Wednesday. When should I expect the refund to appear on my credit card?,Customer reaching out to @AmazonHelp regarding return and refund status.,"Once the return is received, refunds typically take 3 to 5 business days to process back to your original payment method. You can track refund progress under Your Orders: https://amzn.to/refund-status ^RG",return_and_refund_status,AUTO_HANDLE,Standard banking processing timeline explanation.
conv_amzn_00866,AmazonHelp,conv_amzn_00866,"@AmazonHelp It has been 18 days since your return center acknowledged receipt of my #113-6136676-3505972, but my refund of $320.00 is still not issued. Where is my money?",Customer reaching out to @AmazonHelp regarding return and refund status.,We apologize for the delay. Eighteen days exceeds our normal processing timeline. Please send us a DM with your order number so a billing specialist can review the return status and manually release your refund: https://amzn.to/dm ^MK,return_and_refund_status,ESCALATE_TO_HUMAN,Refund overdue beyond standard SLA (>14 days); requires manual finance clearance.
conv_amzn_00867,AmazonHelp,conv_amzn_00867,"@AmazonHelp My Anker Portable Charger was promised for delivery by 5 PM today, but tracking shows it hasn't even left the facility. Order #112-9488001-3859291.",Customer reaching out to @AmazonHelp regarding delivery delay and tracking.,"We apologize for the delay! Carrier transit times can vary. You can view the most up-to-date tracking information here: https://amzn.to/track. If it doesn't arrive by tomorrow evening, please DM us with your order ID: https://amzn.to/dm ^SJ",delivery_delay_and_tracking,AUTO_HANDLE,Standard transit buffer; directed customer to official live tracking.
conv_amzn_00868,AmazonHelp,conv_amzn_00868,@AmazonHelp I ordered a Sony Wireless Headphones ($230.00) and you sent me a box of pack of socks! Order #113-2577906-4909441. This is a totally different item!,Customer reaching out to @AmazonHelp regarding damaged or incorrect item.,We sincerely apologize for this warehouse mix-up! Please DM us your order number so our fulfillment escalation team can investigate the inventory error and dispatch the correct item immediately: https://amzn.to/dm ^RG,damaged_or_incorrect_item,ESCALATE_TO_HUMAN,Severe inventory mispick requiring warehouse audit and expedited replacement.
conv_amzn_00869,AmazonHelp,conv_amzn_00869,@AmazonHelp It has been 36 hours since my package #111-3178491-5299296 was marked delivered. I checked with neighbors and my building management. It is not here.,Customer reaching out to @AmazonHelp regarding missing or stolen package.,"Thank you for thoroughly checking around your property. Since 36 hours have passed, please DM us your order ID so our team can file a missing package claim and issue a replacement or refund: https://amzn.to/dm ^TB",missing_or_stolen_package,ESCALATE_TO_HUMAN,Waiting window expired and parcel missing; requires human claims specialist.
conv_amzn_00870,AmazonHelp,conv_amzn_00870,@AmazonHelp Order #112-8044788-3347949 contains urgent medical supplies for my family that was guaranteed yesterday. Where is the courier right now?,Customer reaching out to @AmazonHelp regarding delivery delay and tracking.,"We sincerely apologize for this critical delay. Given the urgency of these supplies, please DM us immediately so a priority dispatcher can coordinate with the local logistics hub: https://amzn.to/dm ^RG",delivery_delay_and_tracking,ESCALATE_TO_HUMAN,Time-critical urgent medical delivery requiring priority dispatcher intervention.
conv_amzn_00871,AmazonHelp,conv_amzn_00871,@AmazonHelp I ordered a Samsung 55-inch OLED TV ($367.00) and you sent me a box of plastic hangers! Order #112-6524365-4256172. This is a totally different item!,Customer reaching out to @AmazonHelp regarding damaged or incorrect item.,We sincerely apologize for this warehouse mix-up! Please DM us your order number so our fulfillment escalation team can investigate the inventory error and dispatch the correct item immediately: https://amzn.to/dm ^AB,damaged_or_incorrect_item,ESCALATE_TO_HUMAN,Severe inventory mispick requiring warehouse audit and expedited replacement.
conv_amzn_00872,AmazonHelp,conv_amzn_00872,"@AmazonHelp It has been 18 days since your return center acknowledged receipt of my #111-7827840-6258067, but my refund of $22.99 is still not issued. Where is my money?",Customer reaching out to @AmazonHelp regarding return and refund status.,We apologize for the delay. Eighteen days exceeds our normal processing timeline. Please send us a DM with your order number so a billing specialist can review the return status and manually release your refund: https://amzn.to/dm ^TB,return_and_refund_status,ESCALATE_TO_HUMAN,Refund overdue beyond standard SLA (>14 days); requires manual finance clearance.
conv_amzn_00873,AmazonHelp,conv_amzn_00873,"@AmazonHelp My Anker Portable Charger was promised for delivery by 2 PM today, but tracking shows it hasn't even left the facility. Order #113-4187975-2717523.",Customer reaching out to @AmazonHelp regarding delivery delay and tracking.,"We apologize for the delay! Carrier transit times can vary. You can view the most up-to-date tracking information here: https://amzn.to/track. If it doesn't arrive by tomorrow evening, please DM us with your order ID: https://amzn.to/dm ^DL",delivery_delay_and_tracking,AUTO_HANDLE,Standard transit buffer; directed customer to official live tracking.
conv_amzn_00874,AmazonHelp,conv_amzn_00874,@AmazonHelp I need an official tax invoice with VAT ID for my company purchase order #111-5391206-3113859.,Customer reaching out to @AmazonHelp regarding general product or policy inquiry.,You can download official tax invoices directly from Your Orders by clicking 'Invoice' on the order details page: https://amzn.to/your-orders ^MK,general_product_or_policy_inquiry,AUTO_HANDLE,Self-service business invoice download guidance.
conv_amzn_00875,AmazonHelp,conv_amzn_00875,@AmazonHelp It has been 36 hours since my package #113-8834443-1457001 was marked delivered. I checked with neighbors and my building management. It is not here.,Customer reaching out to @AmazonHelp regarding missing or stolen package.,"Thank you for thoroughly checking around your property. Since 36 hours have passed, please DM us your order ID so our team can file a missing package claim and issue a replacement or refund: https://amzn.to/dm ^MK",missing_or_stolen_package,ESCALATE_TO_HUMAN,Waiting window expired and parcel missing; requires human claims specialist.
conv_amzn_00876,AmazonHelp,conv_amzn_00876,@AmazonHelp I dropped off my return of Kindle Paperwhite at Whole Foods Market customer desk on Saturday. When should I expect the refund to appear on my credit card?,Customer reaching out to @AmazonHelp regarding return and refund status.,"Once the return is received, refunds typically take 3 to 5 business days to process back to your original payment method. You can track refund progress under Your Orders: https://amzn.to/refund-status ^RG",return_and_refund_status,AUTO_HANDLE,Standard banking processing timeline explanation.
conv_amzn_00877,AmazonHelp,conv_amzn_00877,@AmazonHelp Delivery photo shows a completely different apartment number (657) and a red doormat. I live in unit 279 and don't have a red mat!,Customer reaching out to @AmazonHelp regarding missing or stolen package.,"We apologize for the misdelivery! Please send us a direct message with your order number so we can review the courier photo, verify your unit, and process an immediate replacement: https://amzn.to/dm ^RG",missing_or_stolen_package,ESCALATE_TO_HUMAN,Photographic proof of misdelivery to wrong unit; requires replacement authorization.
conv_amzn_00878,AmazonHelp,conv_amzn_00878,@AmazonHelp Order #111-8439699-9896751 contains urgent medical supplies for my family that was guaranteed yesterday. Where is the courier right now?,Customer reaching out to @AmazonHelp regarding delivery delay and tracking.,"We sincerely apologize for this critical delay. Given the urgency of these supplies, please DM us immediately so a priority dispatcher can coordinate with the local logistics hub: https://amzn.to/dm ^AB",delivery_delay_and_tracking,ESCALATE_TO_HUMAN,Time-critical urgent medical delivery requiring priority dispatcher intervention.
conv_amzn_00879,AmazonHelp,conv_amzn_00879,"@AmazonHelp I was just charged $126.50 for Amazon Prime annual renewal today, but I forgot to cancel. Can I get a refund if I haven't used it?",Customer reaching out to @AmazonHelp regarding prime membership and billing.,"Yes! If you haven't used any Prime benefits since the renewal charge, you will automatically receive a full refund when you cancel at: https://amzn.to/manage-prime ^AB",prime_membership_and_billing,AUTO_HANDLE,Prorated/unused Prime auto-refund policy self-service guidance.
conv_amzn_00880,AmazonHelp,conv_amzn_00880,"@AmazonHelp It has been 18 days since your return center acknowledged receipt of my #113-4362052-1175665, but my refund of $341.99 is still not issued. Where is my money?",Customer reaching out to @AmazonHelp regarding return and refund status.,We apologize for the delay. Eighteen days exceeds our normal processing timeline. Please send us a DM with your order number so a billing specialist can review the return status and manually release your refund: https://amzn.to/dm ^AB,return_and_refund_status,ESCALATE_TO_HUMAN,Refund overdue beyond standard SLA (>14 days); requires manual finance clearance.
conv_amzn_00881,AmazonHelp,conv_amzn_00881,@AmazonHelp It has been 36 hours since my package #113-6757053-9005437 was marked delivered. I checked with neighbors and my building management. It is not here.,Customer reaching out to @AmazonHelp regarding missing or stolen package.,"Thank you for thoroughly checking around your property. Since 36 hours have passed, please DM us your order ID so our team can file a missing package claim and issue a replacement or refund: https://amzn.to/dm ^SJ",missing_or_stolen_package,ESCALATE_TO_HUMAN,Waiting window expired and parcel missing; requires human claims specialist.
conv_amzn_00882,AmazonHelp,conv_amzn_00882,"@AmazonHelp My Apple AirPods Pro was promised for delivery by 9 PM today, but tracking shows it hasn't even left the facility. Order #114-3377311-7015827.",Customer reaching out to @AmazonHelp regarding delivery delay and tracking.,"We apologize for the delay! Carrier transit times can vary. You can view the most up-to-date tracking information here: https://amzn.to/track. If it doesn't arrive by tomorrow evening, please DM us with your order ID: https://amzn.to/dm ^MK",delivery_delay_and_tracking,AUTO_HANDLE,Standard transit buffer; directed customer to official live tracking.
conv_amzn_00883,AmazonHelp,conv_amzn_00883,@AmazonHelp I ordered a Ceramic Dinnerware Set ($107.99) and you sent me a box of pack of socks! Order #112-3775454-8932327. This is a totally different item!,Customer reaching out to @AmazonHelp regarding damaged or incorrect item.,We sincerely apologize for this warehouse mix-up! Please DM us your order number so our fulfillment escalation team can investigate the inventory error and dispatch the correct item immediately: https://amzn.to/dm ^KL,damaged_or_incorrect_item,ESCALATE_TO_HUMAN,Severe inventory mispick requiring warehouse audit and expedited replacement.
conv_amzn_00884,AmazonHelp,conv_amzn_00884,@AmazonHelp I ordered a Dyson V8 Vacuum ($204.50) and you sent me a box of plastic hangers! Order #112-8955922-7621989. This is a totally different item!,Customer reaching out to @AmazonHelp regarding damaged or incorrect item.,We sincerely apologize for this warehouse mix-up! Please DM us your order number so our fulfillment escalation team can investigate the inventory error and dispatch the correct item immediately: https://amzn.to/dm ^MK,damaged_or_incorrect_item,ESCALATE_TO_HUMAN,Severe inventory mispick requiring warehouse audit and expedited replacement.
conv_amzn_00885,AmazonHelp,conv_amzn_00885,@AmazonHelp I need an official tax invoice with VAT ID for my company purchase order #112-8441613-3888161.,Customer reaching out to @AmazonHelp regarding general product or policy inquiry.,You can download official tax invoices directly from Your Orders by clicking 'Invoice' on the order details page: https://amzn.to/your-orders ^KL,general_product_or_policy_inquiry,AUTO_HANDLE,Self-service business invoice download guidance.
conv_amzn_00886,AmazonHelp,conv_amzn_00886,"@AmazonHelp My Apple AirPods Pro was promised for delivery by 2 PM today, but tracking shows it hasn't even left the facility. Order #114-8220307-6052508.",Customer reaching out to @AmazonHelp regarding delivery delay and tracking.,"We apologize for the delay! Carrier transit times can vary. You can view the most up-to-date tracking information here: https://amzn.to/track. If it doesn't arrive by tomorrow evening, please DM us with your order ID: https://amzn.to/dm ^SJ",delivery_delay_and_tracking,AUTO_HANDLE,Standard transit buffer; directed customer to official live tracking.
conv_amzn_00887,AmazonHelp,conv_amzn_00887,"@AmazonHelp The Amazon app sent a notification saying my Oral-B Electric Toothbrush was delivered to my front porch 25 minutes ago, but the porch is empty!",Customer reaching out to @AmazonHelp regarding missing or stolen package.,"Carriers sometimes scan packages just prior to walking up to the door. Please allow until the end of the day, and check with household members or side porches: https://amzn.to/find-missing. If still not found tomorrow, reach back out! ^MK",missing_or_stolen_package,AUTO_HANDLE,Scan occurred within past hour; standard buffer and safe spot search recommended.
conv_amzn_00888,AmazonHelp,conv_amzn_00888,@AmazonHelp Order #112-7756442-5855266 contains urgent medical supplies for my family that was guaranteed yesterday. Where is the courier right now?,Customer reaching out to @AmazonHelp regarding delivery delay and tracking.,"We sincerely apologize for this critical delay. Given the urgency of these supplies, please DM us immediately so a priority dispatcher can coordinate with the local logistics hub: https://amzn.to/dm ^TB",delivery_delay_and_tracking,ESCALATE_TO_HUMAN,Time-critical urgent medical delivery requiring priority dispatcher intervention.
conv_amzn_00889,AmazonHelp,conv_amzn_00889,"@AmazonHelp It has been 18 days since your return center acknowledged receipt of my #114-2773182-3492842, but my refund of $598.00 is still not issued. Where is my money?",Customer reaching out to @AmazonHelp regarding return and refund status.,We apologize for the delay. Eighteen days exceeds our normal processing timeline. Please send us a DM with your order number so a billing specialist can review the return status and manually release your refund: https://amzn.to/dm ^TB,return_and_refund_status,ESCALATE_TO_HUMAN,Refund overdue beyond standard SLA (>14 days); requires manual finance clearance.
conv_amzn_00890,AmazonHelp,conv_amzn_00890,@AmazonHelp It has been 36 hours since my package #111-6221937-2243790 was marked delivered. I checked with neighbors and my building management. It is not here.,Customer reaching out to @AmazonHelp regarding missing or stolen package.,"Thank you for thoroughly checking around your property. Since 36 hours have passed, please DM us your order ID so our team can file a missing package claim and issue a replacement or refund: https://amzn.to/dm ^JW",missing_or_stolen_package,ESCALATE_TO_HUMAN,Waiting window expired and parcel missing; requires human claims specialist.
conv_amzn_00891,AmazonHelp,conv_amzn_00891,@AmazonHelp I need an official tax invoice with VAT ID for my company purchase order #111-7819019-8345523.,Customer reaching out to @AmazonHelp regarding general product or policy inquiry.,You can download official tax invoices directly from Your Orders by clicking 'Invoice' on the order details page: https://amzn.to/your-orders ^TB,general_product_or_policy_inquiry,AUTO_HANDLE,Self-service business invoice download guidance.
conv_amzn_00892,AmazonHelp,conv_amzn_00892,@AmazonHelp I ordered a LEGO Star Wars Set ($476.00) and you sent me a box of pack of socks! Order #114-1897857-2019244. This is a totally different item!,Customer reaching out to @AmazonHelp regarding damaged or incorrect item.,We sincerely apologize for this warehouse mix-up! Please DM us your order number so our fulfillment escalation team can investigate the inventory error and dispatch the correct item immediately: https://amzn.to/dm ^MK,damaged_or_incorrect_item,ESCALATE_TO_HUMAN,Severe inventory mispick requiring warehouse audit and expedited replacement.
conv_amzn_00893,AmazonHelp,conv_amzn_00893,"@AmazonHelp It has been 18 days since your return center acknowledged receipt of my #112-2509382-6525448, but my refund of $353.00 is still not issued. Where is my money?",Customer reaching out to @AmazonHelp regarding return and refund status.,We apologize for the delay. Eighteen days exceeds our normal processing timeline. Please send us a DM with your order number so a billing specialist can review the return status and manually release your refund: https://amzn.to/dm ^AB,return_and_refund_status,ESCALATE_TO_HUMAN,Refund overdue beyond standard SLA (>14 days); requires manual finance clearance.
conv_amzn_00894,AmazonHelp,conv_amzn_00894,@AmazonHelp I dropped off my return of Oral-B Electric Toothbrush at The UPS Store on Saturday. When should I expect the refund to appear on my credit card?,Customer reaching out to @AmazonHelp regarding return and refund status.,"Once the return is received, refunds typically take 3 to 5 business days to process back to your original payment method. You can track refund progress under Your Orders: https://amzn.to/refund-status ^JW",return_and_refund_status,AUTO_HANDLE,Standard banking processing timeline explanation.
conv_amzn_00895,AmazonHelp,conv_amzn_00895,@AmazonHelp I dropped off my return of Instant Pot Duo at Kohl's Drop-off on Wednesday. When should I expect the refund to appear on my credit card?,Customer reaching out to @AmazonHelp regarding return and refund status.,"Once the return is received, refunds typically take 3 to 5 business days to process back to your original payment method. You can track refund progress under Your Orders: https://amzn.to/refund-status ^SJ",return_and_refund_status,AUTO_HANDLE,Standard banking processing timeline explanation.
conv_amzn_00896,AmazonHelp,conv_amzn_00896,"@AmazonHelp My Apple AirPods Pro was promised for delivery by 9 PM today, but tracking shows it hasn't even left the facility. Order #113-7451986-7531349.",Customer reaching out to @AmazonHelp regarding delivery delay and tracking.,"We apologize for the delay! Carrier transit times can vary. You can view the most up-to-date tracking information here: https://amzn.to/track. If it doesn't arrive by tomorrow evening, please DM us with your order ID: https://amzn.to/dm ^RG",delivery_delay_and_tracking,AUTO_HANDLE,Standard transit buffer; directed customer to official live tracking.
conv_amzn_00897,AmazonHelp,conv_amzn_00897,@AmazonHelp I need an official tax invoice with VAT ID for my company purchase order #113-8009978-6221155.,Customer reaching out to @AmazonHelp regarding general product or policy inquiry.,You can download official tax invoices directly from Your Orders by clicking 'Invoice' on the order details page: https://amzn.to/your-orders ^JW,general_product_or_policy_inquiry,AUTO_HANDLE,Self-service business invoice download guidance.
conv_amzn_00898,AmazonHelp,conv_amzn_00898,"@AmazonHelp It has been 18 days since your return center acknowledged receipt of my #112-5754495-3313082, but my refund of $355.99 is still not issued. Where is my money?",Customer reaching out to @AmazonHelp regarding return and refund status.,We apologize for the delay. Eighteen days exceeds our normal processing timeline. Please send us a DM with your order number so a billing specialist can review the return status and manually release your refund: https://amzn.to/dm ^AB,return_and_refund_status,ESCALATE_TO_HUMAN,Refund overdue beyond standard SLA (>14 days); requires manual finance clearance.
conv_amzn_00899,AmazonHelp,conv_amzn_00899,"@AmazonHelp It has been 18 days since your return center acknowledged receipt of my #114-6459509-3976660, but my refund of $155.00 is still not issued. Where is my money?",Customer reaching out to @AmazonHelp regarding return and refund status.,We apologize for the delay. Eighteen days exceeds our normal processing timeline. Please send us a DM with your order number so a billing specialist can review the return status and manually release your refund: https://amzn.to/dm ^DL,return_and_refund_status,ESCALATE_TO_HUMAN,Refund overdue beyond standard SLA (>14 days); requires manual finance clearance.
conv_amzn_00900,AmazonHelp,conv_amzn_00900,"@AmazonHelp It has been 18 days since your return center acknowledged receipt of my #114-7081505-3905659, but my refund of $557.99 is still not issued. Where is my money?",Customer reaching out to @AmazonHelp regarding return and refund status.,We apologize for the delay. Eighteen days exceeds our normal processing timeline. Please send us a DM with your order number so a billing specialist can review the return status and manually release your refund: https://amzn.to/dm ^JW,return_and_refund_status,ESCALATE_TO_HUMAN,Refund overdue beyond standard SLA (>14 days); requires manual finance clearance.
conv_amzn_00901,AmazonHelp,conv_amzn_00901,@AmazonHelp Order #112-6048772-2038424 contains urgent medical supplies for my family that was guaranteed yesterday. Where is the courier right now?,Customer reaching out to @AmazonHelp regarding delivery delay and tracking.,"We sincerely apologize for this critical delay. Given the urgency of these supplies, please DM us immediately so a priority dispatcher can coordinate with the local logistics hub: https://amzn.to/dm ^DL",delivery_delay_and_tracking,ESCALATE_TO_HUMAN,Time-critical urgent medical delivery requiring priority dispatcher intervention.
conv_amzn_00902,AmazonHelp,conv_amzn_00902,@AmazonHelp It has been 36 hours since my package #113-9588579-9948677 was marked delivered. I checked with neighbors and my building management. It is not here.,Customer reaching out to @AmazonHelp regarding missing or stolen package.,"Thank you for thoroughly checking around your property. Since 36 hours have passed, please DM us your order ID so our team can file a missing package claim and issue a replacement or refund: https://amzn.to/dm ^TB",missing_or_stolen_package,ESCALATE_TO_HUMAN,Waiting window expired and parcel missing; requires human claims specialist.
conv_amzn_00903,AmazonHelp,conv_amzn_00903,@AmazonHelp Order #114-4783370-8760629 contains urgent medical supplies for my family that was guaranteed yesterday. Where is the courier right now?,Customer reaching out to @AmazonHelp regarding delivery delay and tracking.,"We sincerely apologize for this critical delay. Given the urgency of these supplies, please DM us immediately so a priority dispatcher can coordinate with the local logistics hub: https://amzn.to/dm ^MK",delivery_delay_and_tracking,ESCALATE_TO_HUMAN,Time-critical urgent medical delivery requiring priority dispatcher intervention.
conv_amzn_00904,AmazonHelp,conv_amzn_00904,@AmazonHelp Delivery photo shows a completely different apartment number (246) and a red doormat. I live in unit 329 and don't have a red mat!,Customer reaching out to @AmazonHelp regarding missing or stolen package.,"We apologize for the misdelivery! Please send us a direct message with your order number so we can review the courier photo, verify your unit, and process an immediate replacement: https://amzn.to/dm ^TB",missing_or_stolen_package,ESCALATE_TO_HUMAN,Photographic proof of misdelivery to wrong unit; requires replacement authorization.
conv_amzn_00905,AmazonHelp,conv_amzn_00905,"@AmazonHelp It has been 18 days since your return center acknowledged receipt of my #114-4864080-9758141, but my refund of $33.00 is still not issued. Where is my money?",Customer reaching out to @AmazonHelp regarding return and refund status.,We apologize for the delay. Eighteen days exceeds our normal processing timeline. Please send us a DM with your order number so a billing specialist can review the return status and manually release your refund: https://amzn.to/dm ^TB,return_and_refund_status,ESCALATE_TO_HUMAN,Refund overdue beyond standard SLA (>14 days); requires manual finance clearance.
conv_amzn_00906,AmazonHelp,conv_amzn_00906,"@AmazonHelp My LEGO Star Wars Set was promised for delivery by 2 PM today, but tracking shows it hasn't even left the facility. Order #113-1278614-5411727.",Customer reaching out to @AmazonHelp regarding delivery delay and tracking.,"We apologize for the delay! Carrier transit times can vary. You can view the most up-to-date tracking information here: https://amzn.to/track. If it doesn't arrive by tomorrow evening, please DM us with your order ID: https://amzn.to/dm ^SJ",delivery_delay_and_tracking,AUTO_HANDLE,Standard transit buffer; directed customer to official live tracking.
conv_amzn_00907,AmazonHelp,conv_amzn_00907,@AmazonHelp Order #114-5457505-2637081 contains urgent medical supplies for my family that was guaranteed yesterday. Where is the courier right now?,Customer reaching out to @AmazonHelp regarding delivery delay and tracking.,"We sincerely apologize for this critical delay. Given the urgency of these supplies, please DM us immediately so a priority dispatcher can coordinate with the local logistics hub: https://amzn.to/dm ^RG",delivery_delay_and_tracking,ESCALATE_TO_HUMAN,Time-critical urgent medical delivery requiring priority dispatcher intervention.
conv_amzn_00908,AmazonHelp,conv_amzn_00908,@AmazonHelp It has been 36 hours since my package #114-1536949-4744698 was marked delivered. I checked with neighbors and my building management. It is not here.,Customer reaching out to @AmazonHelp regarding missing or stolen package.,"Thank you for thoroughly checking around your property. Since 36 hours have passed, please DM us your order ID so our team can file a missing package claim and issue a replacement or refund: https://amzn.to/dm ^DL",missing_or_stolen_package,ESCALATE_TO_HUMAN,Waiting window expired and parcel missing; requires human claims specialist.
conv_amzn_00909,AmazonHelp,conv_amzn_00909,@AmazonHelp I need an official tax invoice with VAT ID for my company purchase order #113-7094770-5448635.,Customer reaching out to @AmazonHelp regarding general product or policy inquiry.,You can download official tax invoices directly from Your Orders by clicking 'Invoice' on the order details page: https://amzn.to/your-orders ^AB,general_product_or_policy_inquiry,AUTO_HANDLE,Self-service business invoice download guidance.
conv_amzn_00910,AmazonHelp,conv_amzn_00910,"@AmazonHelp Tracking says 'In Transit' since Tuesday, but there have been no new updates for 4 days. Is my order #114-3429826-1253930 lost?",Customer reaching out to @AmazonHelp regarding delivery delay and tracking.,We understand your concern regarding the lack of tracking movement. Please send us a direct message with your order number and email address so we can initiate an investigation with the carrier: https://amzn.to/dm ^RG,delivery_delay_and_tracking,ESCALATE_TO_HUMAN,Carrier stall exceeding 48h SLA; requires human carrier tracing.
conv_amzn_00911,AmazonHelp,conv_amzn_00911,@AmazonHelp I ordered a Anker Portable Charger ($598.99) and you sent me a box of cat litter! Order #111-3830273-8631665. This is a totally different item!,Customer reaching out to @AmazonHelp regarding damaged or incorrect item.,We sincerely apologize for this warehouse mix-up! Please DM us your order number so our fulfillment escalation team can investigate the inventory error and dispatch the correct item immediately: https://amzn.to/dm ^RG,damaged_or_incorrect_item,ESCALATE_TO_HUMAN,Severe inventory mispick requiring warehouse audit and expedited replacement.
conv_amzn_00912,AmazonHelp,conv_amzn_00912,@AmazonHelp It has been 36 hours since my package #114-2074953-9979940 was marked delivered. I checked with neighbors and my building management. It is not here.,Customer reaching out to @AmazonHelp regarding missing or stolen package.,"Thank you for thoroughly checking around your property. Since 36 hours have passed, please DM us your order ID so our team can file a missing package claim and issue a replacement or refund: https://amzn.to/dm ^TB",missing_or_stolen_package,ESCALATE_TO_HUMAN,Waiting window expired and parcel missing; requires human claims specialist.
conv_amzn_00913,AmazonHelp,conv_amzn_00913,"@AmazonHelp I was just charged $369.00 for Amazon Prime annual renewal today, but I forgot to cancel. Can I get a refund if I haven't used it?",Customer reaching out to @AmazonHelp regarding prime membership and billing.,"Yes! If you haven't used any Prime benefits since the renewal charge, you will automatically receive a full refund when you cancel at: https://amzn.to/manage-prime ^JW",prime_membership_and_billing,AUTO_HANDLE,Prorated/unused Prime auto-refund policy self-service guidance.
conv_amzn_00914,AmazonHelp,conv_amzn_00914,"@AmazonHelp Driver marked package attempted because they couldn't access the building gate, but no one buzzed my apartment 199!",Customer reaching out to @AmazonHelp regarding delivery delay and tracking.,"We're sorry for the inconvenience! Drivers will automatically re-attempt delivery on the next business day. You can add permanent gate codes in Your Account > Addresses: https://amzn.to/delivery-instructions. If urgent, DM us: https://amzn.to/dm ^TB",delivery_delay_and_tracking,AUTO_HANDLE,Gate access issue; self-service delivery instruction update provided.
conv_amzn_00915,AmazonHelp,conv_amzn_00915,"@AmazonHelp Tracking says 'Carrier picked up package' since Monday, but there have been no new updates for 4 days. Is my order #111-4170755-6647502 lost?",Customer reaching out to @AmazonHelp regarding delivery delay and tracking.,We understand your concern regarding the lack of tracking movement. Please send us a direct message with your order number and email address so we can initiate an investigation with the carrier: https://amzn.to/dm ^MK,delivery_delay_and_tracking,ESCALATE_TO_HUMAN,Carrier stall exceeding 48h SLA; requires human carrier tracing.
conv_amzn_00916,AmazonHelp,conv_amzn_00916,@AmazonHelp I ordered a Ninja Air Fryer ($636.50) and you sent me a box of cat litter! Order #111-8879029-2092418. This is a totally different item!,Customer reaching out to @AmazonHelp regarding damaged or incorrect item.,We sincerely apologize for this warehouse mix-up! Please DM us your order number so our fulfillment escalation team can investigate the inventory error and dispatch the correct item immediately: https://amzn.to/dm ^SJ,damaged_or_incorrect_item,ESCALATE_TO_HUMAN,Severe inventory mispick requiring warehouse audit and expedited replacement.
conv_amzn_00917,AmazonHelp,conv_amzn_00917,@AmazonHelp Delivery photo shows a completely different apartment number (750) and a red doormat. I live in unit 341 and don't have a red mat!,Customer reaching out to @AmazonHelp regarding missing or stolen package.,"We apologize for the misdelivery! Please send us a direct message with your order number so we can review the courier photo, verify your unit, and process an immediate replacement: https://amzn.to/dm ^RG",missing_or_stolen_package,ESCALATE_TO_HUMAN,Photographic proof of misdelivery to wrong unit; requires replacement authorization.
conv_amzn_00918,AmazonHelp,conv_amzn_00918,"@AmazonHelp Tracking says 'Carrier picked up package' since Thursday, but there have been no new updates for 4 days. Is my order #113-6730745-4740161 lost?",Customer reaching out to @AmazonHelp regarding delivery delay and tracking.,We understand your concern regarding the lack of tracking movement. Please send us a direct message with your order number and email address so we can initiate an investigation with the carrier: https://amzn.to/dm ^JW,delivery_delay_and_tracking,ESCALATE_TO_HUMAN,Carrier stall exceeding 48h SLA; requires human carrier tracing.
conv_amzn_00919,AmazonHelp,conv_amzn_00919,"@AmazonHelp Driver marked package attempted because they couldn't access the building gate, but no one buzzed my apartment 211!",Customer reaching out to @AmazonHelp regarding delivery delay and tracking.,"We're sorry for the inconvenience! Drivers will automatically re-attempt delivery on the next business day. You can add permanent gate codes in Your Account > Addresses: https://amzn.to/delivery-instructions. If urgent, DM us: https://amzn.to/dm ^AB",delivery_delay_and_tracking,AUTO_HANDLE,Gate access issue; self-service delivery instruction update provided.
conv_amzn_00920,AmazonHelp,conv_amzn_00920,@AmazonHelp I need an official tax invoice with VAT ID for my company purchase order #111-9323855-2674573.,Customer reaching out to @AmazonHelp regarding general product or policy inquiry.,You can download official tax invoices directly from Your Orders by clicking 'Invoice' on the order details page: https://amzn.to/your-orders ^SJ,general_product_or_policy_inquiry,AUTO_HANDLE,Self-service business invoice download guidance.
conv_amzn_00921,AmazonHelp,conv_amzn_00921,@AmazonHelp Order #114-2391695-1189515 contains urgent medical supplies for my family that was guaranteed yesterday. Where is the courier right now?,Customer reaching out to @AmazonHelp regarding delivery delay and tracking.,"We sincerely apologize for this critical delay. Given the urgency of these supplies, please DM us immediately so a priority dispatcher can coordinate with the local logistics hub: https://amzn.to/dm ^RG",delivery_delay_and_tracking,ESCALATE_TO_HUMAN,Time-critical urgent medical delivery requiring priority dispatcher intervention.
conv_amzn_00922,AmazonHelp,conv_amzn_00922,@AmazonHelp I ordered a Samsung 55-inch OLED TV ($438.50) and you sent me a box of pack of socks! Order #114-7824842-5613062. This is a totally different item!,Customer reaching out to @AmazonHelp regarding damaged or incorrect item.,We sincerely apologize for this warehouse mix-up! Please DM us your order number so our fulfillment escalation team can investigate the inventory error and dispatch the correct item immediately: https://amzn.to/dm ^KL,damaged_or_incorrect_item,ESCALATE_TO_HUMAN,Severe inventory mispick requiring warehouse audit and expedited replacement.
conv_amzn_00923,AmazonHelp,conv_amzn_00923,"@AmazonHelp My Apple AirPods Pro was promised for delivery by 9 PM today, but tracking shows it hasn't even left the facility. Order #114-6090033-5498279.",Customer reaching out to @AmazonHelp regarding delivery delay and tracking.,"We apologize for the delay! Carrier transit times can vary. You can view the most up-to-date tracking information here: https://amzn.to/track. If it doesn't arrive by tomorrow evening, please DM us with your order ID: https://amzn.to/dm ^MK",delivery_delay_and_tracking,AUTO_HANDLE,Standard transit buffer; directed customer to official live tracking.
conv_amzn_00924,AmazonHelp,conv_amzn_00924,"@AmazonHelp Driver marked package attempted because they couldn't access the building gate, but no one buzzed my apartment 449!",Customer reaching out to @AmazonHelp regarding delivery delay and tracking.,"We're sorry for the inconvenience! Drivers will automatically re-attempt delivery on the next business day. You can add permanent gate codes in Your Account > Addresses: https://amzn.to/delivery-instructions. If urgent, DM us: https://amzn.to/dm ^JW",delivery_delay_and_tracking,AUTO_HANDLE,Gate access issue; self-service delivery instruction update provided.
conv_amzn_00925,AmazonHelp,conv_amzn_00925,"@AmazonHelp Tracking says 'In Transit' since Thursday, but there have been no new updates for 4 days. Is my order #113-8838684-4551739 lost?",Customer reaching out to @AmazonHelp regarding delivery delay and tracking.,We understand your concern regarding the lack of tracking movement. Please send us a direct message with your order number and email address so we can initiate an investigation with the carrier: https://amzn.to/dm ^TB,delivery_delay_and_tracking,ESCALATE_TO_HUMAN,Carrier stall exceeding 48h SLA; requires human carrier tracing.
conv_amzn_00926,AmazonHelp,conv_amzn_00926,"@AmazonHelp I was just charged $523.00 for Amazon Prime annual renewal today, but I forgot to cancel. Can I get a refund if I haven't used it?",Customer reaching out to @AmazonHelp regarding prime membership and billing.,"Yes! If you haven't used any Prime benefits since the renewal charge, you will automatically receive a full refund when you cancel at: https://amzn.to/manage-prime ^RG",prime_membership_and_billing,AUTO_HANDLE,Prorated/unused Prime auto-refund policy self-service guidance.
conv_amzn_00927,AmazonHelp,conv_amzn_00927,"@AmazonHelp The Amazon app sent a notification saying my Dyson V8 Vacuum was delivered to my front porch 15 minutes ago, but the porch is empty!",Customer reaching out to @AmazonHelp regarding missing or stolen package.,"Carriers sometimes scan packages just prior to walking up to the door. Please allow until the end of the day, and check with household members or side porches: https://amzn.to/find-missing. If still not found tomorrow, reach back out! ^JW",missing_or_stolen_package,AUTO_HANDLE,Scan occurred within past hour; standard buffer and safe spot search recommended.
conv_amzn_00928,AmazonHelp,conv_amzn_00928,"@AmazonHelp The Amazon app sent a notification saying my Instant Pot Duo was delivered to my front porch 25 minutes ago, but the porch is empty!",Customer reaching out to @AmazonHelp regarding missing or stolen package.,"Carriers sometimes scan packages just prior to walking up to the door. Please allow until the end of the day, and check with household members or side porches: https://amzn.to/find-missing. If still not found tomorrow, reach back out! ^MK",missing_or_stolen_package,AUTO_HANDLE,Scan occurred within past hour; standard buffer and safe spot search recommended.
conv_amzn_00929,AmazonHelp,conv_amzn_00929,"@AmazonHelp I was just charged $83.00 for Amazon Prime annual renewal today, but I forgot to cancel. Can I get a refund if I haven't used it?",Customer reaching out to @AmazonHelp regarding prime membership and billing.,"Yes! If you haven't used any Prime benefits since the renewal charge, you will automatically receive a full refund when you cancel at: https://amzn.to/manage-prime ^DL",prime_membership_and_billing,AUTO_HANDLE,Prorated/unused Prime auto-refund policy self-service guidance.
conv_amzn_00930,AmazonHelp,conv_amzn_00930,@AmazonHelp I need an official tax invoice with VAT ID for my company purchase order #113-9363356-1788949.,Customer reaching out to @AmazonHelp regarding general product or policy inquiry.,You can download official tax invoices directly from Your Orders by clicking 'Invoice' on the order details page: https://amzn.to/your-orders ^JW,general_product_or_policy_inquiry,AUTO_HANDLE,Self-service business invoice download guidance.
conv_amzn_00931,AmazonHelp,conv_amzn_00931,"@AmazonHelp Driver marked package attempted because they couldn't access the building gate, but no one buzzed my apartment 822!",Customer reaching out to @AmazonHelp regarding delivery delay and tracking.,"We're sorry for the inconvenience! Drivers will automatically re-attempt delivery on the next business day. You can add permanent gate codes in Your Account > Addresses: https://amzn.to/delivery-instructions. If urgent, DM us: https://amzn.to/dm ^JW",delivery_delay_and_tracking,AUTO_HANDLE,Gate access issue; self-service delivery instruction update provided.
conv_amzn_00932,AmazonHelp,conv_amzn_00932,@AmazonHelp It has been 36 hours since my package #113-9094575-7137240 was marked delivered. I checked with neighbors and my building management. It is not here.,Customer reaching out to @AmazonHelp regarding missing or stolen package.,"Thank you for thoroughly checking around your property. Since 36 hours have passed, please DM us your order ID so our team can file a missing package claim and issue a replacement or refund: https://amzn.to/dm ^JW",missing_or_stolen_package,ESCALATE_TO_HUMAN,Waiting window expired and parcel missing; requires human claims specialist.
conv_amzn_00933,AmazonHelp,conv_amzn_00933,@AmazonHelp I ordered a LEGO Star Wars Set ($144.00) and you sent me a box of plastic hangers! Order #111-1583768-5119435. This is a totally different item!,Customer reaching out to @AmazonHelp regarding damaged or incorrect item.,We sincerely apologize for this warehouse mix-up! Please DM us your order number so our fulfillment escalation team can investigate the inventory error and dispatch the correct item immediately: https://amzn.to/dm ^JW,damaged_or_incorrect_item,ESCALATE_TO_HUMAN,Severe inventory mispick requiring warehouse audit and expedited replacement.
conv_amzn_00934,AmazonHelp,conv_amzn_00934,@AmazonHelp It has been 36 hours since my package #114-9784989-2576732 was marked delivered. I checked with neighbors and my building management. It is not here.,Customer reaching out to @AmazonHelp regarding missing or stolen package.,"Thank you for thoroughly checking around your property. Since 36 hours have passed, please DM us your order ID so our team can file a missing package claim and issue a replacement or refund: https://amzn.to/dm ^KL",missing_or_stolen_package,ESCALATE_TO_HUMAN,Waiting window expired and parcel missing; requires human claims specialist.
conv_amzn_00935,AmazonHelp,conv_amzn_00935,@AmazonHelp I ordered a Sony Wireless Headphones ($235.50) and you sent me a box of coffee mugs! Order #114-7162052-8890257. This is a totally different item!,Customer reaching out to @AmazonHelp regarding damaged or incorrect item.,We sincerely apologize for this warehouse mix-up! Please DM us your order number so our fulfillment escalation team can investigate the inventory error and dispatch the correct item immediately: https://amzn.to/dm ^TB,damaged_or_incorrect_item,ESCALATE_TO_HUMAN,Severe inventory mispick requiring warehouse audit and expedited replacement.
conv_amzn_00936,AmazonHelp,conv_amzn_00936,@AmazonHelp Delivery photo shows a completely different apartment number (596) and a red doormat. I live in unit 684 and don't have a red mat!,Customer reaching out to @AmazonHelp regarding missing or stolen package.,"We apologize for the misdelivery! Please send us a direct message with your order number so we can review the courier photo, verify your unit, and process an immediate replacement: https://amzn.to/dm ^JW",missing_or_stolen_package,ESCALATE_TO_HUMAN,Photographic proof of misdelivery to wrong unit; requires replacement authorization.
conv_amzn_00937,AmazonHelp,conv_amzn_00937,@AmazonHelp It has been 36 hours since my package #111-6928965-6201175 was marked delivered. I checked with neighbors and my building management. It is not here.,Customer reaching out to @AmazonHelp regarding missing or stolen package.,"Thank you for thoroughly checking around your property. Since 36 hours have passed, please DM us your order ID so our team can file a missing package claim and issue a replacement or refund: https://amzn.to/dm ^SJ",missing_or_stolen_package,ESCALATE_TO_HUMAN,Waiting window expired and parcel missing; requires human claims specialist.
conv_amzn_00938,AmazonHelp,conv_amzn_00938,@AmazonHelp Order #112-2492597-8034628 contains urgent medical supplies for my family that was guaranteed yesterday. Where is the courier right now?,Customer reaching out to @AmazonHelp regarding delivery delay and tracking.,"We sincerely apologize for this critical delay. Given the urgency of these supplies, please DM us immediately so a priority dispatcher can coordinate with the local logistics hub: https://amzn.to/dm ^KL",delivery_delay_and_tracking,ESCALATE_TO_HUMAN,Time-critical urgent medical delivery requiring priority dispatcher intervention.
conv_amzn_00939,AmazonHelp,conv_amzn_00939,"@AmazonHelp Driver marked package attempted because they couldn't access the building gate, but no one buzzed my apartment 685!",Customer reaching out to @AmazonHelp regarding delivery delay and tracking.,"We're sorry for the inconvenience! Drivers will automatically re-attempt delivery on the next business day. You can add permanent gate codes in Your Account > Addresses: https://amzn.to/delivery-instructions. If urgent, DM us: https://amzn.to/dm ^KL",delivery_delay_and_tracking,AUTO_HANDLE,Gate access issue; self-service delivery instruction update provided.
conv_amzn_00940,AmazonHelp,conv_amzn_00940,@AmazonHelp I dropped off my return of Kindle Paperwhite at Amazon Locker on Tuesday. When should I expect the refund to appear on my credit card?,Customer reaching out to @AmazonHelp regarding return and refund status.,"Once the return is received, refunds typically take 3 to 5 business days to process back to your original payment method. You can track refund progress under Your Orders: https://amzn.to/refund-status ^SJ",return_and_refund_status,AUTO_HANDLE,Standard banking processing timeline explanation.
conv_amzn_00941,AmazonHelp,conv_amzn_00941,@AmazonHelp I ordered a Dyson V8 Vacuum ($104.99) and you sent me a box of plastic hangers! Order #114-2735866-9852275. This is a totally different item!,Customer reaching out to @AmazonHelp regarding damaged or incorrect item.,We sincerely apologize for this warehouse mix-up! Please DM us your order number so our fulfillment escalation team can investigate the inventory error and dispatch the correct item immediately: https://amzn.to/dm ^RG,damaged_or_incorrect_item,ESCALATE_TO_HUMAN,Severe inventory mispick requiring warehouse audit and expedited replacement.
conv_amzn_00942,AmazonHelp,conv_amzn_00942,@AmazonHelp I dropped off my return of Kindle Paperwhite at Kohl's Drop-off on Wednesday. When should I expect the refund to appear on my credit card?,Customer reaching out to @AmazonHelp regarding return and refund status.,"Once the return is received, refunds typically take 3 to 5 business days to process back to your original payment method. You can track refund progress under Your Orders: https://amzn.to/refund-status ^JW",return_and_refund_status,AUTO_HANDLE,Standard banking processing timeline explanation.
conv_amzn_00943,AmazonHelp,conv_amzn_00943,@AmazonHelp Order #113-8978048-5922603 contains urgent medical supplies for my family that was guaranteed yesterday. Where is the courier right now?,Customer reaching out to @AmazonHelp regarding delivery delay and tracking.,"We sincerely apologize for this critical delay. Given the urgency of these supplies, please DM us immediately so a priority dispatcher can coordinate with the local logistics hub: https://amzn.to/dm ^RG",delivery_delay_and_tracking,ESCALATE_TO_HUMAN,Time-critical urgent medical delivery requiring priority dispatcher intervention.
conv_amzn_00944,AmazonHelp,conv_amzn_00944,"@AmazonHelp My Ceramic Dinnerware Set was promised for delivery by 8 PM today, but tracking shows it hasn't even left the facility. Order #113-4697483-5945218.",Customer reaching out to @AmazonHelp regarding delivery delay and tracking.,"We apologize for the delay! Carrier transit times can vary. You can view the most up-to-date tracking information here: https://amzn.to/track. If it doesn't arrive by tomorrow evening, please DM us with your order ID: https://amzn.to/dm ^DL",delivery_delay_and_tracking,AUTO_HANDLE,Standard transit buffer; directed customer to official live tracking.
conv_amzn_00945,AmazonHelp,conv_amzn_00945,@AmazonHelp Delivery photo shows a completely different apartment number (624) and a red doormat. I live in unit 831 and don't have a red mat!,Customer reaching out to @AmazonHelp regarding missing or stolen package.,"We apologize for the misdelivery! Please send us a direct message with your order number so we can review the courier photo, verify your unit, and process an immediate replacement: https://amzn.to/dm ^RG",missing_or_stolen_package,ESCALATE_TO_HUMAN,Photographic proof of misdelivery to wrong unit; requires replacement authorization.
conv_amzn_00946,AmazonHelp,conv_amzn_00946,"@AmazonHelp It has been 18 days since your return center acknowledged receipt of my #112-6439760-2545922, but my refund of $419.00 is still not issued. Where is my money?",Customer reaching out to @AmazonHelp regarding return and refund status.,We apologize for the delay. Eighteen days exceeds our normal processing timeline. Please send us a DM with your order number so a billing specialist can review the return status and manually release your refund: https://amzn.to/dm ^MK,return_and_refund_status,ESCALATE_TO_HUMAN,Refund overdue beyond standard SLA (>14 days); requires manual finance clearance.
conv_amzn_00947,AmazonHelp,conv_amzn_00947,"@AmazonHelp It has been 18 days since your return center acknowledged receipt of my #113-9359381-3893733, but my refund of $117.00 is still not issued. Where is my money?",Customer reaching out to @AmazonHelp regarding return and refund status.,We apologize for the delay. Eighteen days exceeds our normal processing timeline. Please send us a DM with your order number so a billing specialist can review the return status and manually release your refund: https://amzn.to/dm ^TB,return_and_refund_status,ESCALATE_TO_HUMAN,Refund overdue beyond standard SLA (>14 days); requires manual finance clearance.
conv_amzn_00948,AmazonHelp,conv_amzn_00948,@AmazonHelp I ordered a Dyson V8 Vacuum ($104.00) and you sent me a box of pack of socks! Order #113-4681859-7256099. This is a totally different item!,Customer reaching out to @AmazonHelp regarding damaged or incorrect item.,We sincerely apologize for this warehouse mix-up! Please DM us your order number so our fulfillment escalation team can investigate the inventory error and dispatch the correct item immediately: https://amzn.to/dm ^AB,damaged_or_incorrect_item,ESCALATE_TO_HUMAN,Severe inventory mispick requiring warehouse audit and expedited replacement.
conv_amzn_00949,AmazonHelp,conv_amzn_00949,"@AmazonHelp Driver marked package attempted because they couldn't access the building gate, but no one buzzed my apartment 102!",Customer reaching out to @AmazonHelp regarding delivery delay and tracking.,"We're sorry for the inconvenience! Drivers will automatically re-attempt delivery on the next business day. You can add permanent gate codes in Your Account > Addresses: https://amzn.to/delivery-instructions. If urgent, DM us: https://amzn.to/dm ^KL",delivery_delay_and_tracking,AUTO_HANDLE,Gate access issue; self-service delivery instruction update provided.
conv_amzn_00950,AmazonHelp,conv_amzn_00950,"@AmazonHelp I was just charged $547.50 for Amazon Prime annual renewal today, but I forgot to cancel. Can I get a refund if I haven't used it?",Customer reaching out to @AmazonHelp regarding prime membership and billing.,"Yes! If you haven't used any Prime benefits since the renewal charge, you will automatically receive a full refund when you cancel at: https://amzn.to/manage-prime ^DL",prime_membership_and_billing,AUTO_HANDLE,Prorated/unused Prime auto-refund policy self-service guidance.
conv_amzn_00951,AmazonHelp,conv_amzn_00951,"@AmazonHelp Tracking says 'Departed facility' since Tuesday, but there have been no new updates for 4 days. Is my order #112-3040061-7177830 lost?",Customer reaching out to @AmazonHelp regarding delivery delay and tracking.,We understand your concern regarding the lack of tracking movement. Please send us a direct message with your order number and email address so we can initiate an investigation with the carrier: https://amzn.to/dm ^AB,delivery_delay_and_tracking,ESCALATE_TO_HUMAN,Carrier stall exceeding 48h SLA; requires human carrier tracing.
conv_amzn_00952,AmazonHelp,conv_amzn_00952,@AmazonHelp It has been 36 hours since my package #113-3367240-2372790 was marked delivered. I checked with neighbors and my building management. It is not here.,Customer reaching out to @AmazonHelp regarding missing or stolen package.,"Thank you for thoroughly checking around your property. Since 36 hours have passed, please DM us your order ID so our team can file a missing package claim and issue a replacement or refund: https://amzn.to/dm ^TB",missing_or_stolen_package,ESCALATE_TO_HUMAN,Waiting window expired and parcel missing; requires human claims specialist.
conv_amzn_00953,AmazonHelp,conv_amzn_00953,@AmazonHelp Order #111-4966645-9750938 contains urgent medical supplies for my family that was guaranteed yesterday. Where is the courier right now?,Customer reaching out to @AmazonHelp regarding delivery delay and tracking.,"We sincerely apologize for this critical delay. Given the urgency of these supplies, please DM us immediately so a priority dispatcher can coordinate with the local logistics hub: https://amzn.to/dm ^MK",delivery_delay_and_tracking,ESCALATE_TO_HUMAN,Time-critical urgent medical delivery requiring priority dispatcher intervention.
conv_amzn_00954,AmazonHelp,conv_amzn_00954,"@AmazonHelp Tracking says 'Out for Delivery' since Saturday, but there have been no new updates for 4 days. Is my order #114-6871640-3109765 lost?",Customer reaching out to @AmazonHelp regarding delivery delay and tracking.,We understand your concern regarding the lack of tracking movement. Please send us a direct message with your order number and email address so we can initiate an investigation with the carrier: https://amzn.to/dm ^TB,delivery_delay_and_tracking,ESCALATE_TO_HUMAN,Carrier stall exceeding 48h SLA; requires human carrier tracing.
conv_amzn_00955,AmazonHelp,conv_amzn_00955,@AmazonHelp Delivery photo shows a completely different apartment number (610) and a red doormat. I live in unit 784 and don't have a red mat!,Customer reaching out to @AmazonHelp regarding missing or stolen package.,"We apologize for the misdelivery! Please send us a direct message with your order number so we can review the courier photo, verify your unit, and process an immediate replacement: https://amzn.to/dm ^TB",missing_or_stolen_package,ESCALATE_TO_HUMAN,Photographic proof of misdelivery to wrong unit; requires replacement authorization.
conv_amzn_00956,AmazonHelp,conv_amzn_00956,@AmazonHelp I ordered a Logitech Wireless Mouse ($640.00) and you sent me a box of dog food! Order #112-1124039-3396224. This is a totally different item!,Customer reaching out to @AmazonHelp regarding damaged or incorrect item.,We sincerely apologize for this warehouse mix-up! Please DM us your order number so our fulfillment escalation team can investigate the inventory error and dispatch the correct item immediately: https://amzn.to/dm ^TB,damaged_or_incorrect_item,ESCALATE_TO_HUMAN,Severe inventory mispick requiring warehouse audit and expedited replacement.
conv_amzn_00957,AmazonHelp,conv_amzn_00957,@AmazonHelp I dropped off my return of LEGO Star Wars Set at The UPS Store on Monday. When should I expect the refund to appear on my credit card?,Customer reaching out to @AmazonHelp regarding return and refund status.,"Once the return is received, refunds typically take 3 to 5 business days to process back to your original payment method. You can track refund progress under Your Orders: https://amzn.to/refund-status ^JW",return_and_refund_status,AUTO_HANDLE,Standard banking processing timeline explanation.
conv_amzn_00958,AmazonHelp,conv_amzn_00958,@AmazonHelp I need an official tax invoice with VAT ID for my company purchase order #114-4381438-9802104.,Customer reaching out to @AmazonHelp regarding general product or policy inquiry.,You can download official tax invoices directly from Your Orders by clicking 'Invoice' on the order details page: https://amzn.to/your-orders ^DL,general_product_or_policy_inquiry,AUTO_HANDLE,Self-service business invoice download guidance.
conv_amzn_00959,AmazonHelp,conv_amzn_00959,@AmazonHelp It has been 36 hours since my package #111-7148672-9064481 was marked delivered. I checked with neighbors and my building management. It is not here.,Customer reaching out to @AmazonHelp regarding missing or stolen package.,"Thank you for thoroughly checking around your property. Since 36 hours have passed, please DM us your order ID so our team can file a missing package claim and issue a replacement or refund: https://amzn.to/dm ^TB",missing_or_stolen_package,ESCALATE_TO_HUMAN,Waiting window expired and parcel missing; requires human claims specialist.
conv_amzn_00960,AmazonHelp,conv_amzn_00960,@AmazonHelp It has been 36 hours since my package #112-5937040-9225771 was marked delivered. I checked with neighbors and my building management. It is not here.,Customer reaching out to @AmazonHelp regarding missing or stolen package.,"Thank you for thoroughly checking around your property. Since 36 hours have passed, please DM us your order ID so our team can file a missing package claim and issue a replacement or refund: https://amzn.to/dm ^DL",missing_or_stolen_package,ESCALATE_TO_HUMAN,Waiting window expired and parcel missing; requires human claims specialist.
conv_amzn_00961,AmazonHelp,conv_amzn_00961,"@AmazonHelp I was just charged $619.50 for Amazon Prime annual renewal today, but I forgot to cancel. Can I get a refund if I haven't used it?",Customer reaching out to @AmazonHelp regarding prime membership and billing.,"Yes! If you haven't used any Prime benefits since the renewal charge, you will automatically receive a full refund when you cancel at: https://amzn.to/manage-prime ^SJ",prime_membership_and_billing,AUTO_HANDLE,Prorated/unused Prime auto-refund policy self-service guidance.
conv_amzn_00962,AmazonHelp,conv_amzn_00962,"@AmazonHelp Driver marked package attempted because they couldn't access the building gate, but no one buzzed my apartment 432!",Customer reaching out to @AmazonHelp regarding delivery delay and tracking.,"We're sorry for the inconvenience! Drivers will automatically re-attempt delivery on the next business day. You can add permanent gate codes in Your Account > Addresses: https://amzn.to/delivery-instructions. If urgent, DM us: https://amzn.to/dm ^AB",delivery_delay_and_tracking,AUTO_HANDLE,Gate access issue; self-service delivery instruction update provided.
conv_amzn_00963,AmazonHelp,conv_amzn_00963,@AmazonHelp Delivery photo shows a completely different apartment number (612) and a red doormat. I live in unit 621 and don't have a red mat!,Customer reaching out to @AmazonHelp regarding missing or stolen package.,"We apologize for the misdelivery! Please send us a direct message with your order number so we can review the courier photo, verify your unit, and process an immediate replacement: https://amzn.to/dm ^SJ",missing_or_stolen_package,ESCALATE_TO_HUMAN,Photographic proof of misdelivery to wrong unit; requires replacement authorization.
conv_amzn_00964,AmazonHelp,conv_amzn_00964,"@AmazonHelp My Keurig Coffee Maker was promised for delivery by 2 PM today, but tracking shows it hasn't even left the facility. Order #112-8368829-1383522.",Customer reaching out to @AmazonHelp regarding delivery delay and tracking.,"We apologize for the delay! Carrier transit times can vary. You can view the most up-to-date tracking information here: https://amzn.to/track. If it doesn't arrive by tomorrow evening, please DM us with your order ID: https://amzn.to/dm ^KL",delivery_delay_and_tracking,AUTO_HANDLE,Standard transit buffer; directed customer to official live tracking.
conv_amzn_00965,AmazonHelp,conv_amzn_00965,@AmazonHelp Delivery photo shows a completely different apartment number (498) and a red doormat. I live in unit 455 and don't have a red mat!,Customer reaching out to @AmazonHelp regarding missing or stolen package.,"We apologize for the misdelivery! Please send us a direct message with your order number so we can review the courier photo, verify your unit, and process an immediate replacement: https://amzn.to/dm ^AB",missing_or_stolen_package,ESCALATE_TO_HUMAN,Photographic proof of misdelivery to wrong unit; requires replacement authorization.
conv_amzn_00966,AmazonHelp,conv_amzn_00966,"@AmazonHelp It has been 18 days since your return center acknowledged receipt of my #114-8613718-7693762, but my refund of $344.50 is still not issued. Where is my money?",Customer reaching out to @AmazonHelp regarding return and refund status.,We apologize for the delay. Eighteen days exceeds our normal processing timeline. Please send us a DM with your order number so a billing specialist can review the return status and manually release your refund: https://amzn.to/dm ^KL,return_and_refund_status,ESCALATE_TO_HUMAN,Refund overdue beyond standard SLA (>14 days); requires manual finance clearance.
conv_amzn_00967,AmazonHelp,conv_amzn_00967,@AmazonHelp I dropped off my return of Levi's Denim Jacket at Kohl's Drop-off on Monday. When should I expect the refund to appear on my credit card?,Customer reaching out to @AmazonHelp regarding return and refund status.,"Once the return is received, refunds typically take 3 to 5 business days to process back to your original payment method. You can track refund progress under Your Orders: https://amzn.to/refund-status ^SJ",return_and_refund_status,AUTO_HANDLE,Standard banking processing timeline explanation.
conv_amzn_00968,AmazonHelp,conv_amzn_00968,"@AmazonHelp My Levi's Denim Jacket was promised for delivery by 5 PM today, but tracking shows it hasn't even left the facility. Order #111-2138436-3253141.",Customer reaching out to @AmazonHelp regarding delivery delay and tracking.,"We apologize for the delay! Carrier transit times can vary. You can view the most up-to-date tracking information here: https://amzn.to/track. If it doesn't arrive by tomorrow evening, please DM us with your order ID: https://amzn.to/dm ^AB",delivery_delay_and_tracking,AUTO_HANDLE,Standard transit buffer; directed customer to official live tracking.
conv_amzn_00969,AmazonHelp,conv_amzn_00969,@AmazonHelp I need an official tax invoice with VAT ID for my company purchase order #114-6903398-5581365.,Customer reaching out to @AmazonHelp regarding general product or policy inquiry.,You can download official tax invoices directly from Your Orders by clicking 'Invoice' on the order details page: https://amzn.to/your-orders ^TB,general_product_or_policy_inquiry,AUTO_HANDLE,Self-service business invoice download guidance.
conv_amzn_00970,AmazonHelp,conv_amzn_00970,"@AmazonHelp I was just charged $156.50 for Amazon Prime annual renewal today, but I forgot to cancel. Can I get a refund if I haven't used it?",Customer reaching out to @AmazonHelp regarding prime membership and billing.,"Yes! If you haven't used any Prime benefits since the renewal charge, you will automatically receive a full refund when you cancel at: https://amzn.to/manage-prime ^MK",prime_membership_and_billing,AUTO_HANDLE,Prorated/unused Prime auto-refund policy self-service guidance.
conv_amzn_00971,AmazonHelp,conv_amzn_00971,"@AmazonHelp It has been 18 days since your return center acknowledged receipt of my #113-6733299-1408951, but my refund of $334.99 is still not issued. Where is my money?",Customer reaching out to @AmazonHelp regarding return and refund status.,We apologize for the delay. Eighteen days exceeds our normal processing timeline. Please send us a DM with your order number so a billing specialist can review the return status and manually release your refund: https://amzn.to/dm ^RG,return_and_refund_status,ESCALATE_TO_HUMAN,Refund overdue beyond standard SLA (>14 days); requires manual finance clearance.
conv_amzn_00972,AmazonHelp,conv_amzn_00972,@AmazonHelp I ordered a Keurig Coffee Maker ($476.00) and you sent me a box of plastic hangers! Order #111-7060807-6560110. This is a totally different item!,Customer reaching out to @AmazonHelp regarding damaged or incorrect item.,We sincerely apologize for this warehouse mix-up! Please DM us your order number so our fulfillment escalation team can investigate the inventory error and dispatch the correct item immediately: https://amzn.to/dm ^RG,damaged_or_incorrect_item,ESCALATE_TO_HUMAN,Severe inventory mispick requiring warehouse audit and expedited replacement.
conv_amzn_00973,AmazonHelp,conv_amzn_00973,"@AmazonHelp I was just charged $292.00 for Amazon Prime annual renewal today, but I forgot to cancel. Can I get a refund if I haven't used it?",Customer reaching out to @AmazonHelp regarding prime membership and billing.,"Yes! If you haven't used any Prime benefits since the renewal charge, you will automatically receive a full refund when you cancel at: https://amzn.to/manage-prime ^RG",prime_membership_and_billing,AUTO_HANDLE,Prorated/unused Prime auto-refund policy self-service guidance.
conv_amzn_00974,AmazonHelp,conv_amzn_00974,@AmazonHelp Order #111-5749485-1830779 contains urgent medical supplies for my family that was guaranteed yesterday. Where is the courier right now?,Customer reaching out to @AmazonHelp regarding delivery delay and tracking.,"We sincerely apologize for this critical delay. Given the urgency of these supplies, please DM us immediately so a priority dispatcher can coordinate with the local logistics hub: https://amzn.to/dm ^KL",delivery_delay_and_tracking,ESCALATE_TO_HUMAN,Time-critical urgent medical delivery requiring priority dispatcher intervention.
conv_amzn_00975,AmazonHelp,conv_amzn_00975,"@AmazonHelp It has been 18 days since your return center acknowledged receipt of my #113-1512496-6368068, but my refund of $607.50 is still not issued. Where is my money?",Customer reaching out to @AmazonHelp regarding return and refund status.,We apologize for the delay. Eighteen days exceeds our normal processing timeline. Please send us a DM with your order number so a billing specialist can review the return status and manually release your refund: https://amzn.to/dm ^SJ,return_and_refund_status,ESCALATE_TO_HUMAN,Refund overdue beyond standard SLA (>14 days); requires manual finance clearance.
conv_amzn_00976,AmazonHelp,conv_amzn_00976,"@AmazonHelp Driver marked package attempted because they couldn't access the building gate, but no one buzzed my apartment 141!",Customer reaching out to @AmazonHelp regarding delivery delay and tracking.,"We're sorry for the inconvenience! Drivers will automatically re-attempt delivery on the next business day. You can add permanent gate codes in Your Account > Addresses: https://amzn.to/delivery-instructions. If urgent, DM us: https://amzn.to/dm ^MK",delivery_delay_and_tracking,AUTO_HANDLE,Gate access issue; self-service delivery instruction update provided.
conv_amzn_00977,AmazonHelp,conv_amzn_00977,"@AmazonHelp Tracking says 'In Transit' since Saturday, but there have been no new updates for 4 days. Is my order #113-8367663-9884965 lost?",Customer reaching out to @AmazonHelp regarding delivery delay and tracking.,We understand your concern regarding the lack of tracking movement. Please send us a direct message with your order number and email address so we can initiate an investigation with the carrier: https://amzn.to/dm ^DL,delivery_delay_and_tracking,ESCALATE_TO_HUMAN,Carrier stall exceeding 48h SLA; requires human carrier tracing.
conv_amzn_00978,AmazonHelp,conv_amzn_00978,@AmazonHelp It has been 36 hours since my package #112-6922615-2385200 was marked delivered. I checked with neighbors and my building management. It is not here.,Customer reaching out to @AmazonHelp regarding missing or stolen package.,"Thank you for thoroughly checking around your property. Since 36 hours have passed, please DM us your order ID so our team can file a missing package claim and issue a replacement or refund: https://amzn.to/dm ^MK",missing_or_stolen_package,ESCALATE_TO_HUMAN,Waiting window expired and parcel missing; requires human claims specialist.
conv_amzn_00979,AmazonHelp,conv_amzn_00979,"@AmazonHelp I was just charged $105.00 for Amazon Prime annual renewal today, but I forgot to cancel. Can I get a refund if I haven't used it?",Customer reaching out to @AmazonHelp regarding prime membership and billing.,"Yes! If you haven't used any Prime benefits since the renewal charge, you will automatically receive a full refund when you cancel at: https://amzn.to/manage-prime ^DL",prime_membership_and_billing,AUTO_HANDLE,Prorated/unused Prime auto-refund policy self-service guidance.
conv_amzn_00980,AmazonHelp,conv_amzn_00980,@AmazonHelp I ordered a Sony Wireless Headphones ($503.99) and you sent me a box of baby wipes! Order #113-2313275-3788242. This is a totally different item!,Customer reaching out to @AmazonHelp regarding damaged or incorrect item.,We sincerely apologize for this warehouse mix-up! Please DM us your order number so our fulfillment escalation team can investigate the inventory error and dispatch the correct item immediately: https://amzn.to/dm ^SJ,damaged_or_incorrect_item,ESCALATE_TO_HUMAN,Severe inventory mispick requiring warehouse audit and expedited replacement.
conv_amzn_00981,AmazonHelp,conv_amzn_00981,@AmazonHelp I need an official tax invoice with VAT ID for my company purchase order #111-4240074-7030506.,Customer reaching out to @AmazonHelp regarding general product or policy inquiry.,You can download official tax invoices directly from Your Orders by clicking 'Invoice' on the order details page: https://amzn.to/your-orders ^DL,general_product_or_policy_inquiry,AUTO_HANDLE,Self-service business invoice download guidance.
conv_amzn_00982,AmazonHelp,conv_amzn_00982,"@AmazonHelp Driver marked package attempted because they couldn't access the building gate, but no one buzzed my apartment 829!",Customer reaching out to @AmazonHelp regarding delivery delay and tracking.,"We're sorry for the inconvenience! Drivers will automatically re-attempt delivery on the next business day. You can add permanent gate codes in Your Account > Addresses: https://amzn.to/delivery-instructions. If urgent, DM us: https://amzn.to/dm ^KL",delivery_delay_and_tracking,AUTO_HANDLE,Gate access issue; self-service delivery instruction update provided.
conv_amzn_00983,AmazonHelp,conv_amzn_00983,@AmazonHelp I ordered a Keurig Coffee Maker ($512.99) and you sent me a box of coffee mugs! Order #113-7984217-3809587. This is a totally different item!,Customer reaching out to @AmazonHelp regarding damaged or incorrect item.,We sincerely apologize for this warehouse mix-up! Please DM us your order number so our fulfillment escalation team can investigate the inventory error and dispatch the correct item immediately: https://amzn.to/dm ^TB,damaged_or_incorrect_item,ESCALATE_TO_HUMAN,Severe inventory mispick requiring warehouse audit and expedited replacement.
conv_amzn_00984,AmazonHelp,conv_amzn_00984,@AmazonHelp I need an official tax invoice with VAT ID for my company purchase order #111-5593890-1887795.,Customer reaching out to @AmazonHelp regarding general product or policy inquiry.,You can download official tax invoices directly from Your Orders by clicking 'Invoice' on the order details page: https://amzn.to/your-orders ^SJ,general_product_or_policy_inquiry,AUTO_HANDLE,Self-service business invoice download guidance.
conv_amzn_00985,AmazonHelp,conv_amzn_00985,"@AmazonHelp My LEGO Star Wars Set was promised for delivery by 2 PM today, but tracking shows it hasn't even left the facility. Order #114-1957608-9011176.",Customer reaching out to @AmazonHelp regarding delivery delay and tracking.,"We apologize for the delay! Carrier transit times can vary. You can view the most up-to-date tracking information here: https://amzn.to/track. If it doesn't arrive by tomorrow evening, please DM us with your order ID: https://amzn.to/dm ^MK",delivery_delay_and_tracking,AUTO_HANDLE,Standard transit buffer; directed customer to official live tracking.
conv_amzn_00986,AmazonHelp,conv_amzn_00986,@AmazonHelp It has been 36 hours since my package #113-8505681-8190998 was marked delivered. I checked with neighbors and my building management. It is not here.,Customer reaching out to @AmazonHelp regarding missing or stolen package.,"Thank you for thoroughly checking around your property. Since 36 hours have passed, please DM us your order ID so our team can file a missing package claim and issue a replacement or refund: https://amzn.to/dm ^RG",missing_or_stolen_package,ESCALATE_TO_HUMAN,Waiting window expired and parcel missing; requires human claims specialist.
conv_amzn_00987,AmazonHelp,conv_amzn_00987,@AmazonHelp Order #111-8959185-8499459 contains urgent medical supplies for my family that was guaranteed yesterday. Where is the courier right now?,Customer reaching out to @AmazonHelp regarding delivery delay and tracking.,"We sincerely apologize for this critical delay. Given the urgency of these supplies, please DM us immediately so a priority dispatcher can coordinate with the local logistics hub: https://amzn.to/dm ^SJ",delivery_delay_and_tracking,ESCALATE_TO_HUMAN,Time-critical urgent medical delivery requiring priority dispatcher intervention.
conv_amzn_00988,AmazonHelp,conv_amzn_00988,@AmazonHelp I ordered a Ceramic Dinnerware Set ($139.99) and you sent me a box of cat litter! Order #112-8408607-4926163. This is a totally different item!,Customer reaching out to @AmazonHelp regarding damaged or incorrect item.,We sincerely apologize for this warehouse mix-up! Please DM us your order number so our fulfillment escalation team can investigate the inventory error and dispatch the correct item immediately: https://amzn.to/dm ^TB,damaged_or_incorrect_item,ESCALATE_TO_HUMAN,Severe inventory mispick requiring warehouse audit and expedited replacement.
conv_amzn_00989,AmazonHelp,conv_amzn_00989,"@AmazonHelp Driver marked package attempted because they couldn't access the building gate, but no one buzzed my apartment 184!",Customer reaching out to @AmazonHelp regarding delivery delay and tracking.,"We're sorry for the inconvenience! Drivers will automatically re-attempt delivery on the next business day. You can add permanent gate codes in Your Account > Addresses: https://amzn.to/delivery-instructions. If urgent, DM us: https://amzn.to/dm ^KL",delivery_delay_and_tracking,AUTO_HANDLE,Gate access issue; self-service delivery instruction update provided.
conv_amzn_00990,AmazonHelp,conv_amzn_00990,@AmazonHelp It has been 36 hours since my package #114-8266072-7262331 was marked delivered. I checked with neighbors and my building management. It is not here.,Customer reaching out to @AmazonHelp regarding missing or stolen package.,"Thank you for thoroughly checking around your property. Since 36 hours have passed, please DM us your order ID so our team can file a missing package claim and issue a replacement or refund: https://amzn.to/dm ^JW",missing_or_stolen_package,ESCALATE_TO_HUMAN,Waiting window expired and parcel missing; requires human claims specialist.
conv_amzn_00991,AmazonHelp,conv_amzn_00991,"@AmazonHelp It has been 18 days since your return center acknowledged receipt of my #111-5094990-8860921, but my refund of $302.50 is still not issued. Where is my money?",Customer reaching out to @AmazonHelp regarding return and refund status.,We apologize for the delay. Eighteen days exceeds our normal processing timeline. Please send us a DM with your order number so a billing specialist can review the return status and manually release your refund: https://amzn.to/dm ^AB,return_and_refund_status,ESCALATE_TO_HUMAN,Refund overdue beyond standard SLA (>14 days); requires manual finance clearance.
conv_amzn_00992,AmazonHelp,conv_amzn_00992,@AmazonHelp It has been 36 hours since my package #113-6520780-5908281 was marked delivered. I checked with neighbors and my building management. It is not here.,Customer reaching out to @AmazonHelp regarding missing or stolen package.,"Thank you for thoroughly checking around your property. Since 36 hours have passed, please DM us your order ID so our team can file a missing package claim and issue a replacement or refund: https://amzn.to/dm ^SJ",missing_or_stolen_package,ESCALATE_TO_HUMAN,Waiting window expired and parcel missing; requires human claims specialist.
conv_amzn_00993,AmazonHelp,conv_amzn_00993,"@AmazonHelp My Dyson V8 Vacuum was promised for delivery by 2 PM today, but tracking shows it hasn't even left the facility. Order #113-2710729-6090736.",Customer reaching out to @AmazonHelp regarding delivery delay and tracking.,"We apologize for the delay! Carrier transit times can vary. You can view the most up-to-date tracking information here: https://amzn.to/track. If it doesn't arrive by tomorrow evening, please DM us with your order ID: https://amzn.to/dm ^KL",delivery_delay_and_tracking,AUTO_HANDLE,Standard transit buffer; directed customer to official live tracking.
conv_amzn_00994,AmazonHelp,conv_amzn_00994,@AmazonHelp It has been 36 hours since my package #113-8349880-2098466 was marked delivered. I checked with neighbors and my building management. It is not here.,Customer reaching out to @AmazonHelp regarding missing or stolen package.,"Thank you for thoroughly checking around your property. Since 36 hours have passed, please DM us your order ID so our team can file a missing package claim and issue a replacement or refund: https://amzn.to/dm ^TB",missing_or_stolen_package,ESCALATE_TO_HUMAN,Waiting window expired and parcel missing; requires human claims specialist.
conv_amzn_00995,AmazonHelp,conv_amzn_00995,@AmazonHelp I need an official tax invoice with VAT ID for my company purchase order #112-1292839-7316477.,Customer reaching out to @AmazonHelp regarding general product or policy inquiry.,You can download official tax invoices directly from Your Orders by clicking 'Invoice' on the order details page: https://amzn.to/your-orders ^KL,general_product_or_policy_inquiry,AUTO_HANDLE,Self-service business invoice download guidance.
conv_amzn_00996,AmazonHelp,conv_amzn_00996,@AmazonHelp I dropped off my return of Keurig Coffee Maker at Amazon Locker on Thursday. When should I expect the refund to appear on my credit card?,Customer reaching out to @AmazonHelp regarding return and refund status.,"Once the return is received, refunds typically take 3 to 5 business days to process back to your original payment method. You can track refund progress under Your Orders: https://amzn.to/refund-status ^JW",return_and_refund_status,AUTO_HANDLE,Standard banking processing timeline explanation.
conv_amzn_00997,AmazonHelp,conv_amzn_00997,"@AmazonHelp Driver marked package attempted because they couldn't access the building gate, but no one buzzed my apartment 845!",Customer reaching out to @AmazonHelp regarding delivery delay and tracking.,"We're sorry for the inconvenience! Drivers will automatically re-attempt delivery on the next business day. You can add permanent gate codes in Your Account > Addresses: https://amzn.to/delivery-instructions. If urgent, DM us: https://amzn.to/dm ^KL",delivery_delay_and_tracking,AUTO_HANDLE,Gate access issue; self-service delivery instruction update provided.
conv_amzn_00998,AmazonHelp,conv_amzn_00998,"@AmazonHelp I was just charged $595.99 for Amazon Prime annual renewal today, but I forgot to cancel. Can I get a refund if I haven't used it?",Customer reaching out to @AmazonHelp regarding prime membership and billing.,"Yes! If you haven't used any Prime benefits since the renewal charge, you will automatically receive a full refund when you cancel at: https://amzn.to/manage-prime ^JW",prime_membership_and_billing,AUTO_HANDLE,Prorated/unused Prime auto-refund policy self-service guidance.
conv_amzn_00999,AmazonHelp,conv_amzn_00999,@AmazonHelp I need an official tax invoice with VAT ID for my company purchase order #112-9397247-1207656.,Customer reaching out to @AmazonHelp regarding general product or policy inquiry.,You can download official tax invoices directly from Your Orders by clicking 'Invoice' on the order details page: https://amzn.to/your-orders ^DL,general_product_or_policy_inquiry,AUTO_HANDLE,Self-service business invoice download guidance.
conv_amzn_01000,AmazonHelp,conv_amzn_01000,@AmazonHelp I dropped off my return of Kindle Paperwhite at Kohl's Drop-off on Saturday. When should I expect the refund to appear on my credit card?,Customer reaching out to @AmazonHelp regarding return and refund status.,"Once the return is received, refunds typically take 3 to 5 business days to process back to your original payment method. You can track refund progress under Your Orders: https://amzn.to/refund-status ^KL",return_and_refund_status,AUTO_HANDLE,Standard banking processing timeline explanation.
conv_amzn_01001,AmazonHelp,conv_amzn_01001,"@AmazonHelp It has been 18 days since your return center acknowledged receipt of my #112-6153639-7680030, but my refund of $224.99 is still not issued. Where is my money?",Customer reaching out to @AmazonHelp regarding return and refund status.,We apologize for the delay. Eighteen days exceeds our normal processing timeline. Please send us a DM with your order number so a billing specialist can review the return status and manually release your refund: https://amzn.to/dm ^AB,return_and_refund_status,ESCALATE_TO_HUMAN,Refund overdue beyond standard SLA (>14 days); requires manual finance clearance.
conv_amzn_01002,AmazonHelp,conv_amzn_01002,"@AmazonHelp I was just charged $425.50 for Amazon Prime annual renewal today, but I forgot to cancel. Can I get a refund if I haven't used it?",Customer reaching out to @AmazonHelp regarding prime membership and billing.,"Yes! If you haven't used any Prime benefits since the renewal charge, you will automatically receive a full refund when you cancel at: https://amzn.to/manage-prime ^SJ",prime_membership_and_billing,AUTO_HANDLE,Prorated/unused Prime auto-refund policy self-service guidance.
conv_amzn_01003,AmazonHelp,conv_amzn_01003,"@AmazonHelp My Oral-B Electric Toothbrush was promised for delivery by 5 PM today, but tracking shows it hasn't even left the facility. Order #112-5894063-5417030.",Customer reaching out to @AmazonHelp regarding delivery delay and tracking.,"We apologize for the delay! Carrier transit times can vary. You can view the most up-to-date tracking information here: https://amzn.to/track. If it doesn't arrive by tomorrow evening, please DM us with your order ID: https://amzn.to/dm ^TB",delivery_delay_and_tracking,AUTO_HANDLE,Standard transit buffer; directed customer to official live tracking.
conv_amzn_01004,AmazonHelp,conv_amzn_01004,@AmazonHelp I ordered a Fitbit Charge 6 ($367.00) and you sent me a box of coffee mugs! Order #111-8093702-1854944. This is a totally different item!,Customer reaching out to @AmazonHelp regarding damaged or incorrect item.,We sincerely apologize for this warehouse mix-up! Please DM us your order number so our fulfillment escalation team can investigate the inventory error and dispatch the correct item immediately: https://amzn.to/dm ^TB,damaged_or_incorrect_item,ESCALATE_TO_HUMAN,Severe inventory mispick requiring warehouse audit and expedited replacement.
conv_amzn_01005,AmazonHelp,conv_amzn_01005,@AmazonHelp It has been 36 hours since my package #114-2899789-1207704 was marked delivered. I checked with neighbors and my building management. It is not here.,Customer reaching out to @AmazonHelp regarding missing or stolen package.,"Thank you for thoroughly checking around your property. Since 36 hours have passed, please DM us your order ID so our team can file a missing package claim and issue a replacement or refund: https://amzn.to/dm ^AB",missing_or_stolen_package,ESCALATE_TO_HUMAN,Waiting window expired and parcel missing; requires human claims specialist.
conv_amzn_01006,AmazonHelp,conv_amzn_01006,"@AmazonHelp It has been 18 days since your return center acknowledged receipt of my #111-6391982-6475131, but my refund of $139.00 is still not issued. Where is my money?",Customer reaching out to @AmazonHelp regarding return and refund status.,We apologize for the delay. Eighteen days exceeds our normal processing timeline. Please send us a DM with your order number so a billing specialist can review the return status and manually release your refund: https://amzn.to/dm ^KL,return_and_refund_status,ESCALATE_TO_HUMAN,Refund overdue beyond standard SLA (>14 days); requires manual finance clearance.
conv_amzn_01007,AmazonHelp,conv_amzn_01007,@AmazonHelp Order #114-7712124-1211609 contains urgent medical supplies for my family that was guaranteed yesterday. Where is the courier right now?,Customer reaching out to @AmazonHelp regarding delivery delay and tracking.,"We sincerely apologize for this critical delay. Given the urgency of these supplies, please DM us immediately so a priority dispatcher can coordinate with the local logistics hub: https://amzn.to/dm ^RG",delivery_delay_and_tracking,ESCALATE_TO_HUMAN,Time-critical urgent medical delivery requiring priority dispatcher intervention.
conv_amzn_01008,AmazonHelp,conv_amzn_01008,@AmazonHelp I ordered a Apple AirPods Pro ($346.99) and you sent me a box of dog food! Order #113-8710292-4818035. This is a totally different item!,Customer reaching out to @AmazonHelp regarding damaged or incorrect item.,We sincerely apologize for this warehouse mix-up! Please DM us your order number so our fulfillment escalation team can investigate the inventory error and dispatch the correct item immediately: https://amzn.to/dm ^MK,damaged_or_incorrect_item,ESCALATE_TO_HUMAN,Severe inventory mispick requiring warehouse audit and expedited replacement.
conv_amzn_01009,AmazonHelp,conv_amzn_01009,"@AmazonHelp I was just charged $326.50 for Amazon Prime annual renewal today, but I forgot to cancel. Can I get a refund if I haven't used it?",Customer reaching out to @AmazonHelp regarding prime membership and billing.,"Yes! If you haven't used any Prime benefits since the renewal charge, you will automatically receive a full refund when you cancel at: https://amzn.to/manage-prime ^SJ",prime_membership_and_billing,AUTO_HANDLE,Prorated/unused Prime auto-refund policy self-service guidance.
conv_amzn_01010,AmazonHelp,conv_amzn_01010,"@AmazonHelp My Ninja Air Fryer was promised for delivery by 9 PM today, but tracking shows it hasn't even left the facility. Order #113-8946580-9289806.",Customer reaching out to @AmazonHelp regarding delivery delay and tracking.,"We apologize for the delay! Carrier transit times can vary. You can view the most up-to-date tracking information here: https://amzn.to/track. If it doesn't arrive by tomorrow evening, please DM us with your order ID: https://amzn.to/dm ^KL",delivery_delay_and_tracking,AUTO_HANDLE,Standard transit buffer; directed customer to official live tracking.
conv_amzn_01011,AmazonHelp,conv_amzn_01011,"@AmazonHelp I was just charged $55.99 for Amazon Prime annual renewal today, but I forgot to cancel. Can I get a refund if I haven't used it?",Customer reaching out to @AmazonHelp regarding prime membership and billing.,"Yes! If you haven't used any Prime benefits since the renewal charge, you will automatically receive a full refund when you cancel at: https://amzn.to/manage-prime ^AB",prime_membership_and_billing,AUTO_HANDLE,Prorated/unused Prime auto-refund policy self-service guidance.
conv_amzn_01012,AmazonHelp,conv_amzn_01012,"@AmazonHelp Tracking says 'Departed facility' since Thursday, but there have been no new updates for 4 days. Is my order #114-7191186-7910668 lost?",Customer reaching out to @AmazonHelp regarding delivery delay and tracking.,We understand your concern regarding the lack of tracking movement. Please send us a direct message with your order number and email address so we can initiate an investigation with the carrier: https://amzn.to/dm ^AB,delivery_delay_and_tracking,ESCALATE_TO_HUMAN,Carrier stall exceeding 48h SLA; requires human carrier tracing.
conv_amzn_01013,AmazonHelp,conv_amzn_01013,@AmazonHelp Delivery photo shows a completely different apartment number (781) and a red doormat. I live in unit 571 and don't have a red mat!,Customer reaching out to @AmazonHelp regarding missing or stolen package.,"We apologize for the misdelivery! Please send us a direct message with your order number so we can review the courier photo, verify your unit, and process an immediate replacement: https://amzn.to/dm ^RG",missing_or_stolen_package,ESCALATE_TO_HUMAN,Photographic proof of misdelivery to wrong unit; requires replacement authorization.
conv_amzn_01014,AmazonHelp,conv_amzn_01014,@AmazonHelp I ordered a Instant Pot Duo ($110.99) and you sent me a box of plastic hangers! Order #114-7183782-6954424. This is a totally different item!,Customer reaching out to @AmazonHelp regarding damaged or incorrect item.,We sincerely apologize for this warehouse mix-up! Please DM us your order number so our fulfillment escalation team can investigate the inventory error and dispatch the correct item immediately: https://amzn.to/dm ^RG,damaged_or_incorrect_item,ESCALATE_TO_HUMAN,Severe inventory mispick requiring warehouse audit and expedited replacement.
conv_amzn_01015,AmazonHelp,conv_amzn_01015,@AmazonHelp I dropped off my return of Dyson V8 Vacuum at The UPS Store on Thursday. When should I expect the refund to appear on my credit card?,Customer reaching out to @AmazonHelp regarding return and refund status.,"Once the return is received, refunds typically take 3 to 5 business days to process back to your original payment method. You can track refund progress under Your Orders: https://amzn.to/refund-status ^MK",return_and_refund_status,AUTO_HANDLE,Standard banking processing timeline explanation.
conv_amzn_01016,AmazonHelp,conv_amzn_01016,@AmazonHelp I ordered a Apple AirPods Pro ($222.99) and you sent me a box of baby wipes! Order #112-8072431-8649115. This is a totally different item!,Customer reaching out to @AmazonHelp regarding damaged or incorrect item.,We sincerely apologize for this warehouse mix-up! Please DM us your order number so our fulfillment escalation team can investigate the inventory error and dispatch the correct item immediately: https://amzn.to/dm ^AB,damaged_or_incorrect_item,ESCALATE_TO_HUMAN,Severe inventory mispick requiring warehouse audit and expedited replacement.
conv_amzn_01017,AmazonHelp,conv_amzn_01017,@AmazonHelp I need an official tax invoice with VAT ID for my company purchase order #112-8657064-5160112.,Customer reaching out to @AmazonHelp regarding general product or policy inquiry.,You can download official tax invoices directly from Your Orders by clicking 'Invoice' on the order details page: https://amzn.to/your-orders ^RG,general_product_or_policy_inquiry,AUTO_HANDLE,Self-service business invoice download guidance.
conv_amzn_01018,AmazonHelp,conv_amzn_01018,@AmazonHelp Order #112-1056581-6766186 contains urgent medical supplies for my family that was guaranteed yesterday. Where is the courier right now?,Customer reaching out to @AmazonHelp regarding delivery delay and tracking.,"We sincerely apologize for this critical delay. Given the urgency of these supplies, please DM us immediately so a priority dispatcher can coordinate with the local logistics hub: https://amzn.to/dm ^TB",delivery_delay_and_tracking,ESCALATE_TO_HUMAN,Time-critical urgent medical delivery requiring priority dispatcher intervention.
conv_amzn_01019,AmazonHelp,conv_amzn_01019,@AmazonHelp I dropped off my return of Instant Pot Duo at Whole Foods Market customer desk on Tuesday. When should I expect the refund to appear on my credit card?,Customer reaching out to @AmazonHelp regarding return and refund status.,"Once the return is received, refunds typically take 3 to 5 business days to process back to your original payment method. You can track refund progress under Your Orders: https://amzn.to/refund-status ^AB",return_and_refund_status,AUTO_HANDLE,Standard banking processing timeline explanation.
conv_amzn_01020,AmazonHelp,conv_amzn_01020,"@AmazonHelp I was just charged $145.99 for Amazon Prime annual renewal today, but I forgot to cancel. Can I get a refund if I haven't used it?",Customer reaching out to @AmazonHelp regarding prime membership and billing.,"Yes! If you haven't used any Prime benefits since the renewal charge, you will automatically receive a full refund when you cancel at: https://amzn.to/manage-prime ^TB",prime_membership_and_billing,AUTO_HANDLE,Prorated/unused Prime auto-refund policy self-service guidance.
conv_amzn_01021,AmazonHelp,conv_amzn_01021,"@AmazonHelp It has been 18 days since your return center acknowledged receipt of my #114-1708542-7409950, but my refund of $425.00 is still not issued. Where is my money?",Customer reaching out to @AmazonHelp regarding return and refund status.,We apologize for the delay. Eighteen days exceeds our normal processing timeline. Please send us a DM with your order number so a billing specialist can review the return status and manually release your refund: https://amzn.to/dm ^MK,return_and_refund_status,ESCALATE_TO_HUMAN,Refund overdue beyond standard SLA (>14 days); requires manual finance clearance.
conv_amzn_01022,AmazonHelp,conv_amzn_01022,"@AmazonHelp Driver marked package attempted because they couldn't access the building gate, but no one buzzed my apartment 733!",Customer reaching out to @AmazonHelp regarding delivery delay and tracking.,"We're sorry for the inconvenience! Drivers will automatically re-attempt delivery on the next business day. You can add permanent gate codes in Your Account > Addresses: https://amzn.to/delivery-instructions. If urgent, DM us: https://amzn.to/dm ^TB",delivery_delay_and_tracking,AUTO_HANDLE,Gate access issue; self-service delivery instruction update provided.
conv_amzn_01023,AmazonHelp,conv_amzn_01023,@AmazonHelp I dropped off my return of Oral-B Electric Toothbrush at Whole Foods Market customer desk on Thursday. When should I expect the refund to appear on my credit card?,Customer reaching out to @AmazonHelp regarding return and refund status.,"Once the return is received, refunds typically take 3 to 5 business days to process back to your original payment method. You can track refund progress under Your Orders: https://amzn.to/refund-status ^JW",return_and_refund_status,AUTO_HANDLE,Standard banking processing timeline explanation.
conv_amzn_01024,AmazonHelp,conv_amzn_01024,"@AmazonHelp I was just charged $75.99 for Amazon Prime annual renewal today, but I forgot to cancel. Can I get a refund if I haven't used it?",Customer reaching out to @AmazonHelp regarding prime membership and billing.,"Yes! If you haven't used any Prime benefits since the renewal charge, you will automatically receive a full refund when you cancel at: https://amzn.to/manage-prime ^DL",prime_membership_and_billing,AUTO_HANDLE,Prorated/unused Prime auto-refund policy self-service guidance.
conv_amzn_01025,AmazonHelp,conv_amzn_01025,@AmazonHelp Delivery photo shows a completely different apartment number (859) and a red doormat. I live in unit 488 and don't have a red mat!,Customer reaching out to @AmazonHelp regarding missing or stolen package.,"We apologize for the misdelivery! Please send us a direct message with your order number so we can review the courier photo, verify your unit, and process an immediate replacement: https://amzn.to/dm ^MK",missing_or_stolen_package,ESCALATE_TO_HUMAN,Photographic proof of misdelivery to wrong unit; requires replacement authorization.
conv_amzn_01026,AmazonHelp,conv_amzn_01026,@AmazonHelp I ordered a Ninja Air Fryer ($317.99) and you sent me a box of cat litter! Order #111-5224080-6529120. This is a totally different item!,Customer reaching out to @AmazonHelp regarding damaged or incorrect item.,We sincerely apologize for this warehouse mix-up! Please DM us your order number so our fulfillment escalation team can investigate the inventory error and dispatch the correct item immediately: https://amzn.to/dm ^JW,damaged_or_incorrect_item,ESCALATE_TO_HUMAN,Severe inventory mispick requiring warehouse audit and expedited replacement.
conv_amzn_01027,AmazonHelp,conv_amzn_01027,@AmazonHelp Delivery photo shows a completely different apartment number (204) and a red doormat. I live in unit 691 and don't have a red mat!,Customer reaching out to @AmazonHelp regarding missing or stolen package.,"We apologize for the misdelivery! Please send us a direct message with your order number so we can review the courier photo, verify your unit, and process an immediate replacement: https://amzn.to/dm ^MK",missing_or_stolen_package,ESCALATE_TO_HUMAN,Photographic proof of misdelivery to wrong unit; requires replacement authorization.
conv_amzn_01028,AmazonHelp,conv_amzn_01028,"@AmazonHelp I was just charged $237.00 for Amazon Prime annual renewal today, but I forgot to cancel. Can I get a refund if I haven't used it?",Customer reaching out to @AmazonHelp regarding prime membership and billing.,"Yes! If you haven't used any Prime benefits since the renewal charge, you will automatically receive a full refund when you cancel at: https://amzn.to/manage-prime ^JW",prime_membership_and_billing,AUTO_HANDLE,Prorated/unused Prime auto-refund policy self-service guidance.
conv_amzn_01029,AmazonHelp,conv_amzn_01029,"@AmazonHelp My Levi's Denim Jacket was promised for delivery by 8 PM today, but tracking shows it hasn't even left the facility. Order #112-3762644-1375394.",Customer reaching out to @AmazonHelp regarding delivery delay and tracking.,"We apologize for the delay! Carrier transit times can vary. You can view the most up-to-date tracking information here: https://amzn.to/track. If it doesn't arrive by tomorrow evening, please DM us with your order ID: https://amzn.to/dm ^SJ",delivery_delay_and_tracking,AUTO_HANDLE,Standard transit buffer; directed customer to official live tracking.
conv_amzn_01030,AmazonHelp,conv_amzn_01030,"@AmazonHelp My LEGO Star Wars Set was promised for delivery by 9 PM today, but tracking shows it hasn't even left the facility. Order #111-6782235-5145902.",Customer reaching out to @AmazonHelp regarding delivery delay and tracking.,"We apologize for the delay! Carrier transit times can vary. You can view the most up-to-date tracking information here: https://amzn.to/track. If it doesn't arrive by tomorrow evening, please DM us with your order ID: https://amzn.to/dm ^KL",delivery_delay_and_tracking,AUTO_HANDLE,Standard transit buffer; directed customer to official live tracking.
conv_amzn_01031,AmazonHelp,conv_amzn_01031,"@AmazonHelp I was just charged $330.50 for Amazon Prime annual renewal today, but I forgot to cancel. Can I get a refund if I haven't used it?",Customer reaching out to @AmazonHelp regarding prime membership and billing.,"Yes! If you haven't used any Prime benefits since the renewal charge, you will automatically receive a full refund when you cancel at: https://amzn.to/manage-prime ^JW",prime_membership_and_billing,AUTO_HANDLE,Prorated/unused Prime auto-refund policy self-service guidance.
conv_amzn_01032,AmazonHelp,conv_amzn_01032,"@AmazonHelp My Ceramic Dinnerware Set was promised for delivery by 8 PM today, but tracking shows it hasn't even left the facility. Order #111-8083867-6714438.",Customer reaching out to @AmazonHelp regarding delivery delay and tracking.,"We apologize for the delay! Carrier transit times can vary. You can view the most up-to-date tracking information here: https://amzn.to/track. If it doesn't arrive by tomorrow evening, please DM us with your order ID: https://amzn.to/dm ^KL",delivery_delay_and_tracking,AUTO_HANDLE,Standard transit buffer; directed customer to official live tracking.
conv_amzn_01033,AmazonHelp,conv_amzn_01033,"@AmazonHelp It has been 18 days since your return center acknowledged receipt of my #113-2398596-2458084, but my refund of $98.00 is still not issued. Where is my money?",Customer reaching out to @AmazonHelp regarding return and refund status.,We apologize for the delay. Eighteen days exceeds our normal processing timeline. Please send us a DM with your order number so a billing specialist can review the return status and manually release your refund: https://amzn.to/dm ^KL,return_and_refund_status,ESCALATE_TO_HUMAN,Refund overdue beyond standard SLA (>14 days); requires manual finance clearance.
conv_amzn_01034,AmazonHelp,conv_amzn_01034,"@AmazonHelp My Kindle Paperwhite was promised for delivery by 9 PM today, but tracking shows it hasn't even left the facility. Order #114-8315160-6332422.",Customer reaching out to @AmazonHelp regarding delivery delay and tracking.,"We apologize for the delay! Carrier transit times can vary. You can view the most up-to-date tracking information here: https://amzn.to/track. If it doesn't arrive by tomorrow evening, please DM us with your order ID: https://amzn.to/dm ^SJ",delivery_delay_and_tracking,AUTO_HANDLE,Standard transit buffer; directed customer to official live tracking.
conv_amzn_01035,AmazonHelp,conv_amzn_01035,"@AmazonHelp It has been 18 days since your return center acknowledged receipt of my #113-9405219-5015766, but my refund of $234.99 is still not issued. Where is my money?",Customer reaching out to @AmazonHelp regarding return and refund status.,We apologize for the delay. Eighteen days exceeds our normal processing timeline. Please send us a DM with your order number so a billing specialist can review the return status and manually release your refund: https://amzn.to/dm ^TB,return_and_refund_status,ESCALATE_TO_HUMAN,Refund overdue beyond standard SLA (>14 days); requires manual finance clearance.
conv_amzn_01036,AmazonHelp,conv_amzn_01036,@AmazonHelp Order #112-6130601-9000317 contains urgent medical supplies for my family that was guaranteed yesterday. Where is the courier right now?,Customer reaching out to @AmazonHelp regarding delivery delay and tracking.,"We sincerely apologize for this critical delay. Given the urgency of these supplies, please DM us immediately so a priority dispatcher can coordinate with the local logistics hub: https://amzn.to/dm ^RG",delivery_delay_and_tracking,ESCALATE_TO_HUMAN,Time-critical urgent medical delivery requiring priority dispatcher intervention.
conv_amzn_01037,AmazonHelp,conv_amzn_01037,@AmazonHelp It has been 36 hours since my package #113-1090742-6174156 was marked delivered. I checked with neighbors and my building management. It is not here.,Customer reaching out to @AmazonHelp regarding missing or stolen package.,"Thank you for thoroughly checking around your property. Since 36 hours have passed, please DM us your order ID so our team can file a missing package claim and issue a replacement or refund: https://amzn.to/dm ^DL",missing_or_stolen_package,ESCALATE_TO_HUMAN,Waiting window expired and parcel missing; requires human claims specialist.
conv_amzn_01038,AmazonHelp,conv_amzn_01038,@AmazonHelp Delivery photo shows a completely different apartment number (647) and a red doormat. I live in unit 579 and don't have a red mat!,Customer reaching out to @AmazonHelp regarding missing or stolen package.,"We apologize for the misdelivery! Please send us a direct message with your order number so we can review the courier photo, verify your unit, and process an immediate replacement: https://amzn.to/dm ^TB",missing_or_stolen_package,ESCALATE_TO_HUMAN,Photographic proof of misdelivery to wrong unit; requires replacement authorization.
conv_amzn_01039,AmazonHelp,conv_amzn_01039,@AmazonHelp I ordered a LEGO Star Wars Set ($486.50) and you sent me a box of baby wipes! Order #112-8801283-7580562. This is a totally different item!,Customer reaching out to @AmazonHelp regarding damaged or incorrect item.,We sincerely apologize for this warehouse mix-up! Please DM us your order number so our fulfillment escalation team can investigate the inventory error and dispatch the correct item immediately: https://amzn.to/dm ^TB,damaged_or_incorrect_item,ESCALATE_TO_HUMAN,Severe inventory mispick requiring warehouse audit and expedited replacement.
conv_amzn_01040,AmazonHelp,conv_amzn_01040,"@AmazonHelp It has been 18 days since your return center acknowledged receipt of my #113-6168865-7189234, but my refund of $31.50 is still not issued. Where is my money?",Customer reaching out to @AmazonHelp regarding return and refund status.,We apologize for the delay. Eighteen days exceeds our normal processing timeline. Please send us a DM with your order number so a billing specialist can review the return status and manually release your refund: https://amzn.to/dm ^KL,return_and_refund_status,ESCALATE_TO_HUMAN,Refund overdue beyond standard SLA (>14 days); requires manual finance clearance.
conv_amzn_01041,AmazonHelp,conv_amzn_01041,@AmazonHelp Order #114-1872546-8269713 contains urgent medical supplies for my family that was guaranteed yesterday. Where is the courier right now?,Customer reaching out to @AmazonHelp regarding delivery delay and tracking.,"We sincerely apologize for this critical delay. Given the urgency of these supplies, please DM us immediately so a priority dispatcher can coordinate with the local logistics hub: https://amzn.to/dm ^AB",delivery_delay_and_tracking,ESCALATE_TO_HUMAN,Time-critical urgent medical delivery requiring priority dispatcher intervention.
conv_amzn_01042,AmazonHelp,conv_amzn_01042,@AmazonHelp Delivery photo shows a completely different apartment number (654) and a red doormat. I live in unit 569 and don't have a red mat!,Customer reaching out to @AmazonHelp regarding missing or stolen package.,"We apologize for the misdelivery! Please send us a direct message with your order number so we can review the courier photo, verify your unit, and process an immediate replacement: https://amzn.to/dm ^DL",missing_or_stolen_package,ESCALATE_TO_HUMAN,Photographic proof of misdelivery to wrong unit; requires replacement authorization.
conv_amzn_01043,AmazonHelp,conv_amzn_01043,@AmazonHelp Order #111-8730430-2925304 contains urgent medical supplies for my family that was guaranteed yesterday. Where is the courier right now?,Customer reaching out to @AmazonHelp regarding delivery delay and tracking.,"We sincerely apologize for this critical delay. Given the urgency of these supplies, please DM us immediately so a priority dispatcher can coordinate with the local logistics hub: https://amzn.to/dm ^AB",delivery_delay_and_tracking,ESCALATE_TO_HUMAN,Time-critical urgent medical delivery requiring priority dispatcher intervention.
conv_amzn_01044,AmazonHelp,conv_amzn_01044,@AmazonHelp I dropped off my return of Oral-B Electric Toothbrush at Amazon Locker on Monday. When should I expect the refund to appear on my credit card?,Customer reaching out to @AmazonHelp regarding return and refund status.,"Once the return is received, refunds typically take 3 to 5 business days to process back to your original payment method. You can track refund progress under Your Orders: https://amzn.to/refund-status ^AB",return_and_refund_status,AUTO_HANDLE,Standard banking processing timeline explanation.
conv_amzn_01045,AmazonHelp,conv_amzn_01045,"@AmazonHelp My Keurig Coffee Maker was promised for delivery by 2 PM today, but tracking shows it hasn't even left the facility. Order #114-6425463-7004675.",Customer reaching out to @AmazonHelp regarding delivery delay and tracking.,"We apologize for the delay! Carrier transit times can vary. You can view the most up-to-date tracking information here: https://amzn.to/track. If it doesn't arrive by tomorrow evening, please DM us with your order ID: https://amzn.to/dm ^KL",delivery_delay_and_tracking,AUTO_HANDLE,Standard transit buffer; directed customer to official live tracking.
conv_amzn_01046,AmazonHelp,conv_amzn_01046,@AmazonHelp I need an official tax invoice with VAT ID for my company purchase order #114-2016409-8422158.,Customer reaching out to @AmazonHelp regarding general product or policy inquiry.,You can download official tax invoices directly from Your Orders by clicking 'Invoice' on the order details page: https://amzn.to/your-orders ^TB,general_product_or_policy_inquiry,AUTO_HANDLE,Self-service business invoice download guidance.
conv_amzn_01047,AmazonHelp,conv_amzn_01047,"@AmazonHelp My Ceramic Dinnerware Set was promised for delivery by 5 PM today, but tracking shows it hasn't even left the facility. Order #114-9895544-3329156.",Customer reaching out to @AmazonHelp regarding delivery delay and tracking.,"We apologize for the delay! Carrier transit times can vary. You can view the most up-to-date tracking information here: https://amzn.to/track. If it doesn't arrive by tomorrow evening, please DM us with your order ID: https://amzn.to/dm ^AB",delivery_delay_and_tracking,AUTO_HANDLE,Standard transit buffer; directed customer to official live tracking.
conv_amzn_01048,AmazonHelp,conv_amzn_01048,"@AmazonHelp I was just charged $493.50 for Amazon Prime annual renewal today, but I forgot to cancel. Can I get a refund if I haven't used it?",Customer reaching out to @AmazonHelp regarding prime membership and billing.,"Yes! If you haven't used any Prime benefits since the renewal charge, you will automatically receive a full refund when you cancel at: https://amzn.to/manage-prime ^MK",prime_membership_and_billing,AUTO_HANDLE,Prorated/unused Prime auto-refund policy self-service guidance.
conv_amzn_01049,AmazonHelp,conv_amzn_01049,"@AmazonHelp Tracking says 'Departed facility' since Saturday, but there have been no new updates for 4 days. Is my order #113-5919432-7657977 lost?",Customer reaching out to @AmazonHelp regarding delivery delay and tracking.,We understand your concern regarding the lack of tracking movement. Please send us a direct message with your order number and email address so we can initiate an investigation with the carrier: https://amzn.to/dm ^DL,delivery_delay_and_tracking,ESCALATE_TO_HUMAN,Carrier stall exceeding 48h SLA; requires human carrier tracing.
conv_amzn_01050,AmazonHelp,conv_amzn_01050,@AmazonHelp I dropped off my return of Keurig Coffee Maker at The UPS Store on Monday. When should I expect the refund to appear on my credit card?,Customer reaching out to @AmazonHelp regarding return and refund status.,"Once the return is received, refunds typically take 3 to 5 business days to process back to your original payment method. You can track refund progress under Your Orders: https://amzn.to/refund-status ^SJ",return_and_refund_status,AUTO_HANDLE,Standard banking processing timeline explanation.
conv_amzn_01051,AmazonHelp,conv_amzn_01051,"@AmazonHelp I was just charged $106.50 for Amazon Prime annual renewal today, but I forgot to cancel. Can I get a refund if I haven't used it?",Customer reaching out to @AmazonHelp regarding prime membership and billing.,"Yes! If you haven't used any Prime benefits since the renewal charge, you will automatically receive a full refund when you cancel at: https://amzn.to/manage-prime ^TB",prime_membership_and_billing,AUTO_HANDLE,Prorated/unused Prime auto-refund policy self-service guidance.
conv_amzn_01052,AmazonHelp,conv_amzn_01052,"@AmazonHelp Tracking says 'In Transit' since Saturday, but there have been no new updates for 4 days. Is my order #113-9974786-4481968 lost?",Customer reaching out to @AmazonHelp regarding delivery delay and tracking.,We understand your concern regarding the lack of tracking movement. Please send us a direct message with your order number and email address so we can initiate an investigation with the carrier: https://amzn.to/dm ^RG,delivery_delay_and_tracking,ESCALATE_TO_HUMAN,Carrier stall exceeding 48h SLA; requires human carrier tracing.
conv_amzn_01053,AmazonHelp,conv_amzn_01053,@AmazonHelp Delivery photo shows a completely different apartment number (290) and a red doormat. I live in unit 145 and don't have a red mat!,Customer reaching out to @AmazonHelp regarding missing or stolen package.,"We apologize for the misdelivery! Please send us a direct message with your order number so we can review the courier photo, verify your unit, and process an immediate replacement: https://amzn.to/dm ^DL",missing_or_stolen_package,ESCALATE_TO_HUMAN,Photographic proof of misdelivery to wrong unit; requires replacement authorization.
conv_amzn_01054,AmazonHelp,conv_amzn_01054,@AmazonHelp It has been 36 hours since my package #112-3271554-6317772 was marked delivered. I checked with neighbors and my building management. It is not here.,Customer reaching out to @AmazonHelp regarding missing or stolen package.,"Thank you for thoroughly checking around your property. Since 36 hours have passed, please DM us your order ID so our team can file a missing package claim and issue a replacement or refund: https://amzn.to/dm ^MK",missing_or_stolen_package,ESCALATE_TO_HUMAN,Waiting window expired and parcel missing; requires human claims specialist.
conv_amzn_01055,AmazonHelp,conv_amzn_01055,"@AmazonHelp My Oral-B Electric Toothbrush was promised for delivery by 8 PM today, but tracking shows it hasn't even left the facility. Order #112-5253020-8264252.",Customer reaching out to @AmazonHelp regarding delivery delay and tracking.,"We apologize for the delay! Carrier transit times can vary. You can view the most up-to-date tracking information here: https://amzn.to/track. If it doesn't arrive by tomorrow evening, please DM us with your order ID: https://amzn.to/dm ^TB",delivery_delay_and_tracking,AUTO_HANDLE,Standard transit buffer; directed customer to official live tracking.
conv_amzn_01056,AmazonHelp,conv_amzn_01056,@AmazonHelp I dropped off my return of Sony Wireless Headphones at Kohl's Drop-off on Wednesday. When should I expect the refund to appear on my credit card?,Customer reaching out to @AmazonHelp regarding return and refund status.,"Once the return is received, refunds typically take 3 to 5 business days to process back to your original payment method. You can track refund progress under Your Orders: https://amzn.to/refund-status ^MK",return_and_refund_status,AUTO_HANDLE,Standard banking processing timeline explanation.
conv_amzn_01057,AmazonHelp,conv_amzn_01057,"@AmazonHelp I was just charged $238.00 for Amazon Prime annual renewal today, but I forgot to cancel. Can I get a refund if I haven't used it?",Customer reaching out to @AmazonHelp regarding prime membership and billing.,"Yes! If you haven't used any Prime benefits since the renewal charge, you will automatically receive a full refund when you cancel at: https://amzn.to/manage-prime ^DL",prime_membership_and_billing,AUTO_HANDLE,Prorated/unused Prime auto-refund policy self-service guidance.
conv_amzn_01058,AmazonHelp,conv_amzn_01058,@AmazonHelp Order #111-5486710-7709865 contains urgent medical supplies for my family that was guaranteed yesterday. Where is the courier right now?,Customer reaching out to @AmazonHelp regarding delivery delay and tracking.,"We sincerely apologize for this critical delay. Given the urgency of these supplies, please DM us immediately so a priority dispatcher can coordinate with the local logistics hub: https://amzn.to/dm ^TB",delivery_delay_and_tracking,ESCALATE_TO_HUMAN,Time-critical urgent medical delivery requiring priority dispatcher intervention.
conv_amzn_01059,AmazonHelp,conv_amzn_01059,"@AmazonHelp It has been 18 days since your return center acknowledged receipt of my #111-7269294-4736606, but my refund of $413.99 is still not issued. Where is my money?",Customer reaching out to @AmazonHelp regarding return and refund status.,We apologize for the delay. Eighteen days exceeds our normal processing timeline. Please send us a DM with your order number so a billing specialist can review the return status and manually release your refund: https://amzn.to/dm ^KL,return_and_refund_status,ESCALATE_TO_HUMAN,Refund overdue beyond standard SLA (>14 days); requires manual finance clearance.
conv_amzn_01060,AmazonHelp,conv_amzn_01060,"@AmazonHelp It has been 18 days since your return center acknowledged receipt of my #111-2825607-8648931, but my refund of $580.99 is still not issued. Where is my money?",Customer reaching out to @AmazonHelp regarding return and refund status.,We apologize for the delay. Eighteen days exceeds our normal processing timeline. Please send us a DM with your order number so a billing specialist can review the return status and manually release your refund: https://amzn.to/dm ^TB,return_and_refund_status,ESCALATE_TO_HUMAN,Refund overdue beyond standard SLA (>14 days); requires manual finance clearance.
conv_amzn_01061,AmazonHelp,conv_amzn_01061,@AmazonHelp I ordered a Samsung 55-inch OLED TV ($168.00) and you sent me a box of dog food! Order #114-4574981-6627557. This is a totally different item!,Customer reaching out to @AmazonHelp regarding damaged or incorrect item.,We sincerely apologize for this warehouse mix-up! Please DM us your order number so our fulfillment escalation team can investigate the inventory error and dispatch the correct item immediately: https://amzn.to/dm ^JW,damaged_or_incorrect_item,ESCALATE_TO_HUMAN,Severe inventory mispick requiring warehouse audit and expedited replacement.
conv_amzn_01062,AmazonHelp,conv_amzn_01062,"@AmazonHelp It has been 18 days since your return center acknowledged receipt of my #114-3174300-9160094, but my refund of $264.50 is still not issued. Where is my money?",Customer reaching out to @AmazonHelp regarding return and refund status.,We apologize for the delay. Eighteen days exceeds our normal processing timeline. Please send us a DM with your order number so a billing specialist can review the return status and manually release your refund: https://amzn.to/dm ^JW,return_and_refund_status,ESCALATE_TO_HUMAN,Refund overdue beyond standard SLA (>14 days); requires manual finance clearance.
conv_amzn_01063,AmazonHelp,conv_amzn_01063,"@AmazonHelp It has been 18 days since your return center acknowledged receipt of my #112-9167762-8184330, but my refund of $268.50 is still not issued. Where is my money?",Customer reaching out to @AmazonHelp regarding return and refund status.,We apologize for the delay. Eighteen days exceeds our normal processing timeline. Please send us a DM with your order number so a billing specialist can review the return status and manually release your refund: https://amzn.to/dm ^JW,return_and_refund_status,ESCALATE_TO_HUMAN,Refund overdue beyond standard SLA (>14 days); requires manual finance clearance.
conv_amzn_01064,AmazonHelp,conv_amzn_01064,@AmazonHelp It has been 36 hours since my package #114-8987553-1018650 was marked delivered. I checked with neighbors and my building management. It is not here.,Customer reaching out to @AmazonHelp regarding missing or stolen package.,"Thank you for thoroughly checking around your property. Since 36 hours have passed, please DM us your order ID so our team can file a missing package claim and issue a replacement or refund: https://amzn.to/dm ^DL",missing_or_stolen_package,ESCALATE_TO_HUMAN,Waiting window expired and parcel missing; requires human claims specialist.
conv_amzn_01065,AmazonHelp,conv_amzn_01065,"@AmazonHelp My Keurig Coffee Maker was promised for delivery by 5 PM today, but tracking shows it hasn't even left the facility. Order #114-5482300-1397326.",Customer reaching out to @AmazonHelp regarding delivery delay and tracking.,"We apologize for the delay! Carrier transit times can vary. You can view the most up-to-date tracking information here: https://amzn.to/track. If it doesn't arrive by tomorrow evening, please DM us with your order ID: https://amzn.to/dm ^SJ",delivery_delay_and_tracking,AUTO_HANDLE,Standard transit buffer; directed customer to official live tracking.
conv_amzn_01066,AmazonHelp,conv_amzn_01066,@AmazonHelp I ordered a Anker Portable Charger ($181.00) and you sent me a box of dog food! Order #114-6660968-1521439. This is a totally different item!,Customer reaching out to @AmazonHelp regarding damaged or incorrect item.,We sincerely apologize for this warehouse mix-up! Please DM us your order number so our fulfillment escalation team can investigate the inventory error and dispatch the correct item immediately: https://amzn.to/dm ^DL,damaged_or_incorrect_item,ESCALATE_TO_HUMAN,Severe inventory mispick requiring warehouse audit and expedited replacement.
conv_amzn_01067,AmazonHelp,conv_amzn_01067,@AmazonHelp I ordered a Ceramic Dinnerware Set ($248.50) and you sent me a box of coffee mugs! Order #114-1771173-2041945. This is a totally different item!,Customer reaching out to @AmazonHelp regarding damaged or incorrect item.,We sincerely apologize for this warehouse mix-up! Please DM us your order number so our fulfillment escalation team can investigate the inventory error and dispatch the correct item immediately: https://amzn.to/dm ^SJ,damaged_or_incorrect_item,ESCALATE_TO_HUMAN,Severe inventory mispick requiring warehouse audit and expedited replacement.
conv_amzn_01068,AmazonHelp,conv_amzn_01068,"@AmazonHelp My Levi's Denim Jacket was promised for delivery by 2 PM today, but tracking shows it hasn't even left the facility. Order #113-4038502-8091017.",Customer reaching out to @AmazonHelp regarding delivery delay and tracking.,"We apologize for the delay! Carrier transit times can vary. You can view the most up-to-date tracking information here: https://amzn.to/track. If it doesn't arrive by tomorrow evening, please DM us with your order ID: https://amzn.to/dm ^SJ",delivery_delay_and_tracking,AUTO_HANDLE,Standard transit buffer; directed customer to official live tracking.
conv_amzn_01069,AmazonHelp,conv_amzn_01069,@AmazonHelp I dropped off my return of Fitbit Charge 6 at Amazon Locker on Friday. When should I expect the refund to appear on my credit card?,Customer reaching out to @AmazonHelp regarding return and refund status.,"Once the return is received, refunds typically take 3 to 5 business days to process back to your original payment method. You can track refund progress under Your Orders: https://amzn.to/refund-status ^MK",return_and_refund_status,AUTO_HANDLE,Standard banking processing timeline explanation.
conv_amzn_01070,AmazonHelp,conv_amzn_01070,@AmazonHelp It has been 36 hours since my package #112-1548821-7412873 was marked delivered. I checked with neighbors and my building management. It is not here.,Customer reaching out to @AmazonHelp regarding missing or stolen package.,"Thank you for thoroughly checking around your property. Since 36 hours have passed, please DM us your order ID so our team can file a missing package claim and issue a replacement or refund: https://amzn.to/dm ^DL",missing_or_stolen_package,ESCALATE_TO_HUMAN,Waiting window expired and parcel missing; requires human claims specialist.
conv_amzn_01071,AmazonHelp,conv_amzn_01071,@AmazonHelp I need an official tax invoice with VAT ID for my company purchase order #111-2772933-2824066.,Customer reaching out to @AmazonHelp regarding general product or policy inquiry.,You can download official tax invoices directly from Your Orders by clicking 'Invoice' on the order details page: https://amzn.to/your-orders ^MK,general_product_or_policy_inquiry,AUTO_HANDLE,Self-service business invoice download guidance.
conv_amzn_01072,AmazonHelp,conv_amzn_01072,@AmazonHelp Order #113-3219657-8726649 contains urgent medical supplies for my family that was guaranteed yesterday. Where is the courier right now?,Customer reaching out to @AmazonHelp regarding delivery delay and tracking.,"We sincerely apologize for this critical delay. Given the urgency of these supplies, please DM us immediately so a priority dispatcher can coordinate with the local logistics hub: https://amzn.to/dm ^SJ",delivery_delay_and_tracking,ESCALATE_TO_HUMAN,Time-critical urgent medical delivery requiring priority dispatcher intervention.
conv_amzn_01073,AmazonHelp,conv_amzn_01073,@AmazonHelp Order #111-4371926-4647121 contains urgent medical supplies for my family that was guaranteed yesterday. Where is the courier right now?,Customer reaching out to @AmazonHelp regarding delivery delay and tracking.,"We sincerely apologize for this critical delay. Given the urgency of these supplies, please DM us immediately so a priority dispatcher can coordinate with the local logistics hub: https://amzn.to/dm ^TB",delivery_delay_and_tracking,ESCALATE_TO_HUMAN,Time-critical urgent medical delivery requiring priority dispatcher intervention.
conv_amzn_01074,AmazonHelp,conv_amzn_01074,@AmazonHelp Order #113-8560960-2046523 contains urgent medical supplies for my family that was guaranteed yesterday. Where is the courier right now?,Customer reaching out to @AmazonHelp regarding delivery delay and tracking.,"We sincerely apologize for this critical delay. Given the urgency of these supplies, please DM us immediately so a priority dispatcher can coordinate with the local logistics hub: https://amzn.to/dm ^AB",delivery_delay_and_tracking,ESCALATE_TO_HUMAN,Time-critical urgent medical delivery requiring priority dispatcher intervention.
conv_amzn_01075,AmazonHelp,conv_amzn_01075,@AmazonHelp It has been 36 hours since my package #114-1961616-6916702 was marked delivered. I checked with neighbors and my building management. It is not here.,Customer reaching out to @AmazonHelp regarding missing or stolen package.,"Thank you for thoroughly checking around your property. Since 36 hours have passed, please DM us your order ID so our team can file a missing package claim and issue a replacement or refund: https://amzn.to/dm ^RG",missing_or_stolen_package,ESCALATE_TO_HUMAN,Waiting window expired and parcel missing; requires human claims specialist.
conv_amzn_01076,AmazonHelp,conv_amzn_01076,"@AmazonHelp It has been 18 days since your return center acknowledged receipt of my #112-5486896-5762054, but my refund of $20.99 is still not issued. Where is my money?",Customer reaching out to @AmazonHelp regarding return and refund status.,We apologize for the delay. Eighteen days exceeds our normal processing timeline. Please send us a DM with your order number so a billing specialist can review the return status and manually release your refund: https://amzn.to/dm ^TB,return_and_refund_status,ESCALATE_TO_HUMAN,Refund overdue beyond standard SLA (>14 days); requires manual finance clearance.
conv_amzn_01077,AmazonHelp,conv_amzn_01077,@AmazonHelp Delivery photo shows a completely different apartment number (736) and a red doormat. I live in unit 723 and don't have a red mat!,Customer reaching out to @AmazonHelp regarding missing or stolen package.,"We apologize for the misdelivery! Please send us a direct message with your order number so we can review the courier photo, verify your unit, and process an immediate replacement: https://amzn.to/dm ^DL",missing_or_stolen_package,ESCALATE_TO_HUMAN,Photographic proof of misdelivery to wrong unit; requires replacement authorization.
conv_amzn_01078,AmazonHelp,conv_amzn_01078,"@AmazonHelp It has been 18 days since your return center acknowledged receipt of my #113-1192532-7560982, but my refund of $536.50 is still not issued. Where is my money?",Customer reaching out to @AmazonHelp regarding return and refund status.,We apologize for the delay. Eighteen days exceeds our normal processing timeline. Please send us a DM with your order number so a billing specialist can review the return status and manually release your refund: https://amzn.to/dm ^KL,return_and_refund_status,ESCALATE_TO_HUMAN,Refund overdue beyond standard SLA (>14 days); requires manual finance clearance.
conv_amzn_01079,AmazonHelp,conv_amzn_01079,"@AmazonHelp Tracking says 'In Transit' since Thursday, but there have been no new updates for 4 days. Is my order #112-7677843-8105747 lost?",Customer reaching out to @AmazonHelp regarding delivery delay and tracking.,We understand your concern regarding the lack of tracking movement. Please send us a direct message with your order number and email address so we can initiate an investigation with the carrier: https://amzn.to/dm ^KL,delivery_delay_and_tracking,ESCALATE_TO_HUMAN,Carrier stall exceeding 48h SLA; requires human carrier tracing.
conv_amzn_01080,AmazonHelp,conv_amzn_01080,"@AmazonHelp I was just charged $203.50 for Amazon Prime annual renewal today, but I forgot to cancel. Can I get a refund if I haven't used it?",Customer reaching out to @AmazonHelp regarding prime membership and billing.,"Yes! If you haven't used any Prime benefits since the renewal charge, you will automatically receive a full refund when you cancel at: https://amzn.to/manage-prime ^TB",prime_membership_and_billing,AUTO_HANDLE,Prorated/unused Prime auto-refund policy self-service guidance.
conv_amzn_01081,AmazonHelp,conv_amzn_01081,"@AmazonHelp It has been 18 days since your return center acknowledged receipt of my #112-5363026-3842881, but my refund of $127.99 is still not issued. Where is my money?",Customer reaching out to @AmazonHelp regarding return and refund status.,We apologize for the delay. Eighteen days exceeds our normal processing timeline. Please send us a DM with your order number so a billing specialist can review the return status and manually release your refund: https://amzn.to/dm ^DL,return_and_refund_status,ESCALATE_TO_HUMAN,Refund overdue beyond standard SLA (>14 days); requires manual finance clearance.
conv_amzn_01082,AmazonHelp,conv_amzn_01082,"@AmazonHelp I was just charged $19.00 for Amazon Prime annual renewal today, but I forgot to cancel. Can I get a refund if I haven't used it?",Customer reaching out to @AmazonHelp regarding prime membership and billing.,"Yes! If you haven't used any Prime benefits since the renewal charge, you will automatically receive a full refund when you cancel at: https://amzn.to/manage-prime ^MK",prime_membership_and_billing,AUTO_HANDLE,Prorated/unused Prime auto-refund policy self-service guidance.
conv_amzn_01083,AmazonHelp,conv_amzn_01083,@AmazonHelp I need an official tax invoice with VAT ID for my company purchase order #111-6418029-4586770.,Customer reaching out to @AmazonHelp regarding general product or policy inquiry.,You can download official tax invoices directly from Your Orders by clicking 'Invoice' on the order details page: https://amzn.to/your-orders ^TB,general_product_or_policy_inquiry,AUTO_HANDLE,Self-service business invoice download guidance.
conv_amzn_01084,AmazonHelp,conv_amzn_01084,@AmazonHelp I need an official tax invoice with VAT ID for my company purchase order #113-5961328-2491294.,Customer reaching out to @AmazonHelp regarding general product or policy inquiry.,You can download official tax invoices directly from Your Orders by clicking 'Invoice' on the order details page: https://amzn.to/your-orders ^MK,general_product_or_policy_inquiry,AUTO_HANDLE,Self-service business invoice download guidance.
conv_amzn_01085,AmazonHelp,conv_amzn_01085,@AmazonHelp I ordered a Anker Portable Charger ($619.00) and you sent me a box of pack of socks! Order #112-2089286-3798267. This is a totally different item!,Customer reaching out to @AmazonHelp regarding damaged or incorrect item.,We sincerely apologize for this warehouse mix-up! Please DM us your order number so our fulfillment escalation team can investigate the inventory error and dispatch the correct item immediately: https://amzn.to/dm ^MK,damaged_or_incorrect_item,ESCALATE_TO_HUMAN,Severe inventory mispick requiring warehouse audit and expedited replacement.
conv_amzn_01086,AmazonHelp,conv_amzn_01086,@AmazonHelp I need an official tax invoice with VAT ID for my company purchase order #111-5784356-7241145.,Customer reaching out to @AmazonHelp regarding general product or policy inquiry.,You can download official tax invoices directly from Your Orders by clicking 'Invoice' on the order details page: https://amzn.to/your-orders ^DL,general_product_or_policy_inquiry,AUTO_HANDLE,Self-service business invoice download guidance.
conv_amzn_01087,AmazonHelp,conv_amzn_01087,@AmazonHelp Delivery photo shows a completely different apartment number (751) and a red doormat. I live in unit 109 and don't have a red mat!,Customer reaching out to @AmazonHelp regarding missing or stolen package.,"We apologize for the misdelivery! Please send us a direct message with your order number so we can review the courier photo, verify your unit, and process an immediate replacement: https://amzn.to/dm ^RG",missing_or_stolen_package,ESCALATE_TO_HUMAN,Photographic proof of misdelivery to wrong unit; requires replacement authorization.
conv_amzn_01088,AmazonHelp,conv_amzn_01088,@AmazonHelp Order #112-8011459-5146837 contains urgent medical supplies for my family that was guaranteed yesterday. Where is the courier right now?,Customer reaching out to @AmazonHelp regarding delivery delay and tracking.,"We sincerely apologize for this critical delay. Given the urgency of these supplies, please DM us immediately so a priority dispatcher can coordinate with the local logistics hub: https://amzn.to/dm ^SJ",delivery_delay_and_tracking,ESCALATE_TO_HUMAN,Time-critical urgent medical delivery requiring priority dispatcher intervention.
conv_amzn_01089,AmazonHelp,conv_amzn_01089,"@AmazonHelp My Dyson V8 Vacuum was promised for delivery by 5 PM today, but tracking shows it hasn't even left the facility. Order #113-2631152-4360103.",Customer reaching out to @AmazonHelp regarding delivery delay and tracking.,"We apologize for the delay! Carrier transit times can vary. You can view the most up-to-date tracking information here: https://amzn.to/track. If it doesn't arrive by tomorrow evening, please DM us with your order ID: https://amzn.to/dm ^MK",delivery_delay_and_tracking,AUTO_HANDLE,Standard transit buffer; directed customer to official live tracking.
conv_amzn_01090,AmazonHelp,conv_amzn_01090,@AmazonHelp I dropped off my return of Levi's Denim Jacket at Whole Foods Market customer desk on Friday. When should I expect the refund to appear on my credit card?,Customer reaching out to @AmazonHelp regarding return and refund status.,"Once the return is received, refunds typically take 3 to 5 business days to process back to your original payment method. You can track refund progress under Your Orders: https://amzn.to/refund-status ^JW",return_and_refund_status,AUTO_HANDLE,Standard banking processing timeline explanation.
conv_amzn_01091,AmazonHelp,conv_amzn_01091,@AmazonHelp It has been 36 hours since my package #111-2308681-5976272 was marked delivered. I checked with neighbors and my building management. It is not here.,Customer reaching out to @AmazonHelp regarding missing or stolen package.,"Thank you for thoroughly checking around your property. Since 36 hours have passed, please DM us your order ID so our team can file a missing package claim and issue a replacement or refund: https://amzn.to/dm ^SJ",missing_or_stolen_package,ESCALATE_TO_HUMAN,Waiting window expired and parcel missing; requires human claims specialist.
conv_amzn_01092,AmazonHelp,conv_amzn_01092,"@AmazonHelp The Amazon app sent a notification saying my Fitbit Charge 6 was delivered to my front porch 25 minutes ago, but the porch is empty!",Customer reaching out to @AmazonHelp regarding missing or stolen package.,"Carriers sometimes scan packages just prior to walking up to the door. Please allow until the end of the day, and check with household members or side porches: https://amzn.to/find-missing. If still not found tomorrow, reach back out! ^SJ",missing_or_stolen_package,AUTO_HANDLE,Scan occurred within past hour; standard buffer and safe spot search recommended.
conv_amzn_01093,AmazonHelp,conv_amzn_01093,"@AmazonHelp Tracking says 'Carrier picked up package' since Friday, but there have been no new updates for 4 days. Is my order #113-2733773-1215143 lost?",Customer reaching out to @AmazonHelp regarding delivery delay and tracking.,We understand your concern regarding the lack of tracking movement. Please send us a direct message with your order number and email address so we can initiate an investigation with the carrier: https://amzn.to/dm ^MK,delivery_delay_and_tracking,ESCALATE_TO_HUMAN,Carrier stall exceeding 48h SLA; requires human carrier tracing.
conv_amzn_01094,AmazonHelp,conv_amzn_01094,@AmazonHelp I need an official tax invoice with VAT ID for my company purchase order #114-8370582-9840149.,Customer reaching out to @AmazonHelp regarding general product or policy inquiry.,You can download official tax invoices directly from Your Orders by clicking 'Invoice' on the order details page: https://amzn.to/your-orders ^KL,general_product_or_policy_inquiry,AUTO_HANDLE,Self-service business invoice download guidance.
conv_amzn_01095,AmazonHelp,conv_amzn_01095,"@AmazonHelp It has been 18 days since your return center acknowledged receipt of my #114-1636071-6073361, but my refund of $427.50 is still not issued. Where is my money?",Customer reaching out to @AmazonHelp regarding return and refund status.,We apologize for the delay. Eighteen days exceeds our normal processing timeline. Please send us a DM with your order number so a billing specialist can review the return status and manually release your refund: https://amzn.to/dm ^JW,return_and_refund_status,ESCALATE_TO_HUMAN,Refund overdue beyond standard SLA (>14 days); requires manual finance clearance.
conv_amzn_01096,AmazonHelp,conv_amzn_01096,"@AmazonHelp The Amazon app sent a notification saying my Ceramic Dinnerware Set was delivered to my front porch 45 minutes ago, but the porch is empty!",Customer reaching out to @AmazonHelp regarding missing or stolen package.,"Carriers sometimes scan packages just prior to walking up to the door. Please allow until the end of the day, and check with household members or side porches: https://amzn.to/find-missing. If still not found tomorrow, reach back out! ^TB",missing_or_stolen_package,AUTO_HANDLE,Scan occurred within past hour; standard buffer and safe spot search recommended.
conv_amzn_01097,AmazonHelp,conv_amzn_01097,"@AmazonHelp My Ninja Air Fryer was promised for delivery by 8 PM today, but tracking shows it hasn't even left the facility. Order #112-8614916-6466143.",Customer reaching out to @AmazonHelp regarding delivery delay and tracking.,"We apologize for the delay! Carrier transit times can vary. You can view the most up-to-date tracking information here: https://amzn.to/track. If it doesn't arrive by tomorrow evening, please DM us with your order ID: https://amzn.to/dm ^DL",delivery_delay_and_tracking,AUTO_HANDLE,Standard transit buffer; directed customer to official live tracking.
conv_amzn_01098,AmazonHelp,conv_amzn_01098,"@AmazonHelp I was just charged $560.00 for Amazon Prime annual renewal today, but I forgot to cancel. Can I get a refund if I haven't used it?",Customer reaching out to @AmazonHelp regarding prime membership and billing.,"Yes! If you haven't used any Prime benefits since the renewal charge, you will automatically receive a full refund when you cancel at: https://amzn.to/manage-prime ^TB",prime_membership_and_billing,AUTO_HANDLE,Prorated/unused Prime auto-refund policy self-service guidance.
conv_amzn_01099,AmazonHelp,conv_amzn_01099,@AmazonHelp It has been 36 hours since my package #111-6900254-4193296 was marked delivered. I checked with neighbors and my building management. It is not here.,Customer reaching out to @AmazonHelp regarding missing or stolen package.,"Thank you for thoroughly checking around your property. Since 36 hours have passed, please DM us your order ID so our team can file a missing package claim and issue a replacement or refund: https://amzn.to/dm ^TB",missing_or_stolen_package,ESCALATE_TO_HUMAN,Waiting window expired and parcel missing; requires human claims specialist.
conv_amzn_01100,AmazonHelp,conv_amzn_01100,"@AmazonHelp Driver marked package attempted because they couldn't access the building gate, but no one buzzed my apartment 566!",Customer reaching out to @AmazonHelp regarding delivery delay and tracking.,"We're sorry for the inconvenience! Drivers will automatically re-attempt delivery on the next business day. You can add permanent gate codes in Your Account > Addresses: https://amzn.to/delivery-instructions. If urgent, DM us: https://amzn.to/dm ^JW",delivery_delay_and_tracking,AUTO_HANDLE,Gate access issue; self-service delivery instruction update provided.
conv_amzn_01101,AmazonHelp,conv_amzn_01101,@AmazonHelp I ordered a Keurig Coffee Maker ($288.99) and you sent me a box of coffee mugs! Order #113-2749320-7591900. This is a totally different item!,Customer reaching out to @AmazonHelp regarding damaged or incorrect item.,We sincerely apologize for this warehouse mix-up! Please DM us your order number so our fulfillment escalation team can investigate the inventory error and dispatch the correct item immediately: https://amzn.to/dm ^KL,damaged_or_incorrect_item,ESCALATE_TO_HUMAN,Severe inventory mispick requiring warehouse audit and expedited replacement.
conv_amzn_01102,AmazonHelp,conv_amzn_01102,@AmazonHelp I need an official tax invoice with VAT ID for my company purchase order #111-9294565-8084733.,Customer reaching out to @AmazonHelp regarding general product or policy inquiry.,You can download official tax invoices directly from Your Orders by clicking 'Invoice' on the order details page: https://amzn.to/your-orders ^DL,general_product_or_policy_inquiry,AUTO_HANDLE,Self-service business invoice download guidance.
conv_amzn_01103,AmazonHelp,conv_amzn_01103,"@AmazonHelp My Anker Portable Charger was promised for delivery by 2 PM today, but tracking shows it hasn't even left the facility. Order #113-2264419-6727245.",Customer reaching out to @AmazonHelp regarding delivery delay and tracking.,"We apologize for the delay! Carrier transit times can vary. You can view the most up-to-date tracking information here: https://amzn.to/track. If it doesn't arrive by tomorrow evening, please DM us with your order ID: https://amzn.to/dm ^SJ",delivery_delay_and_tracking,AUTO_HANDLE,Standard transit buffer; directed customer to official live tracking.
conv_amzn_01104,AmazonHelp,conv_amzn_01104,@AmazonHelp Order #112-1290684-3235588 contains urgent medical supplies for my family that was guaranteed yesterday. Where is the courier right now?,Customer reaching out to @AmazonHelp regarding delivery delay and tracking.,"We sincerely apologize for this critical delay. Given the urgency of these supplies, please DM us immediately so a priority dispatcher can coordinate with the local logistics hub: https://amzn.to/dm ^TB",delivery_delay_and_tracking,ESCALATE_TO_HUMAN,Time-critical urgent medical delivery requiring priority dispatcher intervention.
conv_amzn_01105,AmazonHelp,conv_amzn_01105,@AmazonHelp It has been 36 hours since my package #111-2221357-1099865 was marked delivered. I checked with neighbors and my building management. It is not here.,Customer reaching out to @AmazonHelp regarding missing or stolen package.,"Thank you for thoroughly checking around your property. Since 36 hours have passed, please DM us your order ID so our team can file a missing package claim and issue a replacement or refund: https://amzn.to/dm ^TB",missing_or_stolen_package,ESCALATE_TO_HUMAN,Waiting window expired and parcel missing; requires human claims specialist.
conv_amzn_01106,AmazonHelp,conv_amzn_01106,"@AmazonHelp I was just charged $65.50 for Amazon Prime annual renewal today, but I forgot to cancel. Can I get a refund if I haven't used it?",Customer reaching out to @AmazonHelp regarding prime membership and billing.,"Yes! If you haven't used any Prime benefits since the renewal charge, you will automatically receive a full refund when you cancel at: https://amzn.to/manage-prime ^SJ",prime_membership_and_billing,AUTO_HANDLE,Prorated/unused Prime auto-refund policy self-service guidance.
conv_amzn_01107,AmazonHelp,conv_amzn_01107,"@AmazonHelp It has been 18 days since your return center acknowledged receipt of my #111-4186660-8284566, but my refund of $494.50 is still not issued. Where is my money?",Customer reaching out to @AmazonHelp regarding return and refund status.,We apologize for the delay. Eighteen days exceeds our normal processing timeline. Please send us a DM with your order number so a billing specialist can review the return status and manually release your refund: https://amzn.to/dm ^AB,return_and_refund_status,ESCALATE_TO_HUMAN,Refund overdue beyond standard SLA (>14 days); requires manual finance clearance.
conv_amzn_01108,AmazonHelp,conv_amzn_01108,"@AmazonHelp The Amazon app sent a notification saying my Kindle Paperwhite was delivered to my front porch 25 minutes ago, but the porch is empty!",Customer reaching out to @AmazonHelp regarding missing or stolen package.,"Carriers sometimes scan packages just prior to walking up to the door. Please allow until the end of the day, and check with household members or side porches: https://amzn.to/find-missing. If still not found tomorrow, reach back out! ^DL",missing_or_stolen_package,AUTO_HANDLE,Scan occurred within past hour; standard buffer and safe spot search recommended.
conv_amzn_01109,AmazonHelp,conv_amzn_01109,@AmazonHelp I ordered a LEGO Star Wars Set ($134.99) and you sent me a box of plastic hangers! Order #112-4348678-2094452. This is a totally different item!,Customer reaching out to @AmazonHelp regarding damaged or incorrect item.,We sincerely apologize for this warehouse mix-up! Please DM us your order number so our fulfillment escalation team can investigate the inventory error and dispatch the correct item immediately: https://amzn.to/dm ^KL,damaged_or_incorrect_item,ESCALATE_TO_HUMAN,Severe inventory mispick requiring warehouse audit and expedited replacement.
conv_amzn_01110,AmazonHelp,conv_amzn_01110,@AmazonHelp Delivery photo shows a completely different apartment number (559) and a red doormat. I live in unit 545 and don't have a red mat!,Customer reaching out to @AmazonHelp regarding missing or stolen package.,"We apologize for the misdelivery! Please send us a direct message with your order number so we can review the courier photo, verify your unit, and process an immediate replacement: https://amzn.to/dm ^TB",missing_or_stolen_package,ESCALATE_TO_HUMAN,Photographic proof of misdelivery to wrong unit; requires replacement authorization.
conv_amzn_01111,AmazonHelp,conv_amzn_01111,@AmazonHelp Order #113-8943638-4916921 contains urgent medical supplies for my family that was guaranteed yesterday. Where is the courier right now?,Customer reaching out to @AmazonHelp regarding delivery delay and tracking.,"We sincerely apologize for this critical delay. Given the urgency of these supplies, please DM us immediately so a priority dispatcher can coordinate with the local logistics hub: https://amzn.to/dm ^AB",delivery_delay_and_tracking,ESCALATE_TO_HUMAN,Time-critical urgent medical delivery requiring priority dispatcher intervention.
conv_amzn_01112,AmazonHelp,conv_amzn_01112,"@AmazonHelp Driver marked package attempted because they couldn't access the building gate, but no one buzzed my apartment 177!",Customer reaching out to @AmazonHelp regarding delivery delay and tracking.,"We're sorry for the inconvenience! Drivers will automatically re-attempt delivery on the next business day. You can add permanent gate codes in Your Account > Addresses: https://amzn.to/delivery-instructions. If urgent, DM us: https://amzn.to/dm ^DL",delivery_delay_and_tracking,AUTO_HANDLE,Gate access issue; self-service delivery instruction update provided.
conv_amzn_01113,AmazonHelp,conv_amzn_01113,"@AmazonHelp It has been 18 days since your return center acknowledged receipt of my #114-1112010-9964115, but my refund of $540.50 is still not issued. Where is my money?",Customer reaching out to @AmazonHelp regarding return and refund status.,We apologize for the delay. Eighteen days exceeds our normal processing timeline. Please send us a DM with your order number so a billing specialist can review the return status and manually release your refund: https://amzn.to/dm ^KL,return_and_refund_status,ESCALATE_TO_HUMAN,Refund overdue beyond standard SLA (>14 days); requires manual finance clearance.
conv_amzn_01114,AmazonHelp,conv_amzn_01114,"@AmazonHelp Driver marked package attempted because they couldn't access the building gate, but no one buzzed my apartment 247!",Customer reaching out to @AmazonHelp regarding delivery delay and tracking.,"We're sorry for the inconvenience! Drivers will automatically re-attempt delivery on the next business day. You can add permanent gate codes in Your Account > Addresses: https://amzn.to/delivery-instructions. If urgent, DM us: https://amzn.to/dm ^MK",delivery_delay_and_tracking,AUTO_HANDLE,Gate access issue; self-service delivery instruction update provided.
conv_amzn_01115,AmazonHelp,conv_amzn_01115,"@AmazonHelp I was just charged $350.00 for Amazon Prime annual renewal today, but I forgot to cancel. Can I get a refund if I haven't used it?",Customer reaching out to @AmazonHelp regarding prime membership and billing.,"Yes! If you haven't used any Prime benefits since the renewal charge, you will automatically receive a full refund when you cancel at: https://amzn.to/manage-prime ^SJ",prime_membership_and_billing,AUTO_HANDLE,Prorated/unused Prime auto-refund policy self-service guidance.
conv_amzn_01116,AmazonHelp,conv_amzn_01116,@AmazonHelp Delivery photo shows a completely different apartment number (852) and a red doormat. I live in unit 706 and don't have a red mat!,Customer reaching out to @AmazonHelp regarding missing or stolen package.,"We apologize for the misdelivery! Please send us a direct message with your order number so we can review the courier photo, verify your unit, and process an immediate replacement: https://amzn.to/dm ^RG",missing_or_stolen_package,ESCALATE_TO_HUMAN,Photographic proof of misdelivery to wrong unit; requires replacement authorization.
conv_amzn_01117,AmazonHelp,conv_amzn_01117,"@AmazonHelp I was just charged $540.50 for Amazon Prime annual renewal today, but I forgot to cancel. Can I get a refund if I haven't used it?",Customer reaching out to @AmazonHelp regarding prime membership and billing.,"Yes! If you haven't used any Prime benefits since the renewal charge, you will automatically receive a full refund when you cancel at: https://amzn.to/manage-prime ^SJ",prime_membership_and_billing,AUTO_HANDLE,Prorated/unused Prime auto-refund policy self-service guidance.
conv_amzn_01118,AmazonHelp,conv_amzn_01118,@AmazonHelp I ordered a Sony Wireless Headphones ($366.50) and you sent me a box of plastic hangers! Order #112-7686663-1058813. This is a totally different item!,Customer reaching out to @AmazonHelp regarding damaged or incorrect item.,We sincerely apologize for this warehouse mix-up! Please DM us your order number so our fulfillment escalation team can investigate the inventory error and dispatch the correct item immediately: https://amzn.to/dm ^TB,damaged_or_incorrect_item,ESCALATE_TO_HUMAN,Severe inventory mispick requiring warehouse audit and expedited replacement.
conv_amzn_01119,AmazonHelp,conv_amzn_01119,"@AmazonHelp I was just charged $426.50 for Amazon Prime annual renewal today, but I forgot to cancel. Can I get a refund if I haven't used it?",Customer reaching out to @AmazonHelp regarding prime membership and billing.,"Yes! If you haven't used any Prime benefits since the renewal charge, you will automatically receive a full refund when you cancel at: https://amzn.to/manage-prime ^MK",prime_membership_and_billing,AUTO_HANDLE,Prorated/unused Prime auto-refund policy self-service guidance.
conv_amzn_01120,AmazonHelp,conv_amzn_01120,@AmazonHelp I dropped off my return of Dyson V8 Vacuum at Kohl's Drop-off on Tuesday. When should I expect the refund to appear on my credit card?,Customer reaching out to @AmazonHelp regarding return and refund status.,"Once the return is received, refunds typically take 3 to 5 business days to process back to your original payment method. You can track refund progress under Your Orders: https://amzn.to/refund-status ^RG",return_and_refund_status,AUTO_HANDLE,Standard banking processing timeline explanation.
conv_amzn_01121,AmazonHelp,conv_amzn_01121,@AmazonHelp I dropped off my return of Instant Pot Duo at Kohl's Drop-off on Tuesday. When should I expect the refund to appear on my credit card?,Customer reaching out to @AmazonHelp regarding return and refund status.,"Once the return is received, refunds typically take 3 to 5 business days to process back to your original payment method. You can track refund progress under Your Orders: https://amzn.to/refund-status ^TB",return_and_refund_status,AUTO_HANDLE,Standard banking processing timeline explanation.
conv_amzn_01122,AmazonHelp,conv_amzn_01122,"@AmazonHelp Tracking says 'Out for Delivery' since Saturday, but there have been no new updates for 4 days. Is my order #114-8689991-5468284 lost?",Customer reaching out to @AmazonHelp regarding delivery delay and tracking.,We understand your concern regarding the lack of tracking movement. Please send us a direct message with your order number and email address so we can initiate an investigation with the carrier: https://amzn.to/dm ^RG,delivery_delay_and_tracking,ESCALATE_TO_HUMAN,Carrier stall exceeding 48h SLA; requires human carrier tracing.
conv_amzn_01123,AmazonHelp,conv_amzn_01123,@AmazonHelp It has been 36 hours since my package #114-3589488-3321010 was marked delivered. I checked with neighbors and my building management. It is not here.,Customer reaching out to @AmazonHelp regarding missing or stolen package.,"Thank you for thoroughly checking around your property. Since 36 hours have passed, please DM us your order ID so our team can file a missing package claim and issue a replacement or refund: https://amzn.to/dm ^SJ",missing_or_stolen_package,ESCALATE_TO_HUMAN,Waiting window expired and parcel missing; requires human claims specialist.
conv_amzn_01124,AmazonHelp,conv_amzn_01124,"@AmazonHelp It has been 18 days since your return center acknowledged receipt of my #112-4353371-7596708, but my refund of $357.50 is still not issued. Where is my money?",Customer reaching out to @AmazonHelp regarding return and refund status.,We apologize for the delay. Eighteen days exceeds our normal processing timeline. Please send us a DM with your order number so a billing specialist can review the return status and manually release your refund: https://amzn.to/dm ^MK,return_and_refund_status,ESCALATE_TO_HUMAN,Refund overdue beyond standard SLA (>14 days); requires manual finance clearance.
conv_amzn_01125,AmazonHelp,conv_amzn_01125,@AmazonHelp I need an official tax invoice with VAT ID for my company purchase order #114-7790386-4756081.,Customer reaching out to @AmazonHelp regarding general product or policy inquiry.,You can download official tax invoices directly from Your Orders by clicking 'Invoice' on the order details page: https://amzn.to/your-orders ^DL,general_product_or_policy_inquiry,AUTO_HANDLE,Self-service business invoice download guidance.
conv_amzn_01126,AmazonHelp,conv_amzn_01126,"@AmazonHelp It has been 18 days since your return center acknowledged receipt of my #114-3010931-2254063, but my refund of $84.99 is still not issued. Where is my money?",Customer reaching out to @AmazonHelp regarding return and refund status.,We apologize for the delay. Eighteen days exceeds our normal processing timeline. Please send us a DM with your order number so a billing specialist can review the return status and manually release your refund: https://amzn.to/dm ^DL,return_and_refund_status,ESCALATE_TO_HUMAN,Refund overdue beyond standard SLA (>14 days); requires manual finance clearance.
conv_amzn_01127,AmazonHelp,conv_amzn_01127,@AmazonHelp I need an official tax invoice with VAT ID for my company purchase order #114-2462474-2857736.,Customer reaching out to @AmazonHelp regarding general product or policy inquiry.,You can download official tax invoices directly from Your Orders by clicking 'Invoice' on the order details page: https://amzn.to/your-orders ^RG,general_product_or_policy_inquiry,AUTO_HANDLE,Self-service business invoice download guidance.
conv_amzn_01128,AmazonHelp,conv_amzn_01128,"@AmazonHelp Tracking says 'Carrier picked up package' since Wednesday, but there have been no new updates for 4 days. Is my order #112-2425845-9586359 lost?",Customer reaching out to @AmazonHelp regarding delivery delay and tracking.,We understand your concern regarding the lack of tracking movement. Please send us a direct message with your order number and email address so we can initiate an investigation with the carrier: https://amzn.to/dm ^AB,delivery_delay_and_tracking,ESCALATE_TO_HUMAN,Carrier stall exceeding 48h SLA; requires human carrier tracing.
conv_amzn_01129,AmazonHelp,conv_amzn_01129,@AmazonHelp It has been 36 hours since my package #114-4726838-7968063 was marked delivered. I checked with neighbors and my building management. It is not here.,Customer reaching out to @AmazonHelp regarding missing or stolen package.,"Thank you for thoroughly checking around your property. Since 36 hours have passed, please DM us your order ID so our team can file a missing package claim and issue a replacement or refund: https://amzn.to/dm ^DL",missing_or_stolen_package,ESCALATE_TO_HUMAN,Waiting window expired and parcel missing; requires human claims specialist.
conv_amzn_01130,AmazonHelp,conv_amzn_01130,@AmazonHelp Delivery photo shows a completely different apartment number (747) and a red doormat. I live in unit 800 and don't have a red mat!,Customer reaching out to @AmazonHelp regarding missing or stolen package.,"We apologize for the misdelivery! Please send us a direct message with your order number so we can review the courier photo, verify your unit, and process an immediate replacement: https://amzn.to/dm ^SJ",missing_or_stolen_package,ESCALATE_TO_HUMAN,Photographic proof of misdelivery to wrong unit; requires replacement authorization.
conv_amzn_01131,AmazonHelp,conv_amzn_01131,@AmazonHelp Delivery photo shows a completely different apartment number (554) and a red doormat. I live in unit 689 and don't have a red mat!,Customer reaching out to @AmazonHelp regarding missing or stolen package.,"We apologize for the misdelivery! Please send us a direct message with your order number so we can review the courier photo, verify your unit, and process an immediate replacement: https://amzn.to/dm ^RG",missing_or_stolen_package,ESCALATE_TO_HUMAN,Photographic proof of misdelivery to wrong unit; requires replacement authorization.
conv_amzn_01132,AmazonHelp,conv_amzn_01132,@AmazonHelp I dropped off my return of Anker Portable Charger at The UPS Store on Thursday. When should I expect the refund to appear on my credit card?,Customer reaching out to @AmazonHelp regarding return and refund status.,"Once the return is received, refunds typically take 3 to 5 business days to process back to your original payment method. You can track refund progress under Your Orders: https://amzn.to/refund-status ^DL",return_and_refund_status,AUTO_HANDLE,Standard banking processing timeline explanation.
conv_amzn_01133,AmazonHelp,conv_amzn_01133,@AmazonHelp It has been 36 hours since my package #114-5250274-5128117 was marked delivered. I checked with neighbors and my building management. It is not here.,Customer reaching out to @AmazonHelp regarding missing or stolen package.,"Thank you for thoroughly checking around your property. Since 36 hours have passed, please DM us your order ID so our team can file a missing package claim and issue a replacement or refund: https://amzn.to/dm ^SJ",missing_or_stolen_package,ESCALATE_TO_HUMAN,Waiting window expired and parcel missing; requires human claims specialist.
conv_amzn_01134,AmazonHelp,conv_amzn_01134,"@AmazonHelp Tracking says 'Out for Delivery' since Friday, but there have been no new updates for 4 days. Is my order #111-3712199-3413843 lost?",Customer reaching out to @AmazonHelp regarding delivery delay and tracking.,We understand your concern regarding the lack of tracking movement. Please send us a direct message with your order number and email address so we can initiate an investigation with the carrier: https://amzn.to/dm ^AB,delivery_delay_and_tracking,ESCALATE_TO_HUMAN,Carrier stall exceeding 48h SLA; requires human carrier tracing.
conv_amzn_01135,AmazonHelp,conv_amzn_01135,"@AmazonHelp Driver marked package attempted because they couldn't access the building gate, but no one buzzed my apartment 579!",Customer reaching out to @AmazonHelp regarding delivery delay and tracking.,"We're sorry for the inconvenience! Drivers will automatically re-attempt delivery on the next business day. You can add permanent gate codes in Your Account > Addresses: https://amzn.to/delivery-instructions. If urgent, DM us: https://amzn.to/dm ^AB",delivery_delay_and_tracking,AUTO_HANDLE,Gate access issue; self-service delivery instruction update provided.
conv_amzn_01136,AmazonHelp,conv_amzn_01136,@AmazonHelp I need an official tax invoice with VAT ID for my company purchase order #113-2584553-1026973.,Customer reaching out to @AmazonHelp regarding general product or policy inquiry.,You can download official tax invoices directly from Your Orders by clicking 'Invoice' on the order details page: https://amzn.to/your-orders ^JW,general_product_or_policy_inquiry,AUTO_HANDLE,Self-service business invoice download guidance.
conv_amzn_01137,AmazonHelp,conv_amzn_01137,"@AmazonHelp I was just charged $30.50 for Amazon Prime annual renewal today, but I forgot to cancel. Can I get a refund if I haven't used it?",Customer reaching out to @AmazonHelp regarding prime membership and billing.,"Yes! If you haven't used any Prime benefits since the renewal charge, you will automatically receive a full refund when you cancel at: https://amzn.to/manage-prime ^RG",prime_membership_and_billing,AUTO_HANDLE,Prorated/unused Prime auto-refund policy self-service guidance.
conv_amzn_01138,AmazonHelp,conv_amzn_01138,"@AmazonHelp My Sony Wireless Headphones was promised for delivery by 8 PM today, but tracking shows it hasn't even left the facility. Order #113-5482678-7691617.",Customer reaching out to @AmazonHelp regarding delivery delay and tracking.,"We apologize for the delay! Carrier transit times can vary. You can view the most up-to-date tracking information here: https://amzn.to/track. If it doesn't arrive by tomorrow evening, please DM us with your order ID: https://amzn.to/dm ^MK",delivery_delay_and_tracking,AUTO_HANDLE,Standard transit buffer; directed customer to official live tracking.
conv_amzn_01139,AmazonHelp,conv_amzn_01139,"@AmazonHelp I was just charged $204.00 for Amazon Prime annual renewal today, but I forgot to cancel. Can I get a refund if I haven't used it?",Customer reaching out to @AmazonHelp regarding prime membership and billing.,"Yes! If you haven't used any Prime benefits since the renewal charge, you will automatically receive a full refund when you cancel at: https://amzn.to/manage-prime ^MK",prime_membership_and_billing,AUTO_HANDLE,Prorated/unused Prime auto-refund policy self-service guidance.
conv_amzn_01140,AmazonHelp,conv_amzn_01140,"@AmazonHelp Tracking says 'Departed facility' since Thursday, but there have been no new updates for 4 days. Is my order #114-7724274-8128137 lost?",Customer reaching out to @AmazonHelp regarding delivery delay and tracking.,We understand your concern regarding the lack of tracking movement. Please send us a direct message with your order number and email address so we can initiate an investigation with the carrier: https://amzn.to/dm ^JW,delivery_delay_and_tracking,ESCALATE_TO_HUMAN,Carrier stall exceeding 48h SLA; requires human carrier tracing.
conv_amzn_01141,AmazonHelp,conv_amzn_01141,"@AmazonHelp Driver marked package attempted because they couldn't access the building gate, but no one buzzed my apartment 455!",Customer reaching out to @AmazonHelp regarding delivery delay and tracking.,"We're sorry for the inconvenience! Drivers will automatically re-attempt delivery on the next business day. You can add permanent gate codes in Your Account > Addresses: https://amzn.to/delivery-instructions. If urgent, DM us: https://amzn.to/dm ^KL",delivery_delay_and_tracking,AUTO_HANDLE,Gate access issue; self-service delivery instruction update provided.
conv_amzn_01142,AmazonHelp,conv_amzn_01142,@AmazonHelp It has been 36 hours since my package #114-2701205-3322131 was marked delivered. I checked with neighbors and my building management. It is not here.,Customer reaching out to @AmazonHelp regarding missing or stolen package.,"Thank you for thoroughly checking around your property. Since 36 hours have passed, please DM us your order ID so our team can file a missing package claim and issue a replacement or refund: https://amzn.to/dm ^MK",missing_or_stolen_package,ESCALATE_TO_HUMAN,Waiting window expired and parcel missing; requires human claims specialist.
conv_amzn_01143,AmazonHelp,conv_amzn_01143,@AmazonHelp I need an official tax invoice with VAT ID for my company purchase order #112-3814107-8422010.,Customer reaching out to @AmazonHelp regarding general product or policy inquiry.,You can download official tax invoices directly from Your Orders by clicking 'Invoice' on the order details page: https://amzn.to/your-orders ^TB,general_product_or_policy_inquiry,AUTO_HANDLE,Self-service business invoice download guidance.
conv_amzn_01144,AmazonHelp,conv_amzn_01144,@AmazonHelp Delivery photo shows a completely different apartment number (703) and a red doormat. I live in unit 601 and don't have a red mat!,Customer reaching out to @AmazonHelp regarding missing or stolen package.,"We apologize for the misdelivery! Please send us a direct message with your order number so we can review the courier photo, verify your unit, and process an immediate replacement: https://amzn.to/dm ^MK",missing_or_stolen_package,ESCALATE_TO_HUMAN,Photographic proof of misdelivery to wrong unit; requires replacement authorization.
conv_amzn_01145,AmazonHelp,conv_amzn_01145,@AmazonHelp I dropped off my return of Ceramic Dinnerware Set at Whole Foods Market customer desk on Thursday. When should I expect the refund to appear on my credit card?,Customer reaching out to @AmazonHelp regarding return and refund status.,"Once the return is received, refunds typically take 3 to 5 business days to process back to your original payment method. You can track refund progress under Your Orders: https://amzn.to/refund-status ^SJ",return_and_refund_status,AUTO_HANDLE,Standard banking processing timeline explanation.
conv_amzn_01146,AmazonHelp,conv_amzn_01146,"@AmazonHelp The Amazon app sent a notification saying my Logitech Wireless Mouse was delivered to my front porch 25 minutes ago, but the porch is empty!",Customer reaching out to @AmazonHelp regarding missing or stolen package.,"Carriers sometimes scan packages just prior to walking up to the door. Please allow until the end of the day, and check with household members or side porches: https://amzn.to/find-missing. If still not found tomorrow, reach back out! ^TB",missing_or_stolen_package,AUTO_HANDLE,Scan occurred within past hour; standard buffer and safe spot search recommended.
conv_amzn_01147,AmazonHelp,conv_amzn_01147,@AmazonHelp It has been 36 hours since my package #111-2702611-7092515 was marked delivered. I checked with neighbors and my building management. It is not here.,Customer reaching out to @AmazonHelp regarding missing or stolen package.,"Thank you for thoroughly checking around your property. Since 36 hours have passed, please DM us your order ID so our team can file a missing package claim and issue a replacement or refund: https://amzn.to/dm ^TB",missing_or_stolen_package,ESCALATE_TO_HUMAN,Waiting window expired and parcel missing; requires human claims specialist.
conv_amzn_01148,AmazonHelp,conv_amzn_01148,"@AmazonHelp My Logitech Wireless Mouse was promised for delivery by 8 PM today, but tracking shows it hasn't even left the facility. Order #113-7157547-3999282.",Customer reaching out to @AmazonHelp regarding delivery delay and tracking.,"We apologize for the delay! Carrier transit times can vary. You can view the most up-to-date tracking information here: https://amzn.to/track. If it doesn't arrive by tomorrow evening, please DM us with your order ID: https://amzn.to/dm ^TB",delivery_delay_and_tracking,AUTO_HANDLE,Standard transit buffer; directed customer to official live tracking.
conv_amzn_01149,AmazonHelp,conv_amzn_01149,"@AmazonHelp Driver marked package attempted because they couldn't access the building gate, but no one buzzed my apartment 828!",Customer reaching out to @AmazonHelp regarding delivery delay and tracking.,"We're sorry for the inconvenience! Drivers will automatically re-attempt delivery on the next business day. You can add permanent gate codes in Your Account > Addresses: https://amzn.to/delivery-instructions. If urgent, DM us: https://amzn.to/dm ^DL",delivery_delay_and_tracking,AUTO_HANDLE,Gate access issue; self-service delivery instruction update provided.
conv_amzn_01150,AmazonHelp,conv_amzn_01150,"@AmazonHelp It has been 18 days since your return center acknowledged receipt of my #114-4319090-4307027, but my refund of $72.00 is still not issued. Where is my money?",Customer reaching out to @AmazonHelp regarding return and refund status.,We apologize for the delay. Eighteen days exceeds our normal processing timeline. Please send us a DM with your order number so a billing specialist can review the return status and manually release your refund: https://amzn.to/dm ^DL,return_and_refund_status,ESCALATE_TO_HUMAN,Refund overdue beyond standard SLA (>14 days); requires manual finance clearance.
conv_amzn_01151,AmazonHelp,conv_amzn_01151,"@AmazonHelp My Dyson V8 Vacuum was promised for delivery by 9 PM today, but tracking shows it hasn't even left the facility. Order #111-7076490-6664175.",Customer reaching out to @AmazonHelp regarding delivery delay and tracking.,"We apologize for the delay! Carrier transit times can vary. You can view the most up-to-date tracking information here: https://amzn.to/track. If it doesn't arrive by tomorrow evening, please DM us with your order ID: https://amzn.to/dm ^KL",delivery_delay_and_tracking,AUTO_HANDLE,Standard transit buffer; directed customer to official live tracking.
conv_amzn_01152,AmazonHelp,conv_amzn_01152,"@AmazonHelp I was just charged $639.50 for Amazon Prime annual renewal today, but I forgot to cancel. Can I get a refund if I haven't used it?",Customer reaching out to @AmazonHelp regarding prime membership and billing.,"Yes! If you haven't used any Prime benefits since the renewal charge, you will automatically receive a full refund when you cancel at: https://amzn.to/manage-prime ^KL",prime_membership_and_billing,AUTO_HANDLE,Prorated/unused Prime auto-refund policy self-service guidance.
conv_amzn_01153,AmazonHelp,conv_amzn_01153,"@AmazonHelp I was just charged $259.99 for Amazon Prime annual renewal today, but I forgot to cancel. Can I get a refund if I haven't used it?",Customer reaching out to @AmazonHelp regarding prime membership and billing.,"Yes! If you haven't used any Prime benefits since the renewal charge, you will automatically receive a full refund when you cancel at: https://amzn.to/manage-prime ^KL",prime_membership_and_billing,AUTO_HANDLE,Prorated/unused Prime auto-refund policy self-service guidance.
conv_amzn_01154,AmazonHelp,conv_amzn_01154,@AmazonHelp Delivery photo shows a completely different apartment number (894) and a red doormat. I live in unit 835 and don't have a red mat!,Customer reaching out to @AmazonHelp regarding missing or stolen package.,"We apologize for the misdelivery! Please send us a direct message with your order number so we can review the courier photo, verify your unit, and process an immediate replacement: https://amzn.to/dm ^TB",missing_or_stolen_package,ESCALATE_TO_HUMAN,Photographic proof of misdelivery to wrong unit; requires replacement authorization.
conv_amzn_01155,AmazonHelp,conv_amzn_01155,"@AmazonHelp It has been 18 days since your return center acknowledged receipt of my #112-6885405-3241991, but my refund of $452.99 is still not issued. Where is my money?",Customer reaching out to @AmazonHelp regarding return and refund status.,We apologize for the delay. Eighteen days exceeds our normal processing timeline. Please send us a DM with your order number so a billing specialist can review the return status and manually release your refund: https://amzn.to/dm ^SJ,return_and_refund_status,ESCALATE_TO_HUMAN,Refund overdue beyond standard SLA (>14 days); requires manual finance clearance.
conv_amzn_01156,AmazonHelp,conv_amzn_01156,@AmazonHelp I dropped off my return of Ceramic Dinnerware Set at Kohl's Drop-off on Monday. When should I expect the refund to appear on my credit card?,Customer reaching out to @AmazonHelp regarding return and refund status.,"Once the return is received, refunds typically take 3 to 5 business days to process back to your original payment method. You can track refund progress under Your Orders: https://amzn.to/refund-status ^MK",return_and_refund_status,AUTO_HANDLE,Standard banking processing timeline explanation.
conv_amzn_01157,AmazonHelp,conv_amzn_01157,@AmazonHelp I dropped off my return of LEGO Star Wars Set at The UPS Store on Saturday. When should I expect the refund to appear on my credit card?,Customer reaching out to @AmazonHelp regarding return and refund status.,"Once the return is received, refunds typically take 3 to 5 business days to process back to your original payment method. You can track refund progress under Your Orders: https://amzn.to/refund-status ^AB",return_and_refund_status,AUTO_HANDLE,Standard banking processing timeline explanation.
conv_amzn_01158,AmazonHelp,conv_amzn_01158,"@AmazonHelp My Levi's Denim Jacket was promised for delivery by 2 PM today, but tracking shows it hasn't even left the facility. Order #113-5629060-6297047.",Customer reaching out to @AmazonHelp regarding delivery delay and tracking.,"We apologize for the delay! Carrier transit times can vary. You can view the most up-to-date tracking information here: https://amzn.to/track. If it doesn't arrive by tomorrow evening, please DM us with your order ID: https://amzn.to/dm ^AB",delivery_delay_and_tracking,AUTO_HANDLE,Standard transit buffer; directed customer to official live tracking.
conv_amzn_01159,AmazonHelp,conv_amzn_01159,@AmazonHelp It has been 36 hours since my package #112-8392638-3052592 was marked delivered. I checked with neighbors and my building management. It is not here.,Customer reaching out to @AmazonHelp regarding missing or stolen package.,"Thank you for thoroughly checking around your property. Since 36 hours have passed, please DM us your order ID so our team can file a missing package claim and issue a replacement or refund: https://amzn.to/dm ^MK",missing_or_stolen_package,ESCALATE_TO_HUMAN,Waiting window expired and parcel missing; requires human claims specialist.
conv_amzn_01160,AmazonHelp,conv_amzn_01160,"@AmazonHelp Driver marked package attempted because they couldn't access the building gate, but no one buzzed my apartment 342!",Customer reaching out to @AmazonHelp regarding delivery delay and tracking.,"We're sorry for the inconvenience! Drivers will automatically re-attempt delivery on the next business day. You can add permanent gate codes in Your Account > Addresses: https://amzn.to/delivery-instructions. If urgent, DM us: https://amzn.to/dm ^DL",delivery_delay_and_tracking,AUTO_HANDLE,Gate access issue; self-service delivery instruction update provided.
conv_amzn_01161,AmazonHelp,conv_amzn_01161,"@AmazonHelp Tracking says 'In Transit' since Wednesday, but there have been no new updates for 4 days. Is my order #114-2394177-1007759 lost?",Customer reaching out to @AmazonHelp regarding delivery delay and tracking.,We understand your concern regarding the lack of tracking movement. Please send us a direct message with your order number and email address so we can initiate an investigation with the carrier: https://amzn.to/dm ^SJ,delivery_delay_and_tracking,ESCALATE_TO_HUMAN,Carrier stall exceeding 48h SLA; requires human carrier tracing.
conv_amzn_01162,AmazonHelp,conv_amzn_01162,"@AmazonHelp I was just charged $251.00 for Amazon Prime annual renewal today, but I forgot to cancel. Can I get a refund if I haven't used it?",Customer reaching out to @AmazonHelp regarding prime membership and billing.,"Yes! If you haven't used any Prime benefits since the renewal charge, you will automatically receive a full refund when you cancel at: https://amzn.to/manage-prime ^SJ",prime_membership_and_billing,AUTO_HANDLE,Prorated/unused Prime auto-refund policy self-service guidance.
conv_amzn_01163,AmazonHelp,conv_amzn_01163,"@AmazonHelp It has been 18 days since your return center acknowledged receipt of my #114-9594938-3335313, but my refund of $166.99 is still not issued. Where is my money?",Customer reaching out to @AmazonHelp regarding return and refund status.,We apologize for the delay. Eighteen days exceeds our normal processing timeline. Please send us a DM with your order number so a billing specialist can review the return status and manually release your refund: https://amzn.to/dm ^AB,return_and_refund_status,ESCALATE_TO_HUMAN,Refund overdue beyond standard SLA (>14 days); requires manual finance clearance.
conv_amzn_01164,AmazonHelp,conv_amzn_01164,"@AmazonHelp My LEGO Star Wars Set was promised for delivery by 8 PM today, but tracking shows it hasn't even left the facility. Order #112-2527638-1474357.",Customer reaching out to @AmazonHelp regarding delivery delay and tracking.,"We apologize for the delay! Carrier transit times can vary. You can view the most up-to-date tracking information here: https://amzn.to/track. If it doesn't arrive by tomorrow evening, please DM us with your order ID: https://amzn.to/dm ^JW",delivery_delay_and_tracking,AUTO_HANDLE,Standard transit buffer; directed customer to official live tracking.
conv_amzn_01165,AmazonHelp,conv_amzn_01165,"@AmazonHelp Tracking says 'Out for Delivery' since Friday, but there have been no new updates for 4 days. Is my order #114-8155690-2029199 lost?",Customer reaching out to @AmazonHelp regarding delivery delay and tracking.,We understand your concern regarding the lack of tracking movement. Please send us a direct message with your order number and email address so we can initiate an investigation with the carrier: https://amzn.to/dm ^KL,delivery_delay_and_tracking,ESCALATE_TO_HUMAN,Carrier stall exceeding 48h SLA; requires human carrier tracing.
conv_amzn_01166,AmazonHelp,conv_amzn_01166,"@AmazonHelp Tracking says 'Departed facility' since Wednesday, but there have been no new updates for 4 days. Is my order #111-3907307-7034481 lost?",Customer reaching out to @AmazonHelp regarding delivery delay and tracking.,We understand your concern regarding the lack of tracking movement. Please send us a direct message with your order number and email address so we can initiate an investigation with the carrier: https://amzn.to/dm ^KL,delivery_delay_and_tracking,ESCALATE_TO_HUMAN,Carrier stall exceeding 48h SLA; requires human carrier tracing.
conv_amzn_01167,AmazonHelp,conv_amzn_01167,@AmazonHelp It has been 36 hours since my package #112-5006497-1203728 was marked delivered. I checked with neighbors and my building management. It is not here.,Customer reaching out to @AmazonHelp regarding missing or stolen package.,"Thank you for thoroughly checking around your property. Since 36 hours have passed, please DM us your order ID so our team can file a missing package claim and issue a replacement or refund: https://amzn.to/dm ^DL",missing_or_stolen_package,ESCALATE_TO_HUMAN,Waiting window expired and parcel missing; requires human claims specialist.
conv_amzn_01168,AmazonHelp,conv_amzn_01168,"@AmazonHelp My Samsung 55-inch OLED TV was promised for delivery by 2 PM today, but tracking shows it hasn't even left the facility. Order #113-1568148-6750993.",Customer reaching out to @AmazonHelp regarding delivery delay and tracking.,"We apologize for the delay! Carrier transit times can vary. You can view the most up-to-date tracking information here: https://amzn.to/track. If it doesn't arrive by tomorrow evening, please DM us with your order ID: https://amzn.to/dm ^KL",delivery_delay_and_tracking,AUTO_HANDLE,Standard transit buffer; directed customer to official live tracking.
conv_amzn_01169,AmazonHelp,conv_amzn_01169,@AmazonHelp I ordered a Levi's Denim Jacket ($176.00) and you sent me a box of coffee mugs! Order #111-2838189-9356962. This is a totally different item!,Customer reaching out to @AmazonHelp regarding damaged or incorrect item.,We sincerely apologize for this warehouse mix-up! Please DM us your order number so our fulfillment escalation team can investigate the inventory error and dispatch the correct item immediately: https://amzn.to/dm ^SJ,damaged_or_incorrect_item,ESCALATE_TO_HUMAN,Severe inventory mispick requiring warehouse audit and expedited replacement.
conv_amzn_01170,AmazonHelp,conv_amzn_01170,@AmazonHelp Delivery photo shows a completely different apartment number (652) and a red doormat. I live in unit 696 and don't have a red mat!,Customer reaching out to @AmazonHelp regarding missing or stolen package.,"We apologize for the misdelivery! Please send us a direct message with your order number so we can review the courier photo, verify your unit, and process an immediate replacement: https://amzn.to/dm ^RG",missing_or_stolen_package,ESCALATE_TO_HUMAN,Photographic proof of misdelivery to wrong unit; requires replacement authorization.
conv_amzn_01171,AmazonHelp,conv_amzn_01171,@AmazonHelp Delivery photo shows a completely different apartment number (816) and a red doormat. I live in unit 787 and don't have a red mat!,Customer reaching out to @AmazonHelp regarding missing or stolen package.,"We apologize for the misdelivery! Please send us a direct message with your order number so we can review the courier photo, verify your unit, and process an immediate replacement: https://amzn.to/dm ^RG",missing_or_stolen_package,ESCALATE_TO_HUMAN,Photographic proof of misdelivery to wrong unit; requires replacement authorization.
conv_amzn_01172,AmazonHelp,conv_amzn_01172,"@AmazonHelp It has been 18 days since your return center acknowledged receipt of my #112-6648974-3908072, but my refund of $590.99 is still not issued. Where is my money?",Customer reaching out to @AmazonHelp regarding return and refund status.,We apologize for the delay. Eighteen days exceeds our normal processing timeline. Please send us a DM with your order number so a billing specialist can review the return status and manually release your refund: https://amzn.to/dm ^SJ,return_and_refund_status,ESCALATE_TO_HUMAN,Refund overdue beyond standard SLA (>14 days); requires manual finance clearance.
conv_amzn_01173,AmazonHelp,conv_amzn_01173,@AmazonHelp I dropped off my return of Logitech Wireless Mouse at The UPS Store on Thursday. When should I expect the refund to appear on my credit card?,Customer reaching out to @AmazonHelp regarding return and refund status.,"Once the return is received, refunds typically take 3 to 5 business days to process back to your original payment method. You can track refund progress under Your Orders: https://amzn.to/refund-status ^TB",return_and_refund_status,AUTO_HANDLE,Standard banking processing timeline explanation.
conv_amzn_01174,AmazonHelp,conv_amzn_01174,@AmazonHelp It has been 36 hours since my package #112-6384623-6041573 was marked delivered. I checked with neighbors and my building management. It is not here.,Customer reaching out to @AmazonHelp regarding missing or stolen package.,"Thank you for thoroughly checking around your property. Since 36 hours have passed, please DM us your order ID so our team can file a missing package claim and issue a replacement or refund: https://amzn.to/dm ^SJ",missing_or_stolen_package,ESCALATE_TO_HUMAN,Waiting window expired and parcel missing; requires human claims specialist.
conv_amzn_01175,AmazonHelp,conv_amzn_01175,"@AmazonHelp It has been 18 days since your return center acknowledged receipt of my #112-9320708-7272231, but my refund of $255.00 is still not issued. Where is my money?",Customer reaching out to @AmazonHelp regarding return and refund status.,We apologize for the delay. Eighteen days exceeds our normal processing timeline. Please send us a DM with your order number so a billing specialist can review the return status and manually release your refund: https://amzn.to/dm ^TB,return_and_refund_status,ESCALATE_TO_HUMAN,Refund overdue beyond standard SLA (>14 days); requires manual finance clearance.
conv_amzn_01176,AmazonHelp,conv_amzn_01176,"@AmazonHelp I was just charged $500.50 for Amazon Prime annual renewal today, but I forgot to cancel. Can I get a refund if I haven't used it?",Customer reaching out to @AmazonHelp regarding prime membership and billing.,"Yes! If you haven't used any Prime benefits since the renewal charge, you will automatically receive a full refund when you cancel at: https://amzn.to/manage-prime ^MK",prime_membership_and_billing,AUTO_HANDLE,Prorated/unused Prime auto-refund policy self-service guidance.
conv_amzn_01177,AmazonHelp,conv_amzn_01177,"@AmazonHelp I was just charged $141.99 for Amazon Prime annual renewal today, but I forgot to cancel. Can I get a refund if I haven't used it?",Customer reaching out to @AmazonHelp regarding prime membership and billing.,"Yes! If you haven't used any Prime benefits since the renewal charge, you will automatically receive a full refund when you cancel at: https://amzn.to/manage-prime ^JW",prime_membership_and_billing,AUTO_HANDLE,Prorated/unused Prime auto-refund policy self-service guidance.
conv_amzn_01178,AmazonHelp,conv_amzn_01178,@AmazonHelp I ordered a Fitbit Charge 6 ($256.00) and you sent me a box of baby wipes! Order #112-9748508-5958614. This is a totally different item!,Customer reaching out to @AmazonHelp regarding damaged or incorrect item.,We sincerely apologize for this warehouse mix-up! Please DM us your order number so our fulfillment escalation team can investigate the inventory error and dispatch the correct item immediately: https://amzn.to/dm ^SJ,damaged_or_incorrect_item,ESCALATE_TO_HUMAN,Severe inventory mispick requiring warehouse audit and expedited replacement.
conv_amzn_01179,AmazonHelp,conv_amzn_01179,@AmazonHelp I dropped off my return of Anker Portable Charger at Whole Foods Market customer desk on Saturday. When should I expect the refund to appear on my credit card?,Customer reaching out to @AmazonHelp regarding return and refund status.,"Once the return is received, refunds typically take 3 to 5 business days to process back to your original payment method. You can track refund progress under Your Orders: https://amzn.to/refund-status ^DL",return_and_refund_status,AUTO_HANDLE,Standard banking processing timeline explanation.
conv_amzn_01180,AmazonHelp,conv_amzn_01180,"@AmazonHelp Tracking says 'Departed facility' since Monday, but there have been no new updates for 4 days. Is my order #113-9051902-5110191 lost?",Customer reaching out to @AmazonHelp regarding delivery delay and tracking.,We understand your concern regarding the lack of tracking movement. Please send us a direct message with your order number and email address so we can initiate an investigation with the carrier: https://amzn.to/dm ^JW,delivery_delay_and_tracking,ESCALATE_TO_HUMAN,Carrier stall exceeding 48h SLA; requires human carrier tracing.
conv_amzn_01181,AmazonHelp,conv_amzn_01181,@AmazonHelp Delivery photo shows a completely different apartment number (538) and a red doormat. I live in unit 408 and don't have a red mat!,Customer reaching out to @AmazonHelp regarding missing or stolen package.,"We apologize for the misdelivery! Please send us a direct message with your order number so we can review the courier photo, verify your unit, and process an immediate replacement: https://amzn.to/dm ^MK",missing_or_stolen_package,ESCALATE_TO_HUMAN,Photographic proof of misdelivery to wrong unit; requires replacement authorization.
conv_amzn_01182,AmazonHelp,conv_amzn_01182,"@AmazonHelp Driver marked package attempted because they couldn't access the building gate, but no one buzzed my apartment 632!",Customer reaching out to @AmazonHelp regarding delivery delay and tracking.,"We're sorry for the inconvenience! Drivers will automatically re-attempt delivery on the next business day. You can add permanent gate codes in Your Account > Addresses: https://amzn.to/delivery-instructions. If urgent, DM us: https://amzn.to/dm ^DL",delivery_delay_and_tracking,AUTO_HANDLE,Gate access issue; self-service delivery instruction update provided.
conv_amzn_01183,AmazonHelp,conv_amzn_01183,"@AmazonHelp My Logitech Wireless Mouse was promised for delivery by 2 PM today, but tracking shows it hasn't even left the facility. Order #114-5432143-9856022.",Customer reaching out to @AmazonHelp regarding delivery delay and tracking.,"We apologize for the delay! Carrier transit times can vary. You can view the most up-to-date tracking information here: https://amzn.to/track. If it doesn't arrive by tomorrow evening, please DM us with your order ID: https://amzn.to/dm ^TB",delivery_delay_and_tracking,AUTO_HANDLE,Standard transit buffer; directed customer to official live tracking.
conv_amzn_01184,AmazonHelp,conv_amzn_01184,"@AmazonHelp It has been 18 days since your return center acknowledged receipt of my #114-2298843-5650840, but my refund of $64.99 is still not issued. Where is my money?",Customer reaching out to @AmazonHelp regarding return and refund status.,We apologize for the delay. Eighteen days exceeds our normal processing timeline. Please send us a DM with your order number so a billing specialist can review the return status and manually release your refund: https://amzn.to/dm ^KL,return_and_refund_status,ESCALATE_TO_HUMAN,Refund overdue beyond standard SLA (>14 days); requires manual finance clearance.
conv_amzn_01185,AmazonHelp,conv_amzn_01185,@AmazonHelp Order #114-7777750-3521199 contains urgent medical supplies for my family that was guaranteed yesterday. Where is the courier right now?,Customer reaching out to @AmazonHelp regarding delivery delay and tracking.,"We sincerely apologize for this critical delay. Given the urgency of these supplies, please DM us immediately so a priority dispatcher can coordinate with the local logistics hub: https://amzn.to/dm ^TB",delivery_delay_and_tracking,ESCALATE_TO_HUMAN,Time-critical urgent medical delivery requiring priority dispatcher intervention.
conv_amzn_01186,AmazonHelp,conv_amzn_01186,@AmazonHelp I need an official tax invoice with VAT ID for my company purchase order #112-1229074-1479586.,Customer reaching out to @AmazonHelp regarding general product or policy inquiry.,You can download official tax invoices directly from Your Orders by clicking 'Invoice' on the order details page: https://amzn.to/your-orders ^TB,general_product_or_policy_inquiry,AUTO_HANDLE,Self-service business invoice download guidance.
conv_amzn_01187,AmazonHelp,conv_amzn_01187,@AmazonHelp Delivery photo shows a completely different apartment number (886) and a red doormat. I live in unit 744 and don't have a red mat!,Customer reaching out to @AmazonHelp regarding missing or stolen package.,"We apologize for the misdelivery! Please send us a direct message with your order number so we can review the courier photo, verify your unit, and process an immediate replacement: https://amzn.to/dm ^SJ",missing_or_stolen_package,ESCALATE_TO_HUMAN,Photographic proof of misdelivery to wrong unit; requires replacement authorization.
conv_amzn_01188,AmazonHelp,conv_amzn_01188,"@AmazonHelp My Anker Portable Charger was promised for delivery by 5 PM today, but tracking shows it hasn't even left the facility. Order #111-1652786-2466847.",Customer reaching out to @AmazonHelp regarding delivery delay and tracking.,"We apologize for the delay! Carrier transit times can vary. You can view the most up-to-date tracking information here: https://amzn.to/track. If it doesn't arrive by tomorrow evening, please DM us with your order ID: https://amzn.to/dm ^RG",delivery_delay_and_tracking,AUTO_HANDLE,Standard transit buffer; directed customer to official live tracking.
conv_amzn_01189,AmazonHelp,conv_amzn_01189,@AmazonHelp Delivery photo shows a completely different apartment number (123) and a red doormat. I live in unit 410 and don't have a red mat!,Customer reaching out to @AmazonHelp regarding missing or stolen package.,"We apologize for the misdelivery! Please send us a direct message with your order number so we can review the courier photo, verify your unit, and process an immediate replacement: https://amzn.to/dm ^RG",missing_or_stolen_package,ESCALATE_TO_HUMAN,Photographic proof of misdelivery to wrong unit; requires replacement authorization.
conv_amzn_01190,AmazonHelp,conv_amzn_01190,"@AmazonHelp Tracking says 'Out for Delivery' since Wednesday, but there have been no new updates for 4 days. Is my order #112-5267183-4161536 lost?",Customer reaching out to @AmazonHelp regarding delivery delay and tracking.,We understand your concern regarding the lack of tracking movement. Please send us a direct message with your order number and email address so we can initiate an investigation with the carrier: https://amzn.to/dm ^JW,delivery_delay_and_tracking,ESCALATE_TO_HUMAN,Carrier stall exceeding 48h SLA; requires human carrier tracing.
conv_amzn_01191,AmazonHelp,conv_amzn_01191,@AmazonHelp It has been 36 hours since my package #113-6752525-9210148 was marked delivered. I checked with neighbors and my building management. It is not here.,Customer reaching out to @AmazonHelp regarding missing or stolen package.,"Thank you for thoroughly checking around your property. Since 36 hours have passed, please DM us your order ID so our team can file a missing package claim and issue a replacement or refund: https://amzn.to/dm ^DL",missing_or_stolen_package,ESCALATE_TO_HUMAN,Waiting window expired and parcel missing; requires human claims specialist.
conv_amzn_01192,AmazonHelp,conv_amzn_01192,@AmazonHelp I need an official tax invoice with VAT ID for my company purchase order #111-7763951-7742206.,Customer reaching out to @AmazonHelp regarding general product or policy inquiry.,You can download official tax invoices directly from Your Orders by clicking 'Invoice' on the order details page: https://amzn.to/your-orders ^DL,general_product_or_policy_inquiry,AUTO_HANDLE,Self-service business invoice download guidance.
conv_amzn_01193,AmazonHelp,conv_amzn_01193,@AmazonHelp I dropped off my return of Instant Pot Duo at The UPS Store on Friday. When should I expect the refund to appear on my credit card?,Customer reaching out to @AmazonHelp regarding return and refund status.,"Once the return is received, refunds typically take 3 to 5 business days to process back to your original payment method. You can track refund progress under Your Orders: https://amzn.to/refund-status ^DL",return_and_refund_status,AUTO_HANDLE,Standard banking processing timeline explanation.
conv_amzn_01194,AmazonHelp,conv_amzn_01194,"@AmazonHelp My Fitbit Charge 6 was promised for delivery by 2 PM today, but tracking shows it hasn't even left the facility. Order #112-1350011-6149270.",Customer reaching out to @AmazonHelp regarding delivery delay and tracking.,"We apologize for the delay! Carrier transit times can vary. You can view the most up-to-date tracking information here: https://amzn.to/track. If it doesn't arrive by tomorrow evening, please DM us with your order ID: https://amzn.to/dm ^TB",delivery_delay_and_tracking,AUTO_HANDLE,Standard transit buffer; directed customer to official live tracking.
conv_amzn_01195,AmazonHelp,conv_amzn_01195,"@AmazonHelp My Levi's Denim Jacket was promised for delivery by 8 PM today, but tracking shows it hasn't even left the facility. Order #112-5190745-1902325.",Customer reaching out to @AmazonHelp regarding delivery delay and tracking.,"We apologize for the delay! Carrier transit times can vary. You can view the most up-to-date tracking information here: https://amzn.to/track. If it doesn't arrive by tomorrow evening, please DM us with your order ID: https://amzn.to/dm ^DL",delivery_delay_and_tracking,AUTO_HANDLE,Standard transit buffer; directed customer to official live tracking.
conv_amzn_01196,AmazonHelp,conv_amzn_01196,"@AmazonHelp Tracking says 'In Transit' since Friday, but there have been no new updates for 4 days. Is my order #114-8090363-7959833 lost?",Customer reaching out to @AmazonHelp regarding delivery delay and tracking.,We understand your concern regarding the lack of tracking movement. Please send us a direct message with your order number and email address so we can initiate an investigation with the carrier: https://amzn.to/dm ^DL,delivery_delay_and_tracking,ESCALATE_TO_HUMAN,Carrier stall exceeding 48h SLA; requires human carrier tracing.
conv_amzn_01197,AmazonHelp,conv_amzn_01197,"@AmazonHelp It has been 18 days since your return center acknowledged receipt of my #114-9163894-5306714, but my refund of $295.50 is still not issued. Where is my money?",Customer reaching out to @AmazonHelp regarding return and refund status.,We apologize for the delay. Eighteen days exceeds our normal processing timeline. Please send us a DM with your order number so a billing specialist can review the return status and manually release your refund: https://amzn.to/dm ^JW,return_and_refund_status,ESCALATE_TO_HUMAN,Refund overdue beyond standard SLA (>14 days); requires manual finance clearance.
conv_amzn_01198,AmazonHelp,conv_amzn_01198,@AmazonHelp I ordered a Ninja Air Fryer ($130.50) and you sent me a box of baby wipes! Order #112-3030019-1333969. This is a totally different item!,Customer reaching out to @AmazonHelp regarding damaged or incorrect item.,We sincerely apologize for this warehouse mix-up! Please DM us your order number so our fulfillment escalation team can investigate the inventory error and dispatch the correct item immediately: https://amzn.to/dm ^SJ,damaged_or_incorrect_item,ESCALATE_TO_HUMAN,Severe inventory mispick requiring warehouse audit and expedited replacement.
conv_amzn_01199,AmazonHelp,conv_amzn_01199,"@AmazonHelp Driver marked package attempted because they couldn't access the building gate, but no one buzzed my apartment 270!",Customer reaching out to @AmazonHelp regarding delivery delay and tracking.,"We're sorry for the inconvenience! Drivers will automatically re-attempt delivery on the next business day. You can add permanent gate codes in Your Account > Addresses: https://amzn.to/delivery-instructions. If urgent, DM us: https://amzn.to/dm ^AB",delivery_delay_and_tracking,AUTO_HANDLE,Gate access issue; self-service delivery instruction update provided.
conv_amzn_01200,AmazonHelp,conv_amzn_01200,"@AmazonHelp Driver marked package attempted because they couldn't access the building gate, but no one buzzed my apartment 702!",Customer reaching out to @AmazonHelp regarding delivery delay and tracking.,"We're sorry for the inconvenience! Drivers will automatically re-attempt delivery on the next business day. You can add permanent gate codes in Your Account > Addresses: https://amzn.to/delivery-instructions. If urgent, DM us: https://amzn.to/dm ^SJ",delivery_delay_and_tracking,AUTO_HANDLE,Gate access issue; self-service delivery instruction update provided.
conv_amzn_01201,AmazonHelp,conv_amzn_01201,@AmazonHelp Order #114-1758851-9510573 contains urgent medical supplies for my family that was guaranteed yesterday. Where is the courier right now?,Customer reaching out to @AmazonHelp regarding delivery delay and tracking.,"We sincerely apologize for this critical delay. Given the urgency of these supplies, please DM us immediately so a priority dispatcher can coordinate with the local logistics hub: https://amzn.to/dm ^AB",delivery_delay_and_tracking,ESCALATE_TO_HUMAN,Time-critical urgent medical delivery requiring priority dispatcher intervention.
conv_amzn_01202,AmazonHelp,conv_amzn_01202,@AmazonHelp I dropped off my return of Ninja Air Fryer at Amazon Locker on Tuesday. When should I expect the refund to appear on my credit card?,Customer reaching out to @AmazonHelp regarding return and refund status.,"Once the return is received, refunds typically take 3 to 5 business days to process back to your original payment method. You can track refund progress under Your Orders: https://amzn.to/refund-status ^RG",return_and_refund_status,AUTO_HANDLE,Standard banking processing timeline explanation.
conv_amzn_01203,AmazonHelp,conv_amzn_01203,"@AmazonHelp It has been 18 days since your return center acknowledged receipt of my #112-4020625-1543789, but my refund of $27.00 is still not issued. Where is my money?",Customer reaching out to @AmazonHelp regarding return and refund status.,We apologize for the delay. Eighteen days exceeds our normal processing timeline. Please send us a DM with your order number so a billing specialist can review the return status and manually release your refund: https://amzn.to/dm ^RG,return_and_refund_status,ESCALATE_TO_HUMAN,Refund overdue beyond standard SLA (>14 days); requires manual finance clearance.
conv_amzn_01204,AmazonHelp,conv_amzn_01204,@AmazonHelp Delivery photo shows a completely different apartment number (177) and a red doormat. I live in unit 144 and don't have a red mat!,Customer reaching out to @AmazonHelp regarding missing or stolen package.,"We apologize for the misdelivery! Please send us a direct message with your order number so we can review the courier photo, verify your unit, and process an immediate replacement: https://amzn.to/dm ^MK",missing_or_stolen_package,ESCALATE_TO_HUMAN,Photographic proof of misdelivery to wrong unit; requires replacement authorization.
conv_amzn_01205,AmazonHelp,conv_amzn_01205,@AmazonHelp I ordered a Logitech Wireless Mouse ($462.00) and you sent me a box of pack of socks! Order #112-2969319-2561766. This is a totally different item!,Customer reaching out to @AmazonHelp regarding damaged or incorrect item.,We sincerely apologize for this warehouse mix-up! Please DM us your order number so our fulfillment escalation team can investigate the inventory error and dispatch the correct item immediately: https://amzn.to/dm ^MK,damaged_or_incorrect_item,ESCALATE_TO_HUMAN,Severe inventory mispick requiring warehouse audit and expedited replacement.
conv_amzn_01206,AmazonHelp,conv_amzn_01206,@AmazonHelp It has been 36 hours since my package #114-5685290-3845669 was marked delivered. I checked with neighbors and my building management. It is not here.,Customer reaching out to @AmazonHelp regarding missing or stolen package.,"Thank you for thoroughly checking around your property. Since 36 hours have passed, please DM us your order ID so our team can file a missing package claim and issue a replacement or refund: https://amzn.to/dm ^JW",missing_or_stolen_package,ESCALATE_TO_HUMAN,Waiting window expired and parcel missing; requires human claims specialist.
conv_amzn_01207,AmazonHelp,conv_amzn_01207,"@AmazonHelp It has been 18 days since your return center acknowledged receipt of my #114-9874555-3938369, but my refund of $248.99 is still not issued. Where is my money?",Customer reaching out to @AmazonHelp regarding return and refund status.,We apologize for the delay. Eighteen days exceeds our normal processing timeline. Please send us a DM with your order number so a billing specialist can review the return status and manually release your refund: https://amzn.to/dm ^SJ,return_and_refund_status,ESCALATE_TO_HUMAN,Refund overdue beyond standard SLA (>14 days); requires manual finance clearance.
conv_amzn_01208,AmazonHelp,conv_amzn_01208,"@AmazonHelp It has been 18 days since your return center acknowledged receipt of my #113-3165828-4159700, but my refund of $309.99 is still not issued. Where is my money?",Customer reaching out to @AmazonHelp regarding return and refund status.,We apologize for the delay. Eighteen days exceeds our normal processing timeline. Please send us a DM with your order number so a billing specialist can review the return status and manually release your refund: https://amzn.to/dm ^AB,return_and_refund_status,ESCALATE_TO_HUMAN,Refund overdue beyond standard SLA (>14 days); requires manual finance clearance.
conv_amzn_01209,AmazonHelp,conv_amzn_01209,@AmazonHelp Delivery photo shows a completely different apartment number (281) and a red doormat. I live in unit 489 and don't have a red mat!,Customer reaching out to @AmazonHelp regarding missing or stolen package.,"We apologize for the misdelivery! Please send us a direct message with your order number so we can review the courier photo, verify your unit, and process an immediate replacement: https://amzn.to/dm ^AB",missing_or_stolen_package,ESCALATE_TO_HUMAN,Photographic proof of misdelivery to wrong unit; requires replacement authorization.
conv_amzn_01210,AmazonHelp,conv_amzn_01210,@AmazonHelp I ordered a Levi's Denim Jacket ($606.99) and you sent me a box of plastic hangers! Order #111-8016538-1628860. This is a totally different item!,Customer reaching out to @AmazonHelp regarding damaged or incorrect item.,We sincerely apologize for this warehouse mix-up! Please DM us your order number so our fulfillment escalation team can investigate the inventory error and dispatch the correct item immediately: https://amzn.to/dm ^JW,damaged_or_incorrect_item,ESCALATE_TO_HUMAN,Severe inventory mispick requiring warehouse audit and expedited replacement.
conv_amzn_01211,AmazonHelp,conv_amzn_01211,"@AmazonHelp Driver marked package attempted because they couldn't access the building gate, but no one buzzed my apartment 279!",Customer reaching out to @AmazonHelp regarding delivery delay and tracking.,"We're sorry for the inconvenience! Drivers will automatically re-attempt delivery on the next business day. You can add permanent gate codes in Your Account > Addresses: https://amzn.to/delivery-instructions. If urgent, DM us: https://amzn.to/dm ^MK",delivery_delay_and_tracking,AUTO_HANDLE,Gate access issue; self-service delivery instruction update provided.
conv_amzn_01212,AmazonHelp,conv_amzn_01212,@AmazonHelp It has been 36 hours since my package #114-9797538-7787861 was marked delivered. I checked with neighbors and my building management. It is not here.,Customer reaching out to @AmazonHelp regarding missing or stolen package.,"Thank you for thoroughly checking around your property. Since 36 hours have passed, please DM us your order ID so our team can file a missing package claim and issue a replacement or refund: https://amzn.to/dm ^DL",missing_or_stolen_package,ESCALATE_TO_HUMAN,Waiting window expired and parcel missing; requires human claims specialist.
conv_amzn_01213,AmazonHelp,conv_amzn_01213,"@AmazonHelp Driver marked package attempted because they couldn't access the building gate, but no one buzzed my apartment 494!",Customer reaching out to @AmazonHelp regarding delivery delay and tracking.,"We're sorry for the inconvenience! Drivers will automatically re-attempt delivery on the next business day. You can add permanent gate codes in Your Account > Addresses: https://amzn.to/delivery-instructions. If urgent, DM us: https://amzn.to/dm ^KL",delivery_delay_and_tracking,AUTO_HANDLE,Gate access issue; self-service delivery instruction update provided.
conv_amzn_01214,AmazonHelp,conv_amzn_01214,"@AmazonHelp Driver marked package attempted because they couldn't access the building gate, but no one buzzed my apartment 219!",Customer reaching out to @AmazonHelp regarding delivery delay and tracking.,"We're sorry for the inconvenience! Drivers will automatically re-attempt delivery on the next business day. You can add permanent gate codes in Your Account > Addresses: https://amzn.to/delivery-instructions. If urgent, DM us: https://amzn.to/dm ^SJ",delivery_delay_and_tracking,AUTO_HANDLE,Gate access issue; self-service delivery instruction update provided.
conv_amzn_01215,AmazonHelp,conv_amzn_01215,@AmazonHelp It has been 36 hours since my package #114-1868059-1233477 was marked delivered. I checked with neighbors and my building management. It is not here.,Customer reaching out to @AmazonHelp regarding missing or stolen package.,"Thank you for thoroughly checking around your property. Since 36 hours have passed, please DM us your order ID so our team can file a missing package claim and issue a replacement or refund: https://amzn.to/dm ^MK",missing_or_stolen_package,ESCALATE_TO_HUMAN,Waiting window expired and parcel missing; requires human claims specialist.
conv_amzn_01216,AmazonHelp,conv_amzn_01216,"@AmazonHelp I was just charged $215.99 for Amazon Prime annual renewal today, but I forgot to cancel. Can I get a refund if I haven't used it?",Customer reaching out to @AmazonHelp regarding prime membership and billing.,"Yes! If you haven't used any Prime benefits since the renewal charge, you will automatically receive a full refund when you cancel at: https://amzn.to/manage-prime ^TB",prime_membership_and_billing,AUTO_HANDLE,Prorated/unused Prime auto-refund policy self-service guidance.
conv_amzn_01217,AmazonHelp,conv_amzn_01217,@AmazonHelp It has been 36 hours since my package #113-2204457-2223200 was marked delivered. I checked with neighbors and my building management. It is not here.,Customer reaching out to @AmazonHelp regarding missing or stolen package.,"Thank you for thoroughly checking around your property. Since 36 hours have passed, please DM us your order ID so our team can file a missing package claim and issue a replacement or refund: https://amzn.to/dm ^AB",missing_or_stolen_package,ESCALATE_TO_HUMAN,Waiting window expired and parcel missing; requires human claims specialist.
conv_amzn_01218,AmazonHelp,conv_amzn_01218,@AmazonHelp Delivery photo shows a completely different apartment number (637) and a red doormat. I live in unit 771 and don't have a red mat!,Customer reaching out to @AmazonHelp regarding missing or stolen package.,"We apologize for the misdelivery! Please send us a direct message with your order number so we can review the courier photo, verify your unit, and process an immediate replacement: https://amzn.to/dm ^KL",missing_or_stolen_package,ESCALATE_TO_HUMAN,Photographic proof of misdelivery to wrong unit; requires replacement authorization.
conv_amzn_01219,AmazonHelp,conv_amzn_01219,@AmazonHelp Order #112-4741192-6191554 contains urgent medical supplies for my family that was guaranteed yesterday. Where is the courier right now?,Customer reaching out to @AmazonHelp regarding delivery delay and tracking.,"We sincerely apologize for this critical delay. Given the urgency of these supplies, please DM us immediately so a priority dispatcher can coordinate with the local logistics hub: https://amzn.to/dm ^JW",delivery_delay_and_tracking,ESCALATE_TO_HUMAN,Time-critical urgent medical delivery requiring priority dispatcher intervention.
conv_amzn_01220,AmazonHelp,conv_amzn_01220,@AmazonHelp It has been 36 hours since my package #114-6774550-2906472 was marked delivered. I checked with neighbors and my building management. It is not here.,Customer reaching out to @AmazonHelp regarding missing or stolen package.,"Thank you for thoroughly checking around your property. Since 36 hours have passed, please DM us your order ID so our team can file a missing package claim and issue a replacement or refund: https://amzn.to/dm ^JW",missing_or_stolen_package,ESCALATE_TO_HUMAN,Waiting window expired and parcel missing; requires human claims specialist.
conv_amzn_01221,AmazonHelp,conv_amzn_01221,@AmazonHelp I need an official tax invoice with VAT ID for my company purchase order #114-6050980-8827698.,Customer reaching out to @AmazonHelp regarding general product or policy inquiry.,You can download official tax invoices directly from Your Orders by clicking 'Invoice' on the order details page: https://amzn.to/your-orders ^DL,general_product_or_policy_inquiry,AUTO_HANDLE,Self-service business invoice download guidance.
conv_amzn_01222,AmazonHelp,conv_amzn_01222,"@AmazonHelp My Kindle Paperwhite was promised for delivery by 8 PM today, but tracking shows it hasn't even left the facility. Order #114-2899468-5676092.",Customer reaching out to @AmazonHelp regarding delivery delay and tracking.,"We apologize for the delay! Carrier transit times can vary. You can view the most up-to-date tracking information here: https://amzn.to/track. If it doesn't arrive by tomorrow evening, please DM us with your order ID: https://amzn.to/dm ^TB",delivery_delay_and_tracking,AUTO_HANDLE,Standard transit buffer; directed customer to official live tracking.
conv_amzn_01223,AmazonHelp,conv_amzn_01223,"@AmazonHelp Driver marked package attempted because they couldn't access the building gate, but no one buzzed my apartment 533!",Customer reaching out to @AmazonHelp regarding delivery delay and tracking.,"We're sorry for the inconvenience! Drivers will automatically re-attempt delivery on the next business day. You can add permanent gate codes in Your Account > Addresses: https://amzn.to/delivery-instructions. If urgent, DM us: https://amzn.to/dm ^KL",delivery_delay_and_tracking,AUTO_HANDLE,Gate access issue; self-service delivery instruction update provided.
conv_amzn_01224,AmazonHelp,conv_amzn_01224,@AmazonHelp Delivery photo shows a completely different apartment number (144) and a red doormat. I live in unit 297 and don't have a red mat!,Customer reaching out to @AmazonHelp regarding missing or stolen package.,"We apologize for the misdelivery! Please send us a direct message with your order number so we can review the courier photo, verify your unit, and process an immediate replacement: https://amzn.to/dm ^TB",missing_or_stolen_package,ESCALATE_TO_HUMAN,Photographic proof of misdelivery to wrong unit; requires replacement authorization.
conv_amzn_01225,AmazonHelp,conv_amzn_01225,@AmazonHelp Delivery photo shows a completely different apartment number (399) and a red doormat. I live in unit 464 and don't have a red mat!,Customer reaching out to @AmazonHelp regarding missing or stolen package.,"We apologize for the misdelivery! Please send us a direct message with your order number so we can review the courier photo, verify your unit, and process an immediate replacement: https://amzn.to/dm ^AB",missing_or_stolen_package,ESCALATE_TO_HUMAN,Photographic proof of misdelivery to wrong unit; requires replacement authorization.
conv_amzn_01226,AmazonHelp,conv_amzn_01226,@AmazonHelp I ordered a Dyson V8 Vacuum ($540.00) and you sent me a box of cat litter! Order #111-4493212-2404547. This is a totally different item!,Customer reaching out to @AmazonHelp regarding damaged or incorrect item.,We sincerely apologize for this warehouse mix-up! Please DM us your order number so our fulfillment escalation team can investigate the inventory error and dispatch the correct item immediately: https://amzn.to/dm ^JW,damaged_or_incorrect_item,ESCALATE_TO_HUMAN,Severe inventory mispick requiring warehouse audit and expedited replacement.
conv_amzn_01227,AmazonHelp,conv_amzn_01227,@AmazonHelp I ordered a Instant Pot Duo ($151.50) and you sent me a box of pack of socks! Order #113-8248690-1971414. This is a totally different item!,Customer reaching out to @AmazonHelp regarding damaged or incorrect item.,We sincerely apologize for this warehouse mix-up! Please DM us your order number so our fulfillment escalation team can investigate the inventory error and dispatch the correct item immediately: https://amzn.to/dm ^KL,damaged_or_incorrect_item,ESCALATE_TO_HUMAN,Severe inventory mispick requiring warehouse audit and expedited replacement.
conv_amzn_01228,AmazonHelp,conv_amzn_01228,@AmazonHelp I ordered a Fitbit Charge 6 ($554.99) and you sent me a box of pack of socks! Order #111-2955427-1011257. This is a totally different item!,Customer reaching out to @AmazonHelp regarding damaged or incorrect item.,We sincerely apologize for this warehouse mix-up! Please DM us your order number so our fulfillment escalation team can investigate the inventory error and dispatch the correct item immediately: https://amzn.to/dm ^MK,damaged_or_incorrect_item,ESCALATE_TO_HUMAN,Severe inventory mispick requiring warehouse audit and expedited replacement.
conv_amzn_01229,AmazonHelp,conv_amzn_01229,@AmazonHelp I ordered a Ceramic Dinnerware Set ($605.50) and you sent me a box of coffee mugs! Order #112-7380497-6956173. This is a totally different item!,Customer reaching out to @AmazonHelp regarding damaged or incorrect item.,We sincerely apologize for this warehouse mix-up! Please DM us your order number so our fulfillment escalation team can investigate the inventory error and dispatch the correct item immediately: https://amzn.to/dm ^MK,damaged_or_incorrect_item,ESCALATE_TO_HUMAN,Severe inventory mispick requiring warehouse audit and expedited replacement.
conv_amzn_01230,AmazonHelp,conv_amzn_01230,@AmazonHelp I dropped off my return of Instant Pot Duo at Kohl's Drop-off on Thursday. When should I expect the refund to appear on my credit card?,Customer reaching out to @AmazonHelp regarding return and refund status.,"Once the return is received, refunds typically take 3 to 5 business days to process back to your original payment method. You can track refund progress under Your Orders: https://amzn.to/refund-status ^TB",return_and_refund_status,AUTO_HANDLE,Standard banking processing timeline explanation.
conv_amzn_01231,AmazonHelp,conv_amzn_01231,"@AmazonHelp It has been 18 days since your return center acknowledged receipt of my #114-3581686-7248563, but my refund of $305.00 is still not issued. Where is my money?",Customer reaching out to @AmazonHelp regarding return and refund status.,We apologize for the delay. Eighteen days exceeds our normal processing timeline. Please send us a DM with your order number so a billing specialist can review the return status and manually release your refund: https://amzn.to/dm ^RG,return_and_refund_status,ESCALATE_TO_HUMAN,Refund overdue beyond standard SLA (>14 days); requires manual finance clearance.
conv_amzn_01232,AmazonHelp,conv_amzn_01232,@AmazonHelp I need an official tax invoice with VAT ID for my company purchase order #114-5864961-4153044.,Customer reaching out to @AmazonHelp regarding general product or policy inquiry.,You can download official tax invoices directly from Your Orders by clicking 'Invoice' on the order details page: https://amzn.to/your-orders ^DL,general_product_or_policy_inquiry,AUTO_HANDLE,Self-service business invoice download guidance.
conv_amzn_01233,AmazonHelp,conv_amzn_01233,"@AmazonHelp It has been 18 days since your return center acknowledged receipt of my #114-6283260-4532430, but my refund of $450.99 is still not issued. Where is my money?",Customer reaching out to @AmazonHelp regarding return and refund status.,We apologize for the delay. Eighteen days exceeds our normal processing timeline. Please send us a DM with your order number so a billing specialist can review the return status and manually release your refund: https://amzn.to/dm ^TB,return_and_refund_status,ESCALATE_TO_HUMAN,Refund overdue beyond standard SLA (>14 days); requires manual finance clearance.
conv_amzn_01234,AmazonHelp,conv_amzn_01234,@AmazonHelp I ordered a Logitech Wireless Mouse ($453.99) and you sent me a box of coffee mugs! Order #113-2148077-1729593. This is a totally different item!,Customer reaching out to @AmazonHelp regarding damaged or incorrect item.,We sincerely apologize for this warehouse mix-up! Please DM us your order number so our fulfillment escalation team can investigate the inventory error and dispatch the correct item immediately: https://amzn.to/dm ^RG,damaged_or_incorrect_item,ESCALATE_TO_HUMAN,Severe inventory mispick requiring warehouse audit and expedited replacement.
conv_amzn_01235,AmazonHelp,conv_amzn_01235,@AmazonHelp I need an official tax invoice with VAT ID for my company purchase order #112-4837513-4586045.,Customer reaching out to @AmazonHelp regarding general product or policy inquiry.,You can download official tax invoices directly from Your Orders by clicking 'Invoice' on the order details page: https://amzn.to/your-orders ^AB,general_product_or_policy_inquiry,AUTO_HANDLE,Self-service business invoice download guidance.
conv_amzn_01236,AmazonHelp,conv_amzn_01236,@AmazonHelp I need an official tax invoice with VAT ID for my company purchase order #111-2745266-7130915.,Customer reaching out to @AmazonHelp regarding general product or policy inquiry.,You can download official tax invoices directly from Your Orders by clicking 'Invoice' on the order details page: https://amzn.to/your-orders ^DL,general_product_or_policy_inquiry,AUTO_HANDLE,Self-service business invoice download guidance.
conv_amzn_01237,AmazonHelp,conv_amzn_01237,"@AmazonHelp I was just charged $52.50 for Amazon Prime annual renewal today, but I forgot to cancel. Can I get a refund if I haven't used it?",Customer reaching out to @AmazonHelp regarding prime membership and billing.,"Yes! If you haven't used any Prime benefits since the renewal charge, you will automatically receive a full refund when you cancel at: https://amzn.to/manage-prime ^RG",prime_membership_and_billing,AUTO_HANDLE,Prorated/unused Prime auto-refund policy self-service guidance.
conv_amzn_01238,AmazonHelp,conv_amzn_01238,@AmazonHelp I ordered a Levi's Denim Jacket ($370.00) and you sent me a box of cat litter! Order #112-8771562-1578507. This is a totally different item!,Customer reaching out to @AmazonHelp regarding damaged or incorrect item.,We sincerely apologize for this warehouse mix-up! Please DM us your order number so our fulfillment escalation team can investigate the inventory error and dispatch the correct item immediately: https://amzn.to/dm ^SJ,damaged_or_incorrect_item,ESCALATE_TO_HUMAN,Severe inventory mispick requiring warehouse audit and expedited replacement.
conv_amzn_01239,AmazonHelp,conv_amzn_01239,@AmazonHelp I ordered a Sony Wireless Headphones ($519.00) and you sent me a box of dog food! Order #111-2878297-3610521. This is a totally different item!,Customer reaching out to @AmazonHelp regarding damaged or incorrect item.,We sincerely apologize for this warehouse mix-up! Please DM us your order number so our fulfillment escalation team can investigate the inventory error and dispatch the correct item immediately: https://amzn.to/dm ^KL,damaged_or_incorrect_item,ESCALATE_TO_HUMAN,Severe inventory mispick requiring warehouse audit and expedited replacement.
conv_amzn_01240,AmazonHelp,conv_amzn_01240,"@AmazonHelp It has been 18 days since your return center acknowledged receipt of my #113-4312636-4928519, but my refund of $500.00 is still not issued. Where is my money?",Customer reaching out to @AmazonHelp regarding return and refund status.,We apologize for the delay. Eighteen days exceeds our normal processing timeline. Please send us a DM with your order number so a billing specialist can review the return status and manually release your refund: https://amzn.to/dm ^TB,return_and_refund_status,ESCALATE_TO_HUMAN,Refund overdue beyond standard SLA (>14 days); requires manual finance clearance.
conv_amzn_01241,AmazonHelp,conv_amzn_01241,"@AmazonHelp Tracking says 'Departed facility' since Tuesday, but there have been no new updates for 4 days. Is my order #114-7006337-2173496 lost?",Customer reaching out to @AmazonHelp regarding delivery delay and tracking.,We understand your concern regarding the lack of tracking movement. Please send us a direct message with your order number and email address so we can initiate an investigation with the carrier: https://amzn.to/dm ^SJ,delivery_delay_and_tracking,ESCALATE_TO_HUMAN,Carrier stall exceeding 48h SLA; requires human carrier tracing.
conv_amzn_01242,AmazonHelp,conv_amzn_01242,"@AmazonHelp My Ceramic Dinnerware Set was promised for delivery by 2 PM today, but tracking shows it hasn't even left the facility. Order #114-7588488-1305397.",Customer reaching out to @AmazonHelp regarding delivery delay and tracking.,"We apologize for the delay! Carrier transit times can vary. You can view the most up-to-date tracking information here: https://amzn.to/track. If it doesn't arrive by tomorrow evening, please DM us with your order ID: https://amzn.to/dm ^MK",delivery_delay_and_tracking,AUTO_HANDLE,Standard transit buffer; directed customer to official live tracking.
conv_amzn_01243,AmazonHelp,conv_amzn_01243,"@AmazonHelp Tracking says 'In Transit' since Thursday, but there have been no new updates for 4 days. Is my order #113-9365074-5762937 lost?",Customer reaching out to @AmazonHelp regarding delivery delay and tracking.,We understand your concern regarding the lack of tracking movement. Please send us a direct message with your order number and email address so we can initiate an investigation with the carrier: https://amzn.to/dm ^AB,delivery_delay_and_tracking,ESCALATE_TO_HUMAN,Carrier stall exceeding 48h SLA; requires human carrier tracing.
conv_amzn_01244,AmazonHelp,conv_amzn_01244,@AmazonHelp I need an official tax invoice with VAT ID for my company purchase order #112-8281711-9832883.,Customer reaching out to @AmazonHelp regarding general product or policy inquiry.,You can download official tax invoices directly from Your Orders by clicking 'Invoice' on the order details page: https://amzn.to/your-orders ^KL,general_product_or_policy_inquiry,AUTO_HANDLE,Self-service business invoice download guidance.
conv_amzn_01245,AmazonHelp,conv_amzn_01245,"@AmazonHelp Tracking says 'Carrier picked up package' since Saturday, but there have been no new updates for 4 days. Is my order #113-4559713-4996500 lost?",Customer reaching out to @AmazonHelp regarding delivery delay and tracking.,We understand your concern regarding the lack of tracking movement. Please send us a direct message with your order number and email address so we can initiate an investigation with the carrier: https://amzn.to/dm ^JW,delivery_delay_and_tracking,ESCALATE_TO_HUMAN,Carrier stall exceeding 48h SLA; requires human carrier tracing.
conv_amzn_01246,AmazonHelp,conv_amzn_01246,"@AmazonHelp Driver marked package attempted because they couldn't access the building gate, but no one buzzed my apartment 155!",Customer reaching out to @AmazonHelp regarding delivery delay and tracking.,"We're sorry for the inconvenience! Drivers will automatically re-attempt delivery on the next business day. You can add permanent gate codes in Your Account > Addresses: https://amzn.to/delivery-instructions. If urgent, DM us: https://amzn.to/dm ^KL",delivery_delay_and_tracking,AUTO_HANDLE,Gate access issue; self-service delivery instruction update provided.
conv_amzn_01247,AmazonHelp,conv_amzn_01247,"@AmazonHelp My Logitech Wireless Mouse was promised for delivery by 9 PM today, but tracking shows it hasn't even left the facility. Order #113-8733980-8765934.",Customer reaching out to @AmazonHelp regarding delivery delay and tracking.,"We apologize for the delay! Carrier transit times can vary. You can view the most up-to-date tracking information here: https://amzn.to/track. If it doesn't arrive by tomorrow evening, please DM us with your order ID: https://amzn.to/dm ^JW",delivery_delay_and_tracking,AUTO_HANDLE,Standard transit buffer; directed customer to official live tracking.
conv_amzn_01248,AmazonHelp,conv_amzn_01248,@AmazonHelp It has been 36 hours since my package #113-3923874-7423400 was marked delivered. I checked with neighbors and my building management. It is not here.,Customer reaching out to @AmazonHelp regarding missing or stolen package.,"Thank you for thoroughly checking around your property. Since 36 hours have passed, please DM us your order ID so our team can file a missing package claim and issue a replacement or refund: https://amzn.to/dm ^SJ",missing_or_stolen_package,ESCALATE_TO_HUMAN,Waiting window expired and parcel missing; requires human claims specialist.
conv_amzn_01249,AmazonHelp,conv_amzn_01249,@AmazonHelp Delivery photo shows a completely different apartment number (235) and a red doormat. I live in unit 796 and don't have a red mat!,Customer reaching out to @AmazonHelp regarding missing or stolen package.,"We apologize for the misdelivery! Please send us a direct message with your order number so we can review the courier photo, verify your unit, and process an immediate replacement: https://amzn.to/dm ^SJ",missing_or_stolen_package,ESCALATE_TO_HUMAN,Photographic proof of misdelivery to wrong unit; requires replacement authorization.
conv_amzn_01250,AmazonHelp,conv_amzn_01250,@AmazonHelp It has been 36 hours since my package #111-4612392-7940567 was marked delivered. I checked with neighbors and my building management. It is not here.,Customer reaching out to @AmazonHelp regarding missing or stolen package.,"Thank you for thoroughly checking around your property. Since 36 hours have passed, please DM us your order ID so our team can file a missing package claim and issue a replacement or refund: https://amzn.to/dm ^KL",missing_or_stolen_package,ESCALATE_TO_HUMAN,Waiting window expired and parcel missing; requires human claims specialist.
conv_amzn_01251,AmazonHelp,conv_amzn_01251,"@AmazonHelp My LEGO Star Wars Set was promised for delivery by 2 PM today, but tracking shows it hasn't even left the facility. Order #112-5405346-5068326.",Customer reaching out to @AmazonHelp regarding delivery delay and tracking.,"We apologize for the delay! Carrier transit times can vary. You can view the most up-to-date tracking information here: https://amzn.to/track. If it doesn't arrive by tomorrow evening, please DM us with your order ID: https://amzn.to/dm ^DL",delivery_delay_and_tracking,AUTO_HANDLE,Standard transit buffer; directed customer to official live tracking.
conv_amzn_01252,AmazonHelp,conv_amzn_01252,@AmazonHelp It has been 36 hours since my package #114-1730356-6963529 was marked delivered. I checked with neighbors and my building management. It is not here.,Customer reaching out to @AmazonHelp regarding missing or stolen package.,"Thank you for thoroughly checking around your property. Since 36 hours have passed, please DM us your order ID so our team can file a missing package claim and issue a replacement or refund: https://amzn.to/dm ^DL",missing_or_stolen_package,ESCALATE_TO_HUMAN,Waiting window expired and parcel missing; requires human claims specialist.
conv_amzn_01253,AmazonHelp,conv_amzn_01253,"@AmazonHelp I was just charged $328.50 for Amazon Prime annual renewal today, but I forgot to cancel. Can I get a refund if I haven't used it?",Customer reaching out to @AmazonHelp regarding prime membership and billing.,"Yes! If you haven't used any Prime benefits since the renewal charge, you will automatically receive a full refund when you cancel at: https://amzn.to/manage-prime ^DL",prime_membership_and_billing,AUTO_HANDLE,Prorated/unused Prime auto-refund policy self-service guidance.
conv_amzn_01254,AmazonHelp,conv_amzn_01254,"@AmazonHelp Tracking says 'In Transit' since Thursday, but there have been no new updates for 4 days. Is my order #112-9376616-8376582 lost?",Customer reaching out to @AmazonHelp regarding delivery delay and tracking.,We understand your concern regarding the lack of tracking movement. Please send us a direct message with your order number and email address so we can initiate an investigation with the carrier: https://amzn.to/dm ^SJ,delivery_delay_and_tracking,ESCALATE_TO_HUMAN,Carrier stall exceeding 48h SLA; requires human carrier tracing.
conv_amzn_01255,AmazonHelp,conv_amzn_01255,@AmazonHelp I need an official tax invoice with VAT ID for my company purchase order #114-6839019-7206988.,Customer reaching out to @AmazonHelp regarding general product or policy inquiry.,You can download official tax invoices directly from Your Orders by clicking 'Invoice' on the order details page: https://amzn.to/your-orders ^MK,general_product_or_policy_inquiry,AUTO_HANDLE,Self-service business invoice download guidance.
conv_amzn_01256,AmazonHelp,conv_amzn_01256,@AmazonHelp It has been 36 hours since my package #111-8034831-3226383 was marked delivered. I checked with neighbors and my building management. It is not here.,Customer reaching out to @AmazonHelp regarding missing or stolen package.,"Thank you for thoroughly checking around your property. Since 36 hours have passed, please DM us your order ID so our team can file a missing package claim and issue a replacement or refund: https://amzn.to/dm ^KL",missing_or_stolen_package,ESCALATE_TO_HUMAN,Waiting window expired and parcel missing; requires human claims specialist.
conv_amzn_01257,AmazonHelp,conv_amzn_01257,@AmazonHelp I dropped off my return of Keurig Coffee Maker at Whole Foods Market customer desk on Saturday. When should I expect the refund to appear on my credit card?,Customer reaching out to @AmazonHelp regarding return and refund status.,"Once the return is received, refunds typically take 3 to 5 business days to process back to your original payment method. You can track refund progress under Your Orders: https://amzn.to/refund-status ^TB",return_and_refund_status,AUTO_HANDLE,Standard banking processing timeline explanation.
conv_amzn_01258,AmazonHelp,conv_amzn_01258,@AmazonHelp Delivery photo shows a completely different apartment number (523) and a red doormat. I live in unit 502 and don't have a red mat!,Customer reaching out to @AmazonHelp regarding missing or stolen package.,"We apologize for the misdelivery! Please send us a direct message with your order number so we can review the courier photo, verify your unit, and process an immediate replacement: https://amzn.to/dm ^AB",missing_or_stolen_package,ESCALATE_TO_HUMAN,Photographic proof of misdelivery to wrong unit; requires replacement authorization.
conv_amzn_01259,AmazonHelp,conv_amzn_01259,@AmazonHelp I dropped off my return of Ninja Air Fryer at The UPS Store on Saturday. When should I expect the refund to appear on my credit card?,Customer reaching out to @AmazonHelp regarding return and refund status.,"Once the return is received, refunds typically take 3 to 5 business days to process back to your original payment method. You can track refund progress under Your Orders: https://amzn.to/refund-status ^SJ",return_and_refund_status,AUTO_HANDLE,Standard banking processing timeline explanation.
conv_amzn_01260,AmazonHelp,conv_amzn_01260,@AmazonHelp It has been 36 hours since my package #111-5232023-2308381 was marked delivered. I checked with neighbors and my building management. It is not here.,Customer reaching out to @AmazonHelp regarding missing or stolen package.,"Thank you for thoroughly checking around your property. Since 36 hours have passed, please DM us your order ID so our team can file a missing package claim and issue a replacement or refund: https://amzn.to/dm ^DL",missing_or_stolen_package,ESCALATE_TO_HUMAN,Waiting window expired and parcel missing; requires human claims specialist.
conv_amzn_01261,AmazonHelp,conv_amzn_01261,@AmazonHelp I ordered a Fitbit Charge 6 ($184.99) and you sent me a box of baby wipes! Order #114-8026497-4371848. This is a totally different item!,Customer reaching out to @AmazonHelp regarding damaged or incorrect item.,We sincerely apologize for this warehouse mix-up! Please DM us your order number so our fulfillment escalation team can investigate the inventory error and dispatch the correct item immediately: https://amzn.to/dm ^JW,damaged_or_incorrect_item,ESCALATE_TO_HUMAN,Severe inventory mispick requiring warehouse audit and expedited replacement.
conv_amzn_01262,AmazonHelp,conv_amzn_01262,@AmazonHelp Order #114-6555241-7633757 contains urgent medical supplies for my family that was guaranteed yesterday. Where is the courier right now?,Customer reaching out to @AmazonHelp regarding delivery delay and tracking.,"We sincerely apologize for this critical delay. Given the urgency of these supplies, please DM us immediately so a priority dispatcher can coordinate with the local logistics hub: https://amzn.to/dm ^TB",delivery_delay_and_tracking,ESCALATE_TO_HUMAN,Time-critical urgent medical delivery requiring priority dispatcher intervention.
conv_amzn_01263,AmazonHelp,conv_amzn_01263,@AmazonHelp I need an official tax invoice with VAT ID for my company purchase order #112-9239333-6316775.,Customer reaching out to @AmazonHelp regarding general product or policy inquiry.,You can download official tax invoices directly from Your Orders by clicking 'Invoice' on the order details page: https://amzn.to/your-orders ^KL,general_product_or_policy_inquiry,AUTO_HANDLE,Self-service business invoice download guidance.
conv_amzn_01264,AmazonHelp,conv_amzn_01264,@AmazonHelp I dropped off my return of Apple AirPods Pro at The UPS Store on Tuesday. When should I expect the refund to appear on my credit card?,Customer reaching out to @AmazonHelp regarding return and refund status.,"Once the return is received, refunds typically take 3 to 5 business days to process back to your original payment method. You can track refund progress under Your Orders: https://amzn.to/refund-status ^KL",return_and_refund_status,AUTO_HANDLE,Standard banking processing timeline explanation.
conv_amzn_01265,AmazonHelp,conv_amzn_01265,@AmazonHelp I dropped off my return of Instant Pot Duo at Amazon Locker on Friday. When should I expect the refund to appear on my credit card?,Customer reaching out to @AmazonHelp regarding return and refund status.,"Once the return is received, refunds typically take 3 to 5 business days to process back to your original payment method. You can track refund progress under Your Orders: https://amzn.to/refund-status ^JW",return_and_refund_status,AUTO_HANDLE,Standard banking processing timeline explanation.
conv_amzn_01266,AmazonHelp,conv_amzn_01266,"@AmazonHelp Driver marked package attempted because they couldn't access the building gate, but no one buzzed my apartment 178!",Customer reaching out to @AmazonHelp regarding delivery delay and tracking.,"We're sorry for the inconvenience! Drivers will automatically re-attempt delivery on the next business day. You can add permanent gate codes in Your Account > Addresses: https://amzn.to/delivery-instructions. If urgent, DM us: https://amzn.to/dm ^RG",delivery_delay_and_tracking,AUTO_HANDLE,Gate access issue; self-service delivery instruction update provided.
conv_amzn_01267,AmazonHelp,conv_amzn_01267,@AmazonHelp I ordered a Keurig Coffee Maker ($229.00) and you sent me a box of pack of socks! Order #112-1747214-2822250. This is a totally different item!,Customer reaching out to @AmazonHelp regarding damaged or incorrect item.,We sincerely apologize for this warehouse mix-up! Please DM us your order number so our fulfillment escalation team can investigate the inventory error and dispatch the correct item immediately: https://amzn.to/dm ^RG,damaged_or_incorrect_item,ESCALATE_TO_HUMAN,Severe inventory mispick requiring warehouse audit and expedited replacement.
conv_amzn_01268,AmazonHelp,conv_amzn_01268,"@AmazonHelp My Ceramic Dinnerware Set was promised for delivery by 8 PM today, but tracking shows it hasn't even left the facility. Order #113-3965584-8311641.",Customer reaching out to @AmazonHelp regarding delivery delay and tracking.,"We apologize for the delay! Carrier transit times can vary. You can view the most up-to-date tracking information here: https://amzn.to/track. If it doesn't arrive by tomorrow evening, please DM us with your order ID: https://amzn.to/dm ^RG",delivery_delay_and_tracking,AUTO_HANDLE,Standard transit buffer; directed customer to official live tracking.
conv_amzn_01269,AmazonHelp,conv_amzn_01269,"@AmazonHelp My Samsung 55-inch OLED TV was promised for delivery by 9 PM today, but tracking shows it hasn't even left the facility. Order #114-5233535-6914865.",Customer reaching out to @AmazonHelp regarding delivery delay and tracking.,"We apologize for the delay! Carrier transit times can vary. You can view the most up-to-date tracking information here: https://amzn.to/track. If it doesn't arrive by tomorrow evening, please DM us with your order ID: https://amzn.to/dm ^SJ",delivery_delay_and_tracking,AUTO_HANDLE,Standard transit buffer; directed customer to official live tracking.
conv_amzn_01270,AmazonHelp,conv_amzn_01270,"@AmazonHelp It has been 18 days since your return center acknowledged receipt of my #111-3327745-1372014, but my refund of $342.99 is still not issued. Where is my money?",Customer reaching out to @AmazonHelp regarding return and refund status.,We apologize for the delay. Eighteen days exceeds our normal processing timeline. Please send us a DM with your order number so a billing specialist can review the return status and manually release your refund: https://amzn.to/dm ^JW,return_and_refund_status,ESCALATE_TO_HUMAN,Refund overdue beyond standard SLA (>14 days); requires manual finance clearance.
conv_amzn_01271,AmazonHelp,conv_amzn_01271,@AmazonHelp I dropped off my return of Keurig Coffee Maker at Whole Foods Market customer desk on Wednesday. When should I expect the refund to appear on my credit card?,Customer reaching out to @AmazonHelp regarding return and refund status.,"Once the return is received, refunds typically take 3 to 5 business days to process back to your original payment method. You can track refund progress under Your Orders: https://amzn.to/refund-status ^MK",return_and_refund_status,AUTO_HANDLE,Standard banking processing timeline explanation.
conv_amzn_01272,AmazonHelp,conv_amzn_01272,"@AmazonHelp Tracking says 'Out for Delivery' since Saturday, but there have been no new updates for 4 days. Is my order #112-5981254-1426817 lost?",Customer reaching out to @AmazonHelp regarding delivery delay and tracking.,We understand your concern regarding the lack of tracking movement. Please send us a direct message with your order number and email address so we can initiate an investigation with the carrier: https://amzn.to/dm ^TB,delivery_delay_and_tracking,ESCALATE_TO_HUMAN,Carrier stall exceeding 48h SLA; requires human carrier tracing.
conv_amzn_01273,AmazonHelp,conv_amzn_01273,"@AmazonHelp It has been 18 days since your return center acknowledged receipt of my #114-8973763-5930698, but my refund of $570.99 is still not issued. Where is my money?",Customer reaching out to @AmazonHelp regarding return and refund status.,We apologize for the delay. Eighteen days exceeds our normal processing timeline. Please send us a DM with your order number so a billing specialist can review the return status and manually release your refund: https://amzn.to/dm ^RG,return_and_refund_status,ESCALATE_TO_HUMAN,Refund overdue beyond standard SLA (>14 days); requires manual finance clearance.
conv_amzn_01274,AmazonHelp,conv_amzn_01274,"@AmazonHelp Driver marked package attempted because they couldn't access the building gate, but no one buzzed my apartment 703!",Customer reaching out to @AmazonHelp regarding delivery delay and tracking.,"We're sorry for the inconvenience! Drivers will automatically re-attempt delivery on the next business day. You can add permanent gate codes in Your Account > Addresses: https://amzn.to/delivery-instructions. If urgent, DM us: https://amzn.to/dm ^AB",delivery_delay_and_tracking,AUTO_HANDLE,Gate access issue; self-service delivery instruction update provided.
conv_amzn_01275,AmazonHelp,conv_amzn_01275,"@AmazonHelp Tracking says 'Carrier picked up package' since Thursday, but there have been no new updates for 4 days. Is my order #112-8900466-2712408 lost?",Customer reaching out to @AmazonHelp regarding delivery delay and tracking.,We understand your concern regarding the lack of tracking movement. Please send us a direct message with your order number and email address so we can initiate an investigation with the carrier: https://amzn.to/dm ^RG,delivery_delay_and_tracking,ESCALATE_TO_HUMAN,Carrier stall exceeding 48h SLA; requires human carrier tracing.
conv_amzn_01276,AmazonHelp,conv_amzn_01276,@AmazonHelp I ordered a Ninja Air Fryer ($358.99) and you sent me a box of plastic hangers! Order #112-9300040-9104202. This is a totally different item!,Customer reaching out to @AmazonHelp regarding damaged or incorrect item.,We sincerely apologize for this warehouse mix-up! Please DM us your order number so our fulfillment escalation team can investigate the inventory error and dispatch the correct item immediately: https://amzn.to/dm ^MK,damaged_or_incorrect_item,ESCALATE_TO_HUMAN,Severe inventory mispick requiring warehouse audit and expedited replacement.
conv_amzn_01277,AmazonHelp,conv_amzn_01277,"@AmazonHelp The Amazon app sent a notification saying my Logitech Wireless Mouse was delivered to my front porch 15 minutes ago, but the porch is empty!",Customer reaching out to @AmazonHelp regarding missing or stolen package.,"Carriers sometimes scan packages just prior to walking up to the door. Please allow until the end of the day, and check with household members or side porches: https://amzn.to/find-missing. If still not found tomorrow, reach back out! ^RG",missing_or_stolen_package,AUTO_HANDLE,Scan occurred within past hour; standard buffer and safe spot search recommended.
conv_amzn_01278,AmazonHelp,conv_amzn_01278,"@AmazonHelp My Apple AirPods Pro was promised for delivery by 5 PM today, but tracking shows it hasn't even left the facility. Order #113-5193804-9826582.",Customer reaching out to @AmazonHelp regarding delivery delay and tracking.,"We apologize for the delay! Carrier transit times can vary. You can view the most up-to-date tracking information here: https://amzn.to/track. If it doesn't arrive by tomorrow evening, please DM us with your order ID: https://amzn.to/dm ^MK",delivery_delay_and_tracking,AUTO_HANDLE,Standard transit buffer; directed customer to official live tracking.
conv_amzn_01279,AmazonHelp,conv_amzn_01279,@AmazonHelp It has been 36 hours since my package #112-6373914-1205606 was marked delivered. I checked with neighbors and my building management. It is not here.,Customer reaching out to @AmazonHelp regarding missing or stolen package.,"Thank you for thoroughly checking around your property. Since 36 hours have passed, please DM us your order ID so our team can file a missing package claim and issue a replacement or refund: https://amzn.to/dm ^DL",missing_or_stolen_package,ESCALATE_TO_HUMAN,Waiting window expired and parcel missing; requires human claims specialist.
conv_amzn_01280,AmazonHelp,conv_amzn_01280,"@AmazonHelp Tracking says 'Departed facility' since Monday, but there have been no new updates for 4 days. Is my order #111-1988477-7698687 lost?",Customer reaching out to @AmazonHelp regarding delivery delay and tracking.,We understand your concern regarding the lack of tracking movement. Please send us a direct message with your order number and email address so we can initiate an investigation with the carrier: https://amzn.to/dm ^DL,delivery_delay_and_tracking,ESCALATE_TO_HUMAN,Carrier stall exceeding 48h SLA; requires human carrier tracing.
conv_amzn_01281,AmazonHelp,conv_amzn_01281,@AmazonHelp I need an official tax invoice with VAT ID for my company purchase order #112-4157971-6295469.,Customer reaching out to @AmazonHelp regarding general product or policy inquiry.,You can download official tax invoices directly from Your Orders by clicking 'Invoice' on the order details page: https://amzn.to/your-orders ^DL,general_product_or_policy_inquiry,AUTO_HANDLE,Self-service business invoice download guidance.
conv_amzn_01282,AmazonHelp,conv_amzn_01282,"@AmazonHelp My Sony Wireless Headphones was promised for delivery by 5 PM today, but tracking shows it hasn't even left the facility. Order #113-6914906-6130235.",Customer reaching out to @AmazonHelp regarding delivery delay and tracking.,"We apologize for the delay! Carrier transit times can vary. You can view the most up-to-date tracking information here: https://amzn.to/track. If it doesn't arrive by tomorrow evening, please DM us with your order ID: https://amzn.to/dm ^AB",delivery_delay_and_tracking,AUTO_HANDLE,Standard transit buffer; directed customer to official live tracking.
conv_amzn_01283,AmazonHelp,conv_amzn_01283,@AmazonHelp I dropped off my return of Anker Portable Charger at Kohl's Drop-off on Friday. When should I expect the refund to appear on my credit card?,Customer reaching out to @AmazonHelp regarding return and refund status.,"Once the return is received, refunds typically take 3 to 5 business days to process back to your original payment method. You can track refund progress under Your Orders: https://amzn.to/refund-status ^AB",return_and_refund_status,AUTO_HANDLE,Standard banking processing timeline explanation.
conv_amzn_01284,AmazonHelp,conv_amzn_01284,"@AmazonHelp It has been 18 days since your return center acknowledged receipt of my #114-7348756-8562794, but my refund of $263.50 is still not issued. Where is my money?",Customer reaching out to @AmazonHelp regarding return and refund status.,We apologize for the delay. Eighteen days exceeds our normal processing timeline. Please send us a DM with your order number so a billing specialist can review the return status and manually release your refund: https://amzn.to/dm ^MK,return_and_refund_status,ESCALATE_TO_HUMAN,Refund overdue beyond standard SLA (>14 days); requires manual finance clearance.
conv_amzn_01285,AmazonHelp,conv_amzn_01285,"@AmazonHelp Driver marked package attempted because they couldn't access the building gate, but no one buzzed my apartment 567!",Customer reaching out to @AmazonHelp regarding delivery delay and tracking.,"We're sorry for the inconvenience! Drivers will automatically re-attempt delivery on the next business day. You can add permanent gate codes in Your Account > Addresses: https://amzn.to/delivery-instructions. If urgent, DM us: https://amzn.to/dm ^RG",delivery_delay_and_tracking,AUTO_HANDLE,Gate access issue; self-service delivery instruction update provided.
conv_amzn_01286,AmazonHelp,conv_amzn_01286,"@AmazonHelp It has been 18 days since your return center acknowledged receipt of my #112-1070071-5534637, but my refund of $456.99 is still not issued. Where is my money?",Customer reaching out to @AmazonHelp regarding return and refund status.,We apologize for the delay. Eighteen days exceeds our normal processing timeline. Please send us a DM with your order number so a billing specialist can review the return status and manually release your refund: https://amzn.to/dm ^TB,return_and_refund_status,ESCALATE_TO_HUMAN,Refund overdue beyond standard SLA (>14 days); requires manual finance clearance.
conv_amzn_01287,AmazonHelp,conv_amzn_01287,@AmazonHelp I dropped off my return of Dyson V8 Vacuum at Kohl's Drop-off on Thursday. When should I expect the refund to appear on my credit card?,Customer reaching out to @AmazonHelp regarding return and refund status.,"Once the return is received, refunds typically take 3 to 5 business days to process back to your original payment method. You can track refund progress under Your Orders: https://amzn.to/refund-status ^RG",return_and_refund_status,AUTO_HANDLE,Standard banking processing timeline explanation.
conv_amzn_01288,AmazonHelp,conv_amzn_01288,"@AmazonHelp I was just charged $345.50 for Amazon Prime annual renewal today, but I forgot to cancel. Can I get a refund if I haven't used it?",Customer reaching out to @AmazonHelp regarding prime membership and billing.,"Yes! If you haven't used any Prime benefits since the renewal charge, you will automatically receive a full refund when you cancel at: https://amzn.to/manage-prime ^AB",prime_membership_and_billing,AUTO_HANDLE,Prorated/unused Prime auto-refund policy self-service guidance.
conv_amzn_01289,AmazonHelp,conv_amzn_01289,"@AmazonHelp It has been 18 days since your return center acknowledged receipt of my #112-5918352-4154856, but my refund of $246.99 is still not issued. Where is my money?",Customer reaching out to @AmazonHelp regarding return and refund status.,We apologize for the delay. Eighteen days exceeds our normal processing timeline. Please send us a DM with your order number so a billing specialist can review the return status and manually release your refund: https://amzn.to/dm ^SJ,return_and_refund_status,ESCALATE_TO_HUMAN,Refund overdue beyond standard SLA (>14 days); requires manual finance clearance.
conv_amzn_01290,AmazonHelp,conv_amzn_01290,@AmazonHelp I dropped off my return of Apple AirPods Pro at Whole Foods Market customer desk on Saturday. When should I expect the refund to appear on my credit card?,Customer reaching out to @AmazonHelp regarding return and refund status.,"Once the return is received, refunds typically take 3 to 5 business days to process back to your original payment method. You can track refund progress under Your Orders: https://amzn.to/refund-status ^MK",return_and_refund_status,AUTO_HANDLE,Standard banking processing timeline explanation.
conv_amzn_01291,AmazonHelp,conv_amzn_01291,"@AmazonHelp I was just charged $321.00 for Amazon Prime annual renewal today, but I forgot to cancel. Can I get a refund if I haven't used it?",Customer reaching out to @AmazonHelp regarding prime membership and billing.,"Yes! If you haven't used any Prime benefits since the renewal charge, you will automatically receive a full refund when you cancel at: https://amzn.to/manage-prime ^MK",prime_membership_and_billing,AUTO_HANDLE,Prorated/unused Prime auto-refund policy self-service guidance.
conv_amzn_01292,AmazonHelp,conv_amzn_01292,"@AmazonHelp Driver marked package attempted because they couldn't access the building gate, but no one buzzed my apartment 604!",Customer reaching out to @AmazonHelp regarding delivery delay and tracking.,"We're sorry for the inconvenience! Drivers will automatically re-attempt delivery on the next business day. You can add permanent gate codes in Your Account > Addresses: https://amzn.to/delivery-instructions. If urgent, DM us: https://amzn.to/dm ^DL",delivery_delay_and_tracking,AUTO_HANDLE,Gate access issue; self-service delivery instruction update provided.
conv_amzn_01293,AmazonHelp,conv_amzn_01293,@AmazonHelp I dropped off my return of Kindle Paperwhite at Amazon Locker on Saturday. When should I expect the refund to appear on my credit card?,Customer reaching out to @AmazonHelp regarding return and refund status.,"Once the return is received, refunds typically take 3 to 5 business days to process back to your original payment method. You can track refund progress under Your Orders: https://amzn.to/refund-status ^KL",return_and_refund_status,AUTO_HANDLE,Standard banking processing timeline explanation.
conv_amzn_01294,AmazonHelp,conv_amzn_01294,@AmazonHelp It has been 36 hours since my package #112-4068337-7786388 was marked delivered. I checked with neighbors and my building management. It is not here.,Customer reaching out to @AmazonHelp regarding missing or stolen package.,"Thank you for thoroughly checking around your property. Since 36 hours have passed, please DM us your order ID so our team can file a missing package claim and issue a replacement or refund: https://amzn.to/dm ^DL",missing_or_stolen_package,ESCALATE_TO_HUMAN,Waiting window expired and parcel missing; requires human claims specialist.
conv_amzn_01295,AmazonHelp,conv_amzn_01295,@AmazonHelp It has been 36 hours since my package #112-9120515-6285742 was marked delivered. I checked with neighbors and my building management. It is not here.,Customer reaching out to @AmazonHelp regarding missing or stolen package.,"Thank you for thoroughly checking around your property. Since 36 hours have passed, please DM us your order ID so our team can file a missing package claim and issue a replacement or refund: https://amzn.to/dm ^TB",missing_or_stolen_package,ESCALATE_TO_HUMAN,Waiting window expired and parcel missing; requires human claims specialist.
conv_amzn_01296,AmazonHelp,conv_amzn_01296,"@AmazonHelp I was just charged $488.50 for Amazon Prime annual renewal today, but I forgot to cancel. Can I get a refund if I haven't used it?",Customer reaching out to @AmazonHelp regarding prime membership and billing.,"Yes! If you haven't used any Prime benefits since the renewal charge, you will automatically receive a full refund when you cancel at: https://amzn.to/manage-prime ^RG",prime_membership_and_billing,AUTO_HANDLE,Prorated/unused Prime auto-refund policy self-service guidance.
conv_amzn_01297,AmazonHelp,conv_amzn_01297,"@AmazonHelp It has been 18 days since your return center acknowledged receipt of my #113-3020029-5488529, but my refund of $404.00 is still not issued. Where is my money?",Customer reaching out to @AmazonHelp regarding return and refund status.,We apologize for the delay. Eighteen days exceeds our normal processing timeline. Please send us a DM with your order number so a billing specialist can review the return status and manually release your refund: https://amzn.to/dm ^AB,return_and_refund_status,ESCALATE_TO_HUMAN,Refund overdue beyond standard SLA (>14 days); requires manual finance clearance.
conv_amzn_01298,AmazonHelp,conv_amzn_01298,@AmazonHelp Order #114-6877099-1961466 contains urgent medical supplies for my family that was guaranteed yesterday. Where is the courier right now?,Customer reaching out to @AmazonHelp regarding delivery delay and tracking.,"We sincerely apologize for this critical delay. Given the urgency of these supplies, please DM us immediately so a priority dispatcher can coordinate with the local logistics hub: https://amzn.to/dm ^SJ",delivery_delay_and_tracking,ESCALATE_TO_HUMAN,Time-critical urgent medical delivery requiring priority dispatcher intervention.
conv_amzn_01299,AmazonHelp,conv_amzn_01299,"@AmazonHelp Driver marked package attempted because they couldn't access the building gate, but no one buzzed my apartment 598!",Customer reaching out to @AmazonHelp regarding delivery delay and tracking.,"We're sorry for the inconvenience! Drivers will automatically re-attempt delivery on the next business day. You can add permanent gate codes in Your Account > Addresses: https://amzn.to/delivery-instructions. If urgent, DM us: https://amzn.to/dm ^JW",delivery_delay_and_tracking,AUTO_HANDLE,Gate access issue; self-service delivery instruction update provided.
conv_amzn_01300,AmazonHelp,conv_amzn_01300,"@AmazonHelp The Amazon app sent a notification saying my LEGO Star Wars Set was delivered to my front porch 25 minutes ago, but the porch is empty!",Customer reaching out to @AmazonHelp regarding missing or stolen package.,"Carriers sometimes scan packages just prior to walking up to the door. Please allow until the end of the day, and check with household members or side porches: https://amzn.to/find-missing. If still not found tomorrow, reach back out! ^TB",missing_or_stolen_package,AUTO_HANDLE,Scan occurred within past hour; standard buffer and safe spot search recommended.
conv_amzn_01301,AmazonHelp,conv_amzn_01301,"@AmazonHelp Tracking says 'Out for Delivery' since Thursday, but there have been no new updates for 4 days. Is my order #111-3039989-8799375 lost?",Customer reaching out to @AmazonHelp regarding delivery delay and tracking.,We understand your concern regarding the lack of tracking movement. Please send us a direct message with your order number and email address so we can initiate an investigation with the carrier: https://amzn.to/dm ^SJ,delivery_delay_and_tracking,ESCALATE_TO_HUMAN,Carrier stall exceeding 48h SLA; requires human carrier tracing.
conv_amzn_01302,AmazonHelp,conv_amzn_01302,"@AmazonHelp Tracking says 'Out for Delivery' since Wednesday, but there have been no new updates for 4 days. Is my order #112-1570798-4641908 lost?",Customer reaching out to @AmazonHelp regarding delivery delay and tracking.,We understand your concern regarding the lack of tracking movement. Please send us a direct message with your order number and email address so we can initiate an investigation with the carrier: https://amzn.to/dm ^KL,delivery_delay_and_tracking,ESCALATE_TO_HUMAN,Carrier stall exceeding 48h SLA; requires human carrier tracing.
conv_amzn_01303,AmazonHelp,conv_amzn_01303,@AmazonHelp Delivery photo shows a completely different apartment number (766) and a red doormat. I live in unit 823 and don't have a red mat!,Customer reaching out to @AmazonHelp regarding missing or stolen package.,"We apologize for the misdelivery! Please send us a direct message with your order number so we can review the courier photo, verify your unit, and process an immediate replacement: https://amzn.to/dm ^SJ",missing_or_stolen_package,ESCALATE_TO_HUMAN,Photographic proof of misdelivery to wrong unit; requires replacement authorization.
conv_amzn_01304,AmazonHelp,conv_amzn_01304,@AmazonHelp I ordered a Fitbit Charge 6 ($509.99) and you sent me a box of cat litter! Order #112-1252992-5041744. This is a totally different item!,Customer reaching out to @AmazonHelp regarding damaged or incorrect item.,We sincerely apologize for this warehouse mix-up! Please DM us your order number so our fulfillment escalation team can investigate the inventory error and dispatch the correct item immediately: https://amzn.to/dm ^MK,damaged_or_incorrect_item,ESCALATE_TO_HUMAN,Severe inventory mispick requiring warehouse audit and expedited replacement.
conv_amzn_01305,AmazonHelp,conv_amzn_01305,@AmazonHelp It has been 36 hours since my package #114-9887807-1378638 was marked delivered. I checked with neighbors and my building management. It is not here.,Customer reaching out to @AmazonHelp regarding missing or stolen package.,"Thank you for thoroughly checking around your property. Since 36 hours have passed, please DM us your order ID so our team can file a missing package claim and issue a replacement or refund: https://amzn.to/dm ^MK",missing_or_stolen_package,ESCALATE_TO_HUMAN,Waiting window expired and parcel missing; requires human claims specialist.
conv_amzn_01306,AmazonHelp,conv_amzn_01306,@AmazonHelp Delivery photo shows a completely different apartment number (342) and a red doormat. I live in unit 851 and don't have a red mat!,Customer reaching out to @AmazonHelp regarding missing or stolen package.,"We apologize for the misdelivery! Please send us a direct message with your order number so we can review the courier photo, verify your unit, and process an immediate replacement: https://amzn.to/dm ^TB",missing_or_stolen_package,ESCALATE_TO_HUMAN,Photographic proof of misdelivery to wrong unit; requires replacement authorization.
conv_amzn_01307,AmazonHelp,conv_amzn_01307,@AmazonHelp Order #113-2755603-6340648 contains urgent medical supplies for my family that was guaranteed yesterday. Where is the courier right now?,Customer reaching out to @AmazonHelp regarding delivery delay and tracking.,"We sincerely apologize for this critical delay. Given the urgency of these supplies, please DM us immediately so a priority dispatcher can coordinate with the local logistics hub: https://amzn.to/dm ^RG",delivery_delay_and_tracking,ESCALATE_TO_HUMAN,Time-critical urgent medical delivery requiring priority dispatcher intervention.
conv_amzn_01308,AmazonHelp,conv_amzn_01308,"@AmazonHelp Tracking says 'Out for Delivery' since Tuesday, but there have been no new updates for 4 days. Is my order #111-5013735-8083923 lost?",Customer reaching out to @AmazonHelp regarding delivery delay and tracking.,We understand your concern regarding the lack of tracking movement. Please send us a direct message with your order number and email address so we can initiate an investigation with the carrier: https://amzn.to/dm ^RG,delivery_delay_and_tracking,ESCALATE_TO_HUMAN,Carrier stall exceeding 48h SLA; requires human carrier tracing.
conv_amzn_01309,AmazonHelp,conv_amzn_01309,@AmazonHelp It has been 36 hours since my package #111-4726040-1604076 was marked delivered. I checked with neighbors and my building management. It is not here.,Customer reaching out to @AmazonHelp regarding missing or stolen package.,"Thank you for thoroughly checking around your property. Since 36 hours have passed, please DM us your order ID so our team can file a missing package claim and issue a replacement or refund: https://amzn.to/dm ^AB",missing_or_stolen_package,ESCALATE_TO_HUMAN,Waiting window expired and parcel missing; requires human claims specialist.
conv_amzn_01310,AmazonHelp,conv_amzn_01310,@AmazonHelp Delivery photo shows a completely different apartment number (460) and a red doormat. I live in unit 774 and don't have a red mat!,Customer reaching out to @AmazonHelp regarding missing or stolen package.,"We apologize for the misdelivery! Please send us a direct message with your order number so we can review the courier photo, verify your unit, and process an immediate replacement: https://amzn.to/dm ^TB",missing_or_stolen_package,ESCALATE_TO_HUMAN,Photographic proof of misdelivery to wrong unit; requires replacement authorization.
conv_amzn_01311,AmazonHelp,conv_amzn_01311,"@AmazonHelp Tracking says 'In Transit' since Friday, but there have been no new updates for 4 days. Is my order #113-2567378-6160735 lost?",Customer reaching out to @AmazonHelp regarding delivery delay and tracking.,We understand your concern regarding the lack of tracking movement. Please send us a direct message with your order number and email address so we can initiate an investigation with the carrier: https://amzn.to/dm ^MK,delivery_delay_and_tracking,ESCALATE_TO_HUMAN,Carrier stall exceeding 48h SLA; requires human carrier tracing.
conv_amzn_01312,AmazonHelp,conv_amzn_01312,@AmazonHelp It has been 36 hours since my package #112-7580612-7867198 was marked delivered. I checked with neighbors and my building management. It is not here.,Customer reaching out to @AmazonHelp regarding missing or stolen package.,"Thank you for thoroughly checking around your property. Since 36 hours have passed, please DM us your order ID so our team can file a missing package claim and issue a replacement or refund: https://amzn.to/dm ^SJ",missing_or_stolen_package,ESCALATE_TO_HUMAN,Waiting window expired and parcel missing; requires human claims specialist.
conv_amzn_01313,AmazonHelp,conv_amzn_01313,@AmazonHelp I need an official tax invoice with VAT ID for my company purchase order #114-7638891-7846286.,Customer reaching out to @AmazonHelp regarding general product or policy inquiry.,You can download official tax invoices directly from Your Orders by clicking 'Invoice' on the order details page: https://amzn.to/your-orders ^TB,general_product_or_policy_inquiry,AUTO_HANDLE,Self-service business invoice download guidance.
conv_amzn_01314,AmazonHelp,conv_amzn_01314,"@AmazonHelp My Samsung 55-inch OLED TV was promised for delivery by 9 PM today, but tracking shows it hasn't even left the facility. Order #111-2750509-1928650.",Customer reaching out to @AmazonHelp regarding delivery delay and tracking.,"We apologize for the delay! Carrier transit times can vary. You can view the most up-to-date tracking information here: https://amzn.to/track. If it doesn't arrive by tomorrow evening, please DM us with your order ID: https://amzn.to/dm ^SJ",delivery_delay_and_tracking,AUTO_HANDLE,Standard transit buffer; directed customer to official live tracking.
conv_amzn_01315,AmazonHelp,conv_amzn_01315,@AmazonHelp It has been 36 hours since my package #112-3855205-6202004 was marked delivered. I checked with neighbors and my building management. It is not here.,Customer reaching out to @AmazonHelp regarding missing or stolen package.,"Thank you for thoroughly checking around your property. Since 36 hours have passed, please DM us your order ID so our team can file a missing package claim and issue a replacement or refund: https://amzn.to/dm ^KL",missing_or_stolen_package,ESCALATE_TO_HUMAN,Waiting window expired and parcel missing; requires human claims specialist.
conv_amzn_01316,AmazonHelp,conv_amzn_01316,@AmazonHelp Delivery photo shows a completely different apartment number (297) and a red doormat. I live in unit 629 and don't have a red mat!,Customer reaching out to @AmazonHelp regarding missing or stolen package.,"We apologize for the misdelivery! Please send us a direct message with your order number so we can review the courier photo, verify your unit, and process an immediate replacement: https://amzn.to/dm ^DL",missing_or_stolen_package,ESCALATE_TO_HUMAN,Photographic proof of misdelivery to wrong unit; requires replacement authorization.
conv_amzn_01317,AmazonHelp,conv_amzn_01317,@AmazonHelp It has been 36 hours since my package #114-4019638-7032419 was marked delivered. I checked with neighbors and my building management. It is not here.,Customer reaching out to @AmazonHelp regarding missing or stolen package.,"Thank you for thoroughly checking around your property. Since 36 hours have passed, please DM us your order ID so our team can file a missing package claim and issue a replacement or refund: https://amzn.to/dm ^JW",missing_or_stolen_package,ESCALATE_TO_HUMAN,Waiting window expired and parcel missing; requires human claims specialist.
conv_amzn_01318,AmazonHelp,conv_amzn_01318,@AmazonHelp Delivery photo shows a completely different apartment number (863) and a red doormat. I live in unit 687 and don't have a red mat!,Customer reaching out to @AmazonHelp regarding missing or stolen package.,"We apologize for the misdelivery! Please send us a direct message with your order number so we can review the courier photo, verify your unit, and process an immediate replacement: https://amzn.to/dm ^AB",missing_or_stolen_package,ESCALATE_TO_HUMAN,Photographic proof of misdelivery to wrong unit; requires replacement authorization.
conv_amzn_01319,AmazonHelp,conv_amzn_01319,@AmazonHelp I ordered a Dyson V8 Vacuum ($289.50) and you sent me a box of baby wipes! Order #112-4867254-9767292. This is a totally different item!,Customer reaching out to @AmazonHelp regarding damaged or incorrect item.,We sincerely apologize for this warehouse mix-up! Please DM us your order number so our fulfillment escalation team can investigate the inventory error and dispatch the correct item immediately: https://amzn.to/dm ^RG,damaged_or_incorrect_item,ESCALATE_TO_HUMAN,Severe inventory mispick requiring warehouse audit and expedited replacement.
conv_amzn_01320,AmazonHelp,conv_amzn_01320,@AmazonHelp I ordered a Ninja Air Fryer ($287.50) and you sent me a box of dog food! Order #111-8831015-7347275. This is a totally different item!,Customer reaching out to @AmazonHelp regarding damaged or incorrect item.,We sincerely apologize for this warehouse mix-up! Please DM us your order number so our fulfillment escalation team can investigate the inventory error and dispatch the correct item immediately: https://amzn.to/dm ^SJ,damaged_or_incorrect_item,ESCALATE_TO_HUMAN,Severe inventory mispick requiring warehouse audit and expedited replacement.
conv_amzn_01321,AmazonHelp,conv_amzn_01321,@AmazonHelp I need an official tax invoice with VAT ID for my company purchase order #112-2971649-4018002.,Customer reaching out to @AmazonHelp regarding general product or policy inquiry.,You can download official tax invoices directly from Your Orders by clicking 'Invoice' on the order details page: https://amzn.to/your-orders ^SJ,general_product_or_policy_inquiry,AUTO_HANDLE,Self-service business invoice download guidance.
conv_amzn_01322,AmazonHelp,conv_amzn_01322,"@AmazonHelp Driver marked package attempted because they couldn't access the building gate, but no one buzzed my apartment 690!",Customer reaching out to @AmazonHelp regarding delivery delay and tracking.,"We're sorry for the inconvenience! Drivers will automatically re-attempt delivery on the next business day. You can add permanent gate codes in Your Account > Addresses: https://amzn.to/delivery-instructions. If urgent, DM us: https://amzn.to/dm ^MK",delivery_delay_and_tracking,AUTO_HANDLE,Gate access issue; self-service delivery instruction update provided.
conv_amzn_01323,AmazonHelp,conv_amzn_01323,@AmazonHelp Delivery photo shows a completely different apartment number (685) and a red doormat. I live in unit 535 and don't have a red mat!,Customer reaching out to @AmazonHelp regarding missing or stolen package.,"We apologize for the misdelivery! Please send us a direct message with your order number so we can review the courier photo, verify your unit, and process an immediate replacement: https://amzn.to/dm ^SJ",missing_or_stolen_package,ESCALATE_TO_HUMAN,Photographic proof of misdelivery to wrong unit; requires replacement authorization.
conv_amzn_01324,AmazonHelp,conv_amzn_01324,@AmazonHelp I need an official tax invoice with VAT ID for my company purchase order #113-8677255-5776476.,Customer reaching out to @AmazonHelp regarding general product or policy inquiry.,You can download official tax invoices directly from Your Orders by clicking 'Invoice' on the order details page: https://amzn.to/your-orders ^MK,general_product_or_policy_inquiry,AUTO_HANDLE,Self-service business invoice download guidance.
conv_amzn_01325,AmazonHelp,conv_amzn_01325,@AmazonHelp I need an official tax invoice with VAT ID for my company purchase order #113-5396559-9835063.,Customer reaching out to @AmazonHelp regarding general product or policy inquiry.,You can download official tax invoices directly from Your Orders by clicking 'Invoice' on the order details page: https://amzn.to/your-orders ^KL,general_product_or_policy_inquiry,AUTO_HANDLE,Self-service business invoice download guidance.
conv_amzn_01326,AmazonHelp,conv_amzn_01326,"@AmazonHelp I was just charged $29.99 for Amazon Prime annual renewal today, but I forgot to cancel. Can I get a refund if I haven't used it?",Customer reaching out to @AmazonHelp regarding prime membership and billing.,"Yes! If you haven't used any Prime benefits since the renewal charge, you will automatically receive a full refund when you cancel at: https://amzn.to/manage-prime ^DL",prime_membership_and_billing,AUTO_HANDLE,Prorated/unused Prime auto-refund policy self-service guidance.
conv_amzn_01327,AmazonHelp,conv_amzn_01327,"@AmazonHelp My Levi's Denim Jacket was promised for delivery by 8 PM today, but tracking shows it hasn't even left the facility. Order #111-5082185-7232850.",Customer reaching out to @AmazonHelp regarding delivery delay and tracking.,"We apologize for the delay! Carrier transit times can vary. You can view the most up-to-date tracking information here: https://amzn.to/track. If it doesn't arrive by tomorrow evening, please DM us with your order ID: https://amzn.to/dm ^KL",delivery_delay_and_tracking,AUTO_HANDLE,Standard transit buffer; directed customer to official live tracking.
conv_amzn_01328,AmazonHelp,conv_amzn_01328,@AmazonHelp I need an official tax invoice with VAT ID for my company purchase order #111-1961693-9014251.,Customer reaching out to @AmazonHelp regarding general product or policy inquiry.,You can download official tax invoices directly from Your Orders by clicking 'Invoice' on the order details page: https://amzn.to/your-orders ^DL,general_product_or_policy_inquiry,AUTO_HANDLE,Self-service business invoice download guidance.
conv_amzn_01329,AmazonHelp,conv_amzn_01329,"@AmazonHelp My Keurig Coffee Maker was promised for delivery by 5 PM today, but tracking shows it hasn't even left the facility. Order #113-8396539-8331506.",Customer reaching out to @AmazonHelp regarding delivery delay and tracking.,"We apologize for the delay! Carrier transit times can vary. You can view the most up-to-date tracking information here: https://amzn.to/track. If it doesn't arrive by tomorrow evening, please DM us with your order ID: https://amzn.to/dm ^JW",delivery_delay_and_tracking,AUTO_HANDLE,Standard transit buffer; directed customer to official live tracking.
conv_amzn_01330,AmazonHelp,conv_amzn_01330,@AmazonHelp I dropped off my return of Kindle Paperwhite at The UPS Store on Saturday. When should I expect the refund to appear on my credit card?,Customer reaching out to @AmazonHelp regarding return and refund status.,"Once the return is received, refunds typically take 3 to 5 business days to process back to your original payment method. You can track refund progress under Your Orders: https://amzn.to/refund-status ^JW",return_and_refund_status,AUTO_HANDLE,Standard banking processing timeline explanation.
conv_amzn_01331,AmazonHelp,conv_amzn_01331,@AmazonHelp I dropped off my return of Keurig Coffee Maker at The UPS Store on Saturday. When should I expect the refund to appear on my credit card?,Customer reaching out to @AmazonHelp regarding return and refund status.,"Once the return is received, refunds typically take 3 to 5 business days to process back to your original payment method. You can track refund progress under Your Orders: https://amzn.to/refund-status ^TB",return_and_refund_status,AUTO_HANDLE,Standard banking processing timeline explanation.
conv_amzn_01332,AmazonHelp,conv_amzn_01332,@AmazonHelp Delivery photo shows a completely different apartment number (379) and a red doormat. I live in unit 580 and don't have a red mat!,Customer reaching out to @AmazonHelp regarding missing or stolen package.,"We apologize for the misdelivery! Please send us a direct message with your order number so we can review the courier photo, verify your unit, and process an immediate replacement: https://amzn.to/dm ^KL",missing_or_stolen_package,ESCALATE_TO_HUMAN,Photographic proof of misdelivery to wrong unit; requires replacement authorization.
conv_amzn_01333,AmazonHelp,conv_amzn_01333,@AmazonHelp I need an official tax invoice with VAT ID for my company purchase order #113-5037420-6658005.,Customer reaching out to @AmazonHelp regarding general product or policy inquiry.,You can download official tax invoices directly from Your Orders by clicking 'Invoice' on the order details page: https://amzn.to/your-orders ^DL,general_product_or_policy_inquiry,AUTO_HANDLE,Self-service business invoice download guidance.
conv_amzn_01334,AmazonHelp,conv_amzn_01334,@AmazonHelp I dropped off my return of Levi's Denim Jacket at Whole Foods Market customer desk on Saturday. When should I expect the refund to appear on my credit card?,Customer reaching out to @AmazonHelp regarding return and refund status.,"Once the return is received, refunds typically take 3 to 5 business days to process back to your original payment method. You can track refund progress under Your Orders: https://amzn.to/refund-status ^JW",return_and_refund_status,AUTO_HANDLE,Standard banking processing timeline explanation.
conv_amzn_01335,AmazonHelp,conv_amzn_01335,"@AmazonHelp Tracking says 'Out for Delivery' since Saturday, but there have been no new updates for 4 days. Is my order #114-1964946-1384855 lost?",Customer reaching out to @AmazonHelp regarding delivery delay and tracking.,We understand your concern regarding the lack of tracking movement. Please send us a direct message with your order number and email address so we can initiate an investigation with the carrier: https://amzn.to/dm ^KL,delivery_delay_and_tracking,ESCALATE_TO_HUMAN,Carrier stall exceeding 48h SLA; requires human carrier tracing.
conv_amzn_01336,AmazonHelp,conv_amzn_01336,"@AmazonHelp Driver marked package attempted because they couldn't access the building gate, but no one buzzed my apartment 626!",Customer reaching out to @AmazonHelp regarding delivery delay and tracking.,"We're sorry for the inconvenience! Drivers will automatically re-attempt delivery on the next business day. You can add permanent gate codes in Your Account > Addresses: https://amzn.to/delivery-instructions. If urgent, DM us: https://amzn.to/dm ^KL",delivery_delay_and_tracking,AUTO_HANDLE,Gate access issue; self-service delivery instruction update provided.
conv_amzn_01337,AmazonHelp,conv_amzn_01337,"@AmazonHelp My Sony Wireless Headphones was promised for delivery by 5 PM today, but tracking shows it hasn't even left the facility. Order #113-4828357-1390769.",Customer reaching out to @AmazonHelp regarding delivery delay and tracking.,"We apologize for the delay! Carrier transit times can vary. You can view the most up-to-date tracking information here: https://amzn.to/track. If it doesn't arrive by tomorrow evening, please DM us with your order ID: https://amzn.to/dm ^AB",delivery_delay_and_tracking,AUTO_HANDLE,Standard transit buffer; directed customer to official live tracking.
conv_amzn_01338,AmazonHelp,conv_amzn_01338,@AmazonHelp It has been 36 hours since my package #114-8781061-5365180 was marked delivered. I checked with neighbors and my building management. It is not here.,Customer reaching out to @AmazonHelp regarding missing or stolen package.,"Thank you for thoroughly checking around your property. Since 36 hours have passed, please DM us your order ID so our team can file a missing package claim and issue a replacement or refund: https://amzn.to/dm ^SJ",missing_or_stolen_package,ESCALATE_TO_HUMAN,Waiting window expired and parcel missing; requires human claims specialist.
conv_amzn_01339,AmazonHelp,conv_amzn_01339,"@AmazonHelp My Sony Wireless Headphones was promised for delivery by 8 PM today, but tracking shows it hasn't even left the facility. Order #113-1800052-1593690.",Customer reaching out to @AmazonHelp regarding delivery delay and tracking.,"We apologize for the delay! Carrier transit times can vary. You can view the most up-to-date tracking information here: https://amzn.to/track. If it doesn't arrive by tomorrow evening, please DM us with your order ID: https://amzn.to/dm ^KL",delivery_delay_and_tracking,AUTO_HANDLE,Standard transit buffer; directed customer to official live tracking.
conv_amzn_01340,AmazonHelp,conv_amzn_01340,@AmazonHelp Delivery photo shows a completely different apartment number (752) and a red doormat. I live in unit 667 and don't have a red mat!,Customer reaching out to @AmazonHelp regarding missing or stolen package.,"We apologize for the misdelivery! Please send us a direct message with your order number so we can review the courier photo, verify your unit, and process an immediate replacement: https://amzn.to/dm ^TB",missing_or_stolen_package,ESCALATE_TO_HUMAN,Photographic proof of misdelivery to wrong unit; requires replacement authorization.
conv_amzn_01341,AmazonHelp,conv_amzn_01341,@AmazonHelp Order #112-1629265-5379750 contains urgent medical supplies for my family that was guaranteed yesterday. Where is the courier right now?,Customer reaching out to @AmazonHelp regarding delivery delay and tracking.,"We sincerely apologize for this critical delay. Given the urgency of these supplies, please DM us immediately so a priority dispatcher can coordinate with the local logistics hub: https://amzn.to/dm ^MK",delivery_delay_and_tracking,ESCALATE_TO_HUMAN,Time-critical urgent medical delivery requiring priority dispatcher intervention.
conv_amzn_01342,AmazonHelp,conv_amzn_01342,"@AmazonHelp My Ninja Air Fryer was promised for delivery by 2 PM today, but tracking shows it hasn't even left the facility. Order #113-1831317-5465281.",Customer reaching out to @AmazonHelp regarding delivery delay and tracking.,"We apologize for the delay! Carrier transit times can vary. You can view the most up-to-date tracking information here: https://amzn.to/track. If it doesn't arrive by tomorrow evening, please DM us with your order ID: https://amzn.to/dm ^MK",delivery_delay_and_tracking,AUTO_HANDLE,Standard transit buffer; directed customer to official live tracking.
conv_amzn_01343,AmazonHelp,conv_amzn_01343,@AmazonHelp It has been 36 hours since my package #112-7178063-2242351 was marked delivered. I checked with neighbors and my building management. It is not here.,Customer reaching out to @AmazonHelp regarding missing or stolen package.,"Thank you for thoroughly checking around your property. Since 36 hours have passed, please DM us your order ID so our team can file a missing package claim and issue a replacement or refund: https://amzn.to/dm ^MK",missing_or_stolen_package,ESCALATE_TO_HUMAN,Waiting window expired and parcel missing; requires human claims specialist.
conv_amzn_01344,AmazonHelp,conv_amzn_01344,@AmazonHelp I ordered a Anker Portable Charger ($30.50) and you sent me a box of coffee mugs! Order #114-1272551-5137763. This is a totally different item!,Customer reaching out to @AmazonHelp regarding damaged or incorrect item.,We sincerely apologize for this warehouse mix-up! Please DM us your order number so our fulfillment escalation team can investigate the inventory error and dispatch the correct item immediately: https://amzn.to/dm ^RG,damaged_or_incorrect_item,ESCALATE_TO_HUMAN,Severe inventory mispick requiring warehouse audit and expedited replacement.
conv_amzn_01345,AmazonHelp,conv_amzn_01345,"@AmazonHelp I was just charged $42.50 for Amazon Prime annual renewal today, but I forgot to cancel. Can I get a refund if I haven't used it?",Customer reaching out to @AmazonHelp regarding prime membership and billing.,"Yes! If you haven't used any Prime benefits since the renewal charge, you will automatically receive a full refund when you cancel at: https://amzn.to/manage-prime ^SJ",prime_membership_and_billing,AUTO_HANDLE,Prorated/unused Prime auto-refund policy self-service guidance.
conv_amzn_01346,AmazonHelp,conv_amzn_01346,@AmazonHelp Delivery photo shows a completely different apartment number (578) and a red doormat. I live in unit 747 and don't have a red mat!,Customer reaching out to @AmazonHelp regarding missing or stolen package.,"We apologize for the misdelivery! Please send us a direct message with your order number so we can review the courier photo, verify your unit, and process an immediate replacement: https://amzn.to/dm ^JW",missing_or_stolen_package,ESCALATE_TO_HUMAN,Photographic proof of misdelivery to wrong unit; requires replacement authorization.
conv_amzn_01347,AmazonHelp,conv_amzn_01347,@AmazonHelp Delivery photo shows a completely different apartment number (512) and a red doormat. I live in unit 385 and don't have a red mat!,Customer reaching out to @AmazonHelp regarding missing or stolen package.,"We apologize for the misdelivery! Please send us a direct message with your order number so we can review the courier photo, verify your unit, and process an immediate replacement: https://amzn.to/dm ^AB",missing_or_stolen_package,ESCALATE_TO_HUMAN,Photographic proof of misdelivery to wrong unit; requires replacement authorization.
conv_amzn_01348,AmazonHelp,conv_amzn_01348,@AmazonHelp Delivery photo shows a completely different apartment number (460) and a red doormat. I live in unit 718 and don't have a red mat!,Customer reaching out to @AmazonHelp regarding missing or stolen package.,"We apologize for the misdelivery! Please send us a direct message with your order number so we can review the courier photo, verify your unit, and process an immediate replacement: https://amzn.to/dm ^KL",missing_or_stolen_package,ESCALATE_TO_HUMAN,Photographic proof of misdelivery to wrong unit; requires replacement authorization.
conv_amzn_01349,AmazonHelp,conv_amzn_01349,@AmazonHelp I ordered a Dyson V8 Vacuum ($398.00) and you sent me a box of coffee mugs! Order #111-4803441-5371130. This is a totally different item!,Customer reaching out to @AmazonHelp regarding damaged or incorrect item.,We sincerely apologize for this warehouse mix-up! Please DM us your order number so our fulfillment escalation team can investigate the inventory error and dispatch the correct item immediately: https://amzn.to/dm ^JW,damaged_or_incorrect_item,ESCALATE_TO_HUMAN,Severe inventory mispick requiring warehouse audit and expedited replacement.
conv_amzn_01350,AmazonHelp,conv_amzn_01350,@AmazonHelp It has been 36 hours since my package #111-6476045-8936715 was marked delivered. I checked with neighbors and my building management. It is not here.,Customer reaching out to @AmazonHelp regarding missing or stolen package.,"Thank you for thoroughly checking around your property. Since 36 hours have passed, please DM us your order ID so our team can file a missing package claim and issue a replacement or refund: https://amzn.to/dm ^TB",missing_or_stolen_package,ESCALATE_TO_HUMAN,Waiting window expired and parcel missing; requires human claims specialist.
conv_amzn_01351,AmazonHelp,conv_amzn_01351,"@AmazonHelp I was just charged $307.50 for Amazon Prime annual renewal today, but I forgot to cancel. Can I get a refund if I haven't used it?",Customer reaching out to @AmazonHelp regarding prime membership and billing.,"Yes! If you haven't used any Prime benefits since the renewal charge, you will automatically receive a full refund when you cancel at: https://amzn.to/manage-prime ^RG",prime_membership_and_billing,AUTO_HANDLE,Prorated/unused Prime auto-refund policy self-service guidance.
conv_amzn_01352,AmazonHelp,conv_amzn_01352,"@AmazonHelp It has been 18 days since your return center acknowledged receipt of my #114-4388840-2448260, but my refund of $396.50 is still not issued. Where is my money?",Customer reaching out to @AmazonHelp regarding return and refund status.,We apologize for the delay. Eighteen days exceeds our normal processing timeline. Please send us a DM with your order number so a billing specialist can review the return status and manually release your refund: https://amzn.to/dm ^RG,return_and_refund_status,ESCALATE_TO_HUMAN,Refund overdue beyond standard SLA (>14 days); requires manual finance clearance.
conv_amzn_01353,AmazonHelp,conv_amzn_01353,@AmazonHelp I need an official tax invoice with VAT ID for my company purchase order #113-8654157-5450233.,Customer reaching out to @AmazonHelp regarding general product or policy inquiry.,You can download official tax invoices directly from Your Orders by clicking 'Invoice' on the order details page: https://amzn.to/your-orders ^RG,general_product_or_policy_inquiry,AUTO_HANDLE,Self-service business invoice download guidance.
conv_amzn_01354,AmazonHelp,conv_amzn_01354,@AmazonHelp Order #114-7868144-8592570 contains urgent medical supplies for my family that was guaranteed yesterday. Where is the courier right now?,Customer reaching out to @AmazonHelp regarding delivery delay and tracking.,"We sincerely apologize for this critical delay. Given the urgency of these supplies, please DM us immediately so a priority dispatcher can coordinate with the local logistics hub: https://amzn.to/dm ^MK",delivery_delay_and_tracking,ESCALATE_TO_HUMAN,Time-critical urgent medical delivery requiring priority dispatcher intervention.
conv_amzn_01355,AmazonHelp,conv_amzn_01355,@AmazonHelp I ordered a Instant Pot Duo ($174.99) and you sent me a box of dog food! Order #114-6556783-1561627. This is a totally different item!,Customer reaching out to @AmazonHelp regarding damaged or incorrect item.,We sincerely apologize for this warehouse mix-up! Please DM us your order number so our fulfillment escalation team can investigate the inventory error and dispatch the correct item immediately: https://amzn.to/dm ^SJ,damaged_or_incorrect_item,ESCALATE_TO_HUMAN,Severe inventory mispick requiring warehouse audit and expedited replacement.
conv_amzn_01356,AmazonHelp,conv_amzn_01356,@AmazonHelp It has been 36 hours since my package #111-9438406-3050690 was marked delivered. I checked with neighbors and my building management. It is not here.,Customer reaching out to @AmazonHelp regarding missing or stolen package.,"Thank you for thoroughly checking around your property. Since 36 hours have passed, please DM us your order ID so our team can file a missing package claim and issue a replacement or refund: https://amzn.to/dm ^JW",missing_or_stolen_package,ESCALATE_TO_HUMAN,Waiting window expired and parcel missing; requires human claims specialist.
conv_amzn_01357,AmazonHelp,conv_amzn_01357,"@AmazonHelp I was just charged $160.50 for Amazon Prime annual renewal today, but I forgot to cancel. Can I get a refund if I haven't used it?",Customer reaching out to @AmazonHelp regarding prime membership and billing.,"Yes! If you haven't used any Prime benefits since the renewal charge, you will automatically receive a full refund when you cancel at: https://amzn.to/manage-prime ^AB",prime_membership_and_billing,AUTO_HANDLE,Prorated/unused Prime auto-refund policy self-service guidance.
conv_amzn_01358,AmazonHelp,conv_amzn_01358,@AmazonHelp I ordered a Apple AirPods Pro ($136.99) and you sent me a box of cat litter! Order #112-2718950-1227574. This is a totally different item!,Customer reaching out to @AmazonHelp regarding damaged or incorrect item.,We sincerely apologize for this warehouse mix-up! Please DM us your order number so our fulfillment escalation team can investigate the inventory error and dispatch the correct item immediately: https://amzn.to/dm ^MK,damaged_or_incorrect_item,ESCALATE_TO_HUMAN,Severe inventory mispick requiring warehouse audit and expedited replacement.
conv_amzn_01359,AmazonHelp,conv_amzn_01359,@AmazonHelp Order #111-2348277-1516809 contains urgent medical supplies for my family that was guaranteed yesterday. Where is the courier right now?,Customer reaching out to @AmazonHelp regarding delivery delay and tracking.,"We sincerely apologize for this critical delay. Given the urgency of these supplies, please DM us immediately so a priority dispatcher can coordinate with the local logistics hub: https://amzn.to/dm ^JW",delivery_delay_and_tracking,ESCALATE_TO_HUMAN,Time-critical urgent medical delivery requiring priority dispatcher intervention.
conv_amzn_01360,AmazonHelp,conv_amzn_01360,@AmazonHelp Order #112-7839293-4519311 contains urgent medical supplies for my family that was guaranteed yesterday. Where is the courier right now?,Customer reaching out to @AmazonHelp regarding delivery delay and tracking.,"We sincerely apologize for this critical delay. Given the urgency of these supplies, please DM us immediately so a priority dispatcher can coordinate with the local logistics hub: https://amzn.to/dm ^AB",delivery_delay_and_tracking,ESCALATE_TO_HUMAN,Time-critical urgent medical delivery requiring priority dispatcher intervention.
conv_amzn_01361,AmazonHelp,conv_amzn_01361,@AmazonHelp I dropped off my return of Dyson V8 Vacuum at Kohl's Drop-off on Wednesday. When should I expect the refund to appear on my credit card?,Customer reaching out to @AmazonHelp regarding return and refund status.,"Once the return is received, refunds typically take 3 to 5 business days to process back to your original payment method. You can track refund progress under Your Orders: https://amzn.to/refund-status ^MK",return_and_refund_status,AUTO_HANDLE,Standard banking processing timeline explanation.
conv_amzn_01362,AmazonHelp,conv_amzn_01362,@AmazonHelp I dropped off my return of Dyson V8 Vacuum at Whole Foods Market customer desk on Saturday. When should I expect the refund to appear on my credit card?,Customer reaching out to @AmazonHelp regarding return and refund status.,"Once the return is received, refunds typically take 3 to 5 business days to process back to your original payment method. You can track refund progress under Your Orders: https://amzn.to/refund-status ^KL",return_and_refund_status,AUTO_HANDLE,Standard banking processing timeline explanation.
conv_amzn_01363,AmazonHelp,conv_amzn_01363,"@AmazonHelp I was just charged $183.00 for Amazon Prime annual renewal today, but I forgot to cancel. Can I get a refund if I haven't used it?",Customer reaching out to @AmazonHelp regarding prime membership and billing.,"Yes! If you haven't used any Prime benefits since the renewal charge, you will automatically receive a full refund when you cancel at: https://amzn.to/manage-prime ^TB",prime_membership_and_billing,AUTO_HANDLE,Prorated/unused Prime auto-refund policy self-service guidance.
conv_amzn_01364,AmazonHelp,conv_amzn_01364,"@AmazonHelp Driver marked package attempted because they couldn't access the building gate, but no one buzzed my apartment 897!",Customer reaching out to @AmazonHelp regarding delivery delay and tracking.,"We're sorry for the inconvenience! Drivers will automatically re-attempt delivery on the next business day. You can add permanent gate codes in Your Account > Addresses: https://amzn.to/delivery-instructions. If urgent, DM us: https://amzn.to/dm ^TB",delivery_delay_and_tracking,AUTO_HANDLE,Gate access issue; self-service delivery instruction update provided.
conv_amzn_01365,AmazonHelp,conv_amzn_01365,"@AmazonHelp My Anker Portable Charger was promised for delivery by 2 PM today, but tracking shows it hasn't even left the facility. Order #114-4071022-6059829.",Customer reaching out to @AmazonHelp regarding delivery delay and tracking.,"We apologize for the delay! Carrier transit times can vary. You can view the most up-to-date tracking information here: https://amzn.to/track. If it doesn't arrive by tomorrow evening, please DM us with your order ID: https://amzn.to/dm ^KL",delivery_delay_and_tracking,AUTO_HANDLE,Standard transit buffer; directed customer to official live tracking.
conv_amzn_01366,AmazonHelp,conv_amzn_01366,@AmazonHelp Delivery photo shows a completely different apartment number (831) and a red doormat. I live in unit 898 and don't have a red mat!,Customer reaching out to @AmazonHelp regarding missing or stolen package.,"We apologize for the misdelivery! Please send us a direct message with your order number so we can review the courier photo, verify your unit, and process an immediate replacement: https://amzn.to/dm ^MK",missing_or_stolen_package,ESCALATE_TO_HUMAN,Photographic proof of misdelivery to wrong unit; requires replacement authorization.
conv_amzn_01367,AmazonHelp,conv_amzn_01367,@AmazonHelp It has been 36 hours since my package #112-2809382-9302707 was marked delivered. I checked with neighbors and my building management. It is not here.,Customer reaching out to @AmazonHelp regarding missing or stolen package.,"Thank you for thoroughly checking around your property. Since 36 hours have passed, please DM us your order ID so our team can file a missing package claim and issue a replacement or refund: https://amzn.to/dm ^JW",missing_or_stolen_package,ESCALATE_TO_HUMAN,Waiting window expired and parcel missing; requires human claims specialist.
conv_amzn_01368,AmazonHelp,conv_amzn_01368,@AmazonHelp Delivery photo shows a completely different apartment number (352) and a red doormat. I live in unit 828 and don't have a red mat!,Customer reaching out to @AmazonHelp regarding missing or stolen package.,"We apologize for the misdelivery! Please send us a direct message with your order number so we can review the courier photo, verify your unit, and process an immediate replacement: https://amzn.to/dm ^JW",missing_or_stolen_package,ESCALATE_TO_HUMAN,Photographic proof of misdelivery to wrong unit; requires replacement authorization.
conv_amzn_01369,AmazonHelp,conv_amzn_01369,@AmazonHelp Delivery photo shows a completely different apartment number (706) and a red doormat. I live in unit 429 and don't have a red mat!,Customer reaching out to @AmazonHelp regarding missing or stolen package.,"We apologize for the misdelivery! Please send us a direct message with your order number so we can review the courier photo, verify your unit, and process an immediate replacement: https://amzn.to/dm ^AB",missing_or_stolen_package,ESCALATE_TO_HUMAN,Photographic proof of misdelivery to wrong unit; requires replacement authorization.
conv_amzn_01370,AmazonHelp,conv_amzn_01370,"@AmazonHelp It has been 18 days since your return center acknowledged receipt of my #113-8222340-4816622, but my refund of $128.50 is still not issued. Where is my money?",Customer reaching out to @AmazonHelp regarding return and refund status.,We apologize for the delay. Eighteen days exceeds our normal processing timeline. Please send us a DM with your order number so a billing specialist can review the return status and manually release your refund: https://amzn.to/dm ^JW,return_and_refund_status,ESCALATE_TO_HUMAN,Refund overdue beyond standard SLA (>14 days); requires manual finance clearance.
conv_amzn_01371,AmazonHelp,conv_amzn_01371,"@AmazonHelp Driver marked package attempted because they couldn't access the building gate, but no one buzzed my apartment 656!",Customer reaching out to @AmazonHelp regarding delivery delay and tracking.,"We're sorry for the inconvenience! Drivers will automatically re-attempt delivery on the next business day. You can add permanent gate codes in Your Account > Addresses: https://amzn.to/delivery-instructions. If urgent, DM us: https://amzn.to/dm ^DL",delivery_delay_and_tracking,AUTO_HANDLE,Gate access issue; self-service delivery instruction update provided.
conv_amzn_01372,AmazonHelp,conv_amzn_01372,"@AmazonHelp It has been 18 days since your return center acknowledged receipt of my #113-7795052-7046959, but my refund of $383.00 is still not issued. Where is my money?",Customer reaching out to @AmazonHelp regarding return and refund status.,We apologize for the delay. Eighteen days exceeds our normal processing timeline. Please send us a DM with your order number so a billing specialist can review the return status and manually release your refund: https://amzn.to/dm ^JW,return_and_refund_status,ESCALATE_TO_HUMAN,Refund overdue beyond standard SLA (>14 days); requires manual finance clearance.
conv_amzn_01373,AmazonHelp,conv_amzn_01373,"@AmazonHelp I was just charged $37.50 for Amazon Prime annual renewal today, but I forgot to cancel. Can I get a refund if I haven't used it?",Customer reaching out to @AmazonHelp regarding prime membership and billing.,"Yes! If you haven't used any Prime benefits since the renewal charge, you will automatically receive a full refund when you cancel at: https://amzn.to/manage-prime ^AB",prime_membership_and_billing,AUTO_HANDLE,Prorated/unused Prime auto-refund policy self-service guidance.
conv_amzn_01374,AmazonHelp,conv_amzn_01374,"@AmazonHelp My Ninja Air Fryer was promised for delivery by 8 PM today, but tracking shows it hasn't even left the facility. Order #114-8603939-4729374.",Customer reaching out to @AmazonHelp regarding delivery delay and tracking.,"We apologize for the delay! Carrier transit times can vary. You can view the most up-to-date tracking information here: https://amzn.to/track. If it doesn't arrive by tomorrow evening, please DM us with your order ID: https://amzn.to/dm ^KL",delivery_delay_and_tracking,AUTO_HANDLE,Standard transit buffer; directed customer to official live tracking.
conv_amzn_01375,AmazonHelp,conv_amzn_01375,"@AmazonHelp My Apple AirPods Pro was promised for delivery by 8 PM today, but tracking shows it hasn't even left the facility. Order #112-1404500-2199343.",Customer reaching out to @AmazonHelp regarding delivery delay and tracking.,"We apologize for the delay! Carrier transit times can vary. You can view the most up-to-date tracking information here: https://amzn.to/track. If it doesn't arrive by tomorrow evening, please DM us with your order ID: https://amzn.to/dm ^SJ",delivery_delay_and_tracking,AUTO_HANDLE,Standard transit buffer; directed customer to official live tracking.
conv_amzn_01376,AmazonHelp,conv_amzn_01376,@AmazonHelp I need an official tax invoice with VAT ID for my company purchase order #112-6065597-4168996.,Customer reaching out to @AmazonHelp regarding general product or policy inquiry.,You can download official tax invoices directly from Your Orders by clicking 'Invoice' on the order details page: https://amzn.to/your-orders ^JW,general_product_or_policy_inquiry,AUTO_HANDLE,Self-service business invoice download guidance.
conv_amzn_01377,AmazonHelp,conv_amzn_01377,@AmazonHelp I dropped off my return of Oral-B Electric Toothbrush at The UPS Store on Wednesday. When should I expect the refund to appear on my credit card?,Customer reaching out to @AmazonHelp regarding return and refund status.,"Once the return is received, refunds typically take 3 to 5 business days to process back to your original payment method. You can track refund progress under Your Orders: https://amzn.to/refund-status ^MK",return_and_refund_status,AUTO_HANDLE,Standard banking processing timeline explanation.
conv_amzn_01378,AmazonHelp,conv_amzn_01378,@AmazonHelp Delivery photo shows a completely different apartment number (555) and a red doormat. I live in unit 475 and don't have a red mat!,Customer reaching out to @AmazonHelp regarding missing or stolen package.,"We apologize for the misdelivery! Please send us a direct message with your order number so we can review the courier photo, verify your unit, and process an immediate replacement: https://amzn.to/dm ^KL",missing_or_stolen_package,ESCALATE_TO_HUMAN,Photographic proof of misdelivery to wrong unit; requires replacement authorization.
conv_amzn_01379,AmazonHelp,conv_amzn_01379,"@AmazonHelp My Fitbit Charge 6 was promised for delivery by 2 PM today, but tracking shows it hasn't even left the facility. Order #113-1554491-2951567.",Customer reaching out to @AmazonHelp regarding delivery delay and tracking.,"We apologize for the delay! Carrier transit times can vary. You can view the most up-to-date tracking information here: https://amzn.to/track. If it doesn't arrive by tomorrow evening, please DM us with your order ID: https://amzn.to/dm ^MK",delivery_delay_and_tracking,AUTO_HANDLE,Standard transit buffer; directed customer to official live tracking.
conv_amzn_01380,AmazonHelp,conv_amzn_01380,@AmazonHelp I dropped off my return of Samsung 55-inch OLED TV at Kohl's Drop-off on Friday. When should I expect the refund to appear on my credit card?,Customer reaching out to @AmazonHelp regarding return and refund status.,"Once the return is received, refunds typically take 3 to 5 business days to process back to your original payment method. You can track refund progress under Your Orders: https://amzn.to/refund-status ^TB",return_and_refund_status,AUTO_HANDLE,Standard banking processing timeline explanation.
conv_amzn_01381,AmazonHelp,conv_amzn_01381,@AmazonHelp Delivery photo shows a completely different apartment number (366) and a red doormat. I live in unit 399 and don't have a red mat!,Customer reaching out to @AmazonHelp regarding missing or stolen package.,"We apologize for the misdelivery! Please send us a direct message with your order number so we can review the courier photo, verify your unit, and process an immediate replacement: https://amzn.to/dm ^MK",missing_or_stolen_package,ESCALATE_TO_HUMAN,Photographic proof of misdelivery to wrong unit; requires replacement authorization.
conv_amzn_01382,AmazonHelp,conv_amzn_01382,"@AmazonHelp It has been 18 days since your return center acknowledged receipt of my #114-8251655-1674499, but my refund of $530.00 is still not issued. Where is my money?",Customer reaching out to @AmazonHelp regarding return and refund status.,We apologize for the delay. Eighteen days exceeds our normal processing timeline. Please send us a DM with your order number so a billing specialist can review the return status and manually release your refund: https://amzn.to/dm ^DL,return_and_refund_status,ESCALATE_TO_HUMAN,Refund overdue beyond standard SLA (>14 days); requires manual finance clearance.
conv_amzn_01383,AmazonHelp,conv_amzn_01383,@AmazonHelp I need an official tax invoice with VAT ID for my company purchase order #111-7985282-7830361.,Customer reaching out to @AmazonHelp regarding general product or policy inquiry.,You can download official tax invoices directly from Your Orders by clicking 'Invoice' on the order details page: https://amzn.to/your-orders ^JW,general_product_or_policy_inquiry,AUTO_HANDLE,Self-service business invoice download guidance.
conv_amzn_01384,AmazonHelp,conv_amzn_01384,@AmazonHelp I dropped off my return of Fitbit Charge 6 at Amazon Locker on Wednesday. When should I expect the refund to appear on my credit card?,Customer reaching out to @AmazonHelp regarding return and refund status.,"Once the return is received, refunds typically take 3 to 5 business days to process back to your original payment method. You can track refund progress under Your Orders: https://amzn.to/refund-status ^AB",return_and_refund_status,AUTO_HANDLE,Standard banking processing timeline explanation.
conv_amzn_01385,AmazonHelp,conv_amzn_01385,@AmazonHelp I ordered a Sony Wireless Headphones ($508.50) and you sent me a box of dog food! Order #112-6409978-1271532. This is a totally different item!,Customer reaching out to @AmazonHelp regarding damaged or incorrect item.,We sincerely apologize for this warehouse mix-up! Please DM us your order number so our fulfillment escalation team can investigate the inventory error and dispatch the correct item immediately: https://amzn.to/dm ^JW,damaged_or_incorrect_item,ESCALATE_TO_HUMAN,Severe inventory mispick requiring warehouse audit and expedited replacement.
conv_amzn_01386,AmazonHelp,conv_amzn_01386,@AmazonHelp Order #114-5127236-4856040 contains urgent medical supplies for my family that was guaranteed yesterday. Where is the courier right now?,Customer reaching out to @AmazonHelp regarding delivery delay and tracking.,"We sincerely apologize for this critical delay. Given the urgency of these supplies, please DM us immediately so a priority dispatcher can coordinate with the local logistics hub: https://amzn.to/dm ^RG",delivery_delay_and_tracking,ESCALATE_TO_HUMAN,Time-critical urgent medical delivery requiring priority dispatcher intervention.
conv_amzn_01387,AmazonHelp,conv_amzn_01387,@AmazonHelp I ordered a LEGO Star Wars Set ($92.99) and you sent me a box of baby wipes! Order #113-4180962-9752752. This is a totally different item!,Customer reaching out to @AmazonHelp regarding damaged or incorrect item.,We sincerely apologize for this warehouse mix-up! Please DM us your order number so our fulfillment escalation team can investigate the inventory error and dispatch the correct item immediately: https://amzn.to/dm ^TB,damaged_or_incorrect_item,ESCALATE_TO_HUMAN,Severe inventory mispick requiring warehouse audit and expedited replacement.
conv_amzn_01388,AmazonHelp,conv_amzn_01388,@AmazonHelp I need an official tax invoice with VAT ID for my company purchase order #114-3520689-2360653.,Customer reaching out to @AmazonHelp regarding general product or policy inquiry.,You can download official tax invoices directly from Your Orders by clicking 'Invoice' on the order details page: https://amzn.to/your-orders ^SJ,general_product_or_policy_inquiry,AUTO_HANDLE,Self-service business invoice download guidance.
conv_amzn_01389,AmazonHelp,conv_amzn_01389,"@AmazonHelp Tracking says 'Departed facility' since Thursday, but there have been no new updates for 4 days. Is my order #113-3333682-4399501 lost?",Customer reaching out to @AmazonHelp regarding delivery delay and tracking.,We understand your concern regarding the lack of tracking movement. Please send us a direct message with your order number and email address so we can initiate an investigation with the carrier: https://amzn.to/dm ^TB,delivery_delay_and_tracking,ESCALATE_TO_HUMAN,Carrier stall exceeding 48h SLA; requires human carrier tracing.
conv_amzn_01390,AmazonHelp,conv_amzn_01390,@AmazonHelp Delivery photo shows a completely different apartment number (827) and a red doormat. I live in unit 772 and don't have a red mat!,Customer reaching out to @AmazonHelp regarding missing or stolen package.,"We apologize for the misdelivery! Please send us a direct message with your order number so we can review the courier photo, verify your unit, and process an immediate replacement: https://amzn.to/dm ^JW",missing_or_stolen_package,ESCALATE_TO_HUMAN,Photographic proof of misdelivery to wrong unit; requires replacement authorization.
conv_amzn_01391,AmazonHelp,conv_amzn_01391,"@AmazonHelp It has been 18 days since your return center acknowledged receipt of my #114-2643974-7185830, but my refund of $27.50 is still not issued. Where is my money?",Customer reaching out to @AmazonHelp regarding return and refund status.,We apologize for the delay. Eighteen days exceeds our normal processing timeline. Please send us a DM with your order number so a billing specialist can review the return status and manually release your refund: https://amzn.to/dm ^SJ,return_and_refund_status,ESCALATE_TO_HUMAN,Refund overdue beyond standard SLA (>14 days); requires manual finance clearance.
conv_amzn_01392,AmazonHelp,conv_amzn_01392,"@AmazonHelp I was just charged $372.00 for Amazon Prime annual renewal today, but I forgot to cancel. Can I get a refund if I haven't used it?",Customer reaching out to @AmazonHelp regarding prime membership and billing.,"Yes! If you haven't used any Prime benefits since the renewal charge, you will automatically receive a full refund when you cancel at: https://amzn.to/manage-prime ^JW",prime_membership_and_billing,AUTO_HANDLE,Prorated/unused Prime auto-refund policy self-service guidance.
conv_amzn_01393,AmazonHelp,conv_amzn_01393,@AmazonHelp I ordered a LEGO Star Wars Set ($84.99) and you sent me a box of cat litter! Order #111-2000035-8413785. This is a totally different item!,Customer reaching out to @AmazonHelp regarding damaged or incorrect item.,We sincerely apologize for this warehouse mix-up! Please DM us your order number so our fulfillment escalation team can investigate the inventory error and dispatch the correct item immediately: https://amzn.to/dm ^SJ,damaged_or_incorrect_item,ESCALATE_TO_HUMAN,Severe inventory mispick requiring warehouse audit and expedited replacement.
conv_amzn_01394,AmazonHelp,conv_amzn_01394,@AmazonHelp I need an official tax invoice with VAT ID for my company purchase order #111-3639730-8272677.,Customer reaching out to @AmazonHelp regarding general product or policy inquiry.,You can download official tax invoices directly from Your Orders by clicking 'Invoice' on the order details page: https://amzn.to/your-orders ^JW,general_product_or_policy_inquiry,AUTO_HANDLE,Self-service business invoice download guidance.
conv_amzn_01395,AmazonHelp,conv_amzn_01395,"@AmazonHelp Driver marked package attempted because they couldn't access the building gate, but no one buzzed my apartment 658!",Customer reaching out to @AmazonHelp regarding delivery delay and tracking.,"We're sorry for the inconvenience! Drivers will automatically re-attempt delivery on the next business day. You can add permanent gate codes in Your Account > Addresses: https://amzn.to/delivery-instructions. If urgent, DM us: https://amzn.to/dm ^KL",delivery_delay_and_tracking,AUTO_HANDLE,Gate access issue; self-service delivery instruction update provided.
conv_amzn_01396,AmazonHelp,conv_amzn_01396,"@AmazonHelp It has been 18 days since your return center acknowledged receipt of my #114-6633681-4233621, but my refund of $577.99 is still not issued. Where is my money?",Customer reaching out to @AmazonHelp regarding return and refund status.,We apologize for the delay. Eighteen days exceeds our normal processing timeline. Please send us a DM with your order number so a billing specialist can review the return status and manually release your refund: https://amzn.to/dm ^DL,return_and_refund_status,ESCALATE_TO_HUMAN,Refund overdue beyond standard SLA (>14 days); requires manual finance clearance.
conv_amzn_01397,AmazonHelp,conv_amzn_01397,"@AmazonHelp My Ceramic Dinnerware Set was promised for delivery by 9 PM today, but tracking shows it hasn't even left the facility. Order #112-6968941-1463859.",Customer reaching out to @AmazonHelp regarding delivery delay and tracking.,"We apologize for the delay! Carrier transit times can vary. You can view the most up-to-date tracking information here: https://amzn.to/track. If it doesn't arrive by tomorrow evening, please DM us with your order ID: https://amzn.to/dm ^MK",delivery_delay_and_tracking,AUTO_HANDLE,Standard transit buffer; directed customer to official live tracking.
conv_amzn_01398,AmazonHelp,conv_amzn_01398,"@AmazonHelp My Ninja Air Fryer was promised for delivery by 2 PM today, but tracking shows it hasn't even left the facility. Order #112-3025629-7266476.",Customer reaching out to @AmazonHelp regarding delivery delay and tracking.,"We apologize for the delay! Carrier transit times can vary. You can view the most up-to-date tracking information here: https://amzn.to/track. If it doesn't arrive by tomorrow evening, please DM us with your order ID: https://amzn.to/dm ^MK",delivery_delay_and_tracking,AUTO_HANDLE,Standard transit buffer; directed customer to official live tracking.
conv_amzn_01399,AmazonHelp,conv_amzn_01399,"@AmazonHelp I was just charged $407.99 for Amazon Prime annual renewal today, but I forgot to cancel. Can I get a refund if I haven't used it?",Customer reaching out to @AmazonHelp regarding prime membership and billing.,"Yes! If you haven't used any Prime benefits since the renewal charge, you will automatically receive a full refund when you cancel at: https://amzn.to/manage-prime ^AB",prime_membership_and_billing,AUTO_HANDLE,Prorated/unused Prime auto-refund policy self-service guidance.
conv_amzn_01400,AmazonHelp,conv_amzn_01400,@AmazonHelp Delivery photo shows a completely different apartment number (272) and a red doormat. I live in unit 767 and don't have a red mat!,Customer reaching out to @AmazonHelp regarding missing or stolen package.,"We apologize for the misdelivery! Please send us a direct message with your order number so we can review the courier photo, verify your unit, and process an immediate replacement: https://amzn.to/dm ^RG",missing_or_stolen_package,ESCALATE_TO_HUMAN,Photographic proof of misdelivery to wrong unit; requires replacement authorization.
conv_amzn_01401,AmazonHelp,conv_amzn_01401,"@AmazonHelp I was just charged $182.99 for Amazon Prime annual renewal today, but I forgot to cancel. Can I get a refund if I haven't used it?",Customer reaching out to @AmazonHelp regarding prime membership and billing.,"Yes! If you haven't used any Prime benefits since the renewal charge, you will automatically receive a full refund when you cancel at: https://amzn.to/manage-prime ^TB",prime_membership_and_billing,AUTO_HANDLE,Prorated/unused Prime auto-refund policy self-service guidance.
conv_amzn_01402,AmazonHelp,conv_amzn_01402,"@AmazonHelp It has been 18 days since your return center acknowledged receipt of my #113-1251641-2386861, but my refund of $277.99 is still not issued. Where is my money?",Customer reaching out to @AmazonHelp regarding return and refund status.,We apologize for the delay. Eighteen days exceeds our normal processing timeline. Please send us a DM with your order number so a billing specialist can review the return status and manually release your refund: https://amzn.to/dm ^MK,return_and_refund_status,ESCALATE_TO_HUMAN,Refund overdue beyond standard SLA (>14 days); requires manual finance clearance.
conv_amzn_01403,AmazonHelp,conv_amzn_01403,@AmazonHelp Order #111-8913295-4832407 contains urgent medical supplies for my family that was guaranteed yesterday. Where is the courier right now?,Customer reaching out to @AmazonHelp regarding delivery delay and tracking.,"We sincerely apologize for this critical delay. Given the urgency of these supplies, please DM us immediately so a priority dispatcher can coordinate with the local logistics hub: https://amzn.to/dm ^SJ",delivery_delay_and_tracking,ESCALATE_TO_HUMAN,Time-critical urgent medical delivery requiring priority dispatcher intervention.
conv_amzn_01404,AmazonHelp,conv_amzn_01404,@AmazonHelp I dropped off my return of Fitbit Charge 6 at Amazon Locker on Monday. When should I expect the refund to appear on my credit card?,Customer reaching out to @AmazonHelp regarding return and refund status.,"Once the return is received, refunds typically take 3 to 5 business days to process back to your original payment method. You can track refund progress under Your Orders: https://amzn.to/refund-status ^JW",return_and_refund_status,AUTO_HANDLE,Standard banking processing timeline explanation.
conv_amzn_01405,AmazonHelp,conv_amzn_01405,@AmazonHelp I need an official tax invoice with VAT ID for my company purchase order #112-9038768-1212610.,Customer reaching out to @AmazonHelp regarding general product or policy inquiry.,You can download official tax invoices directly from Your Orders by clicking 'Invoice' on the order details page: https://amzn.to/your-orders ^KL,general_product_or_policy_inquiry,AUTO_HANDLE,Self-service business invoice download guidance.
conv_amzn_01406,AmazonHelp,conv_amzn_01406,"@AmazonHelp It has been 18 days since your return center acknowledged receipt of my #114-2986159-2740876, but my refund of $148.99 is still not issued. Where is my money?",Customer reaching out to @AmazonHelp regarding return and refund status.,We apologize for the delay. Eighteen days exceeds our normal processing timeline. Please send us a DM with your order number so a billing specialist can review the return status and manually release your refund: https://amzn.to/dm ^JW,return_and_refund_status,ESCALATE_TO_HUMAN,Refund overdue beyond standard SLA (>14 days); requires manual finance clearance.
conv_amzn_01407,AmazonHelp,conv_amzn_01407,@AmazonHelp I ordered a Keurig Coffee Maker ($317.99) and you sent me a box of cat litter! Order #112-8755634-9743256. This is a totally different item!,Customer reaching out to @AmazonHelp regarding damaged or incorrect item.,We sincerely apologize for this warehouse mix-up! Please DM us your order number so our fulfillment escalation team can investigate the inventory error and dispatch the correct item immediately: https://amzn.to/dm ^JW,damaged_or_incorrect_item,ESCALATE_TO_HUMAN,Severe inventory mispick requiring warehouse audit and expedited replacement.
conv_amzn_01408,AmazonHelp,conv_amzn_01408,@AmazonHelp Order #112-5759491-2543203 contains urgent medical supplies for my family that was guaranteed yesterday. Where is the courier right now?,Customer reaching out to @AmazonHelp regarding delivery delay and tracking.,"We sincerely apologize for this critical delay. Given the urgency of these supplies, please DM us immediately so a priority dispatcher can coordinate with the local logistics hub: https://amzn.to/dm ^JW",delivery_delay_and_tracking,ESCALATE_TO_HUMAN,Time-critical urgent medical delivery requiring priority dispatcher intervention.
conv_amzn_01409,AmazonHelp,conv_amzn_01409,@AmazonHelp Delivery photo shows a completely different apartment number (417) and a red doormat. I live in unit 898 and don't have a red mat!,Customer reaching out to @AmazonHelp regarding missing or stolen package.,"We apologize for the misdelivery! Please send us a direct message with your order number so we can review the courier photo, verify your unit, and process an immediate replacement: https://amzn.to/dm ^MK",missing_or_stolen_package,ESCALATE_TO_HUMAN,Photographic proof of misdelivery to wrong unit; requires replacement authorization.
conv_amzn_01410,AmazonHelp,conv_amzn_01410,@AmazonHelp It has been 36 hours since my package #114-7055665-8583412 was marked delivered. I checked with neighbors and my building management. It is not here.,Customer reaching out to @AmazonHelp regarding missing or stolen package.,"Thank you for thoroughly checking around your property. Since 36 hours have passed, please DM us your order ID so our team can file a missing package claim and issue a replacement or refund: https://amzn.to/dm ^KL",missing_or_stolen_package,ESCALATE_TO_HUMAN,Waiting window expired and parcel missing; requires human claims specialist.
conv_amzn_01411,AmazonHelp,conv_amzn_01411,@AmazonHelp Delivery photo shows a completely different apartment number (179) and a red doormat. I live in unit 360 and don't have a red mat!,Customer reaching out to @AmazonHelp regarding missing or stolen package.,"We apologize for the misdelivery! Please send us a direct message with your order number so we can review the courier photo, verify your unit, and process an immediate replacement: https://amzn.to/dm ^SJ",missing_or_stolen_package,ESCALATE_TO_HUMAN,Photographic proof of misdelivery to wrong unit; requires replacement authorization.
conv_amzn_01412,AmazonHelp,conv_amzn_01412,@AmazonHelp I dropped off my return of Samsung 55-inch OLED TV at Amazon Locker on Tuesday. When should I expect the refund to appear on my credit card?,Customer reaching out to @AmazonHelp regarding return and refund status.,"Once the return is received, refunds typically take 3 to 5 business days to process back to your original payment method. You can track refund progress under Your Orders: https://amzn.to/refund-status ^TB",return_and_refund_status,AUTO_HANDLE,Standard banking processing timeline explanation.
conv_amzn_01413,AmazonHelp,conv_amzn_01413,@AmazonHelp I need an official tax invoice with VAT ID for my company purchase order #112-7140026-6133881.,Customer reaching out to @AmazonHelp regarding general product or policy inquiry.,You can download official tax invoices directly from Your Orders by clicking 'Invoice' on the order details page: https://amzn.to/your-orders ^DL,general_product_or_policy_inquiry,AUTO_HANDLE,Self-service business invoice download guidance.
conv_amzn_01414,AmazonHelp,conv_amzn_01414,"@AmazonHelp My Instant Pot Duo was promised for delivery by 8 PM today, but tracking shows it hasn't even left the facility. Order #112-3056637-4210328.",Customer reaching out to @AmazonHelp regarding delivery delay and tracking.,"We apologize for the delay! Carrier transit times can vary. You can view the most up-to-date tracking information here: https://amzn.to/track. If it doesn't arrive by tomorrow evening, please DM us with your order ID: https://amzn.to/dm ^AB",delivery_delay_and_tracking,AUTO_HANDLE,Standard transit buffer; directed customer to official live tracking.
conv_amzn_01415,AmazonHelp,conv_amzn_01415,"@AmazonHelp My Fitbit Charge 6 was promised for delivery by 5 PM today, but tracking shows it hasn't even left the facility. Order #112-4710784-1568658.",Customer reaching out to @AmazonHelp regarding delivery delay and tracking.,"We apologize for the delay! Carrier transit times can vary. You can view the most up-to-date tracking information here: https://amzn.to/track. If it doesn't arrive by tomorrow evening, please DM us with your order ID: https://amzn.to/dm ^AB",delivery_delay_and_tracking,AUTO_HANDLE,Standard transit buffer; directed customer to official live tracking.
conv_amzn_01416,AmazonHelp,conv_amzn_01416,"@AmazonHelp My Dyson V8 Vacuum was promised for delivery by 8 PM today, but tracking shows it hasn't even left the facility. Order #112-4207020-2387562.",Customer reaching out to @AmazonHelp regarding delivery delay and tracking.,"We apologize for the delay! Carrier transit times can vary. You can view the most up-to-date tracking information here: https://amzn.to/track. If it doesn't arrive by tomorrow evening, please DM us with your order ID: https://amzn.to/dm ^KL",delivery_delay_and_tracking,AUTO_HANDLE,Standard transit buffer; directed customer to official live tracking.
conv_amzn_01417,AmazonHelp,conv_amzn_01417,"@AmazonHelp Tracking says 'Departed facility' since Saturday, but there have been no new updates for 4 days. Is my order #114-6437098-8812665 lost?",Customer reaching out to @AmazonHelp regarding delivery delay and tracking.,We understand your concern regarding the lack of tracking movement. Please send us a direct message with your order number and email address so we can initiate an investigation with the carrier: https://amzn.to/dm ^RG,delivery_delay_and_tracking,ESCALATE_TO_HUMAN,Carrier stall exceeding 48h SLA; requires human carrier tracing.
conv_amzn_01418,AmazonHelp,conv_amzn_01418,@AmazonHelp Order #114-8446636-5478589 contains urgent medical supplies for my family that was guaranteed yesterday. Where is the courier right now?,Customer reaching out to @AmazonHelp regarding delivery delay and tracking.,"We sincerely apologize for this critical delay. Given the urgency of these supplies, please DM us immediately so a priority dispatcher can coordinate with the local logistics hub: https://amzn.to/dm ^RG",delivery_delay_and_tracking,ESCALATE_TO_HUMAN,Time-critical urgent medical delivery requiring priority dispatcher intervention.
conv_amzn_01419,AmazonHelp,conv_amzn_01419,"@AmazonHelp It has been 18 days since your return center acknowledged receipt of my #113-6977928-8096691, but my refund of $531.50 is still not issued. Where is my money?",Customer reaching out to @AmazonHelp regarding return and refund status.,We apologize for the delay. Eighteen days exceeds our normal processing timeline. Please send us a DM with your order number so a billing specialist can review the return status and manually release your refund: https://amzn.to/dm ^SJ,return_and_refund_status,ESCALATE_TO_HUMAN,Refund overdue beyond standard SLA (>14 days); requires manual finance clearance.
conv_amzn_01420,AmazonHelp,conv_amzn_01420,"@AmazonHelp It has been 18 days since your return center acknowledged receipt of my #111-6614758-2265234, but my refund of $491.99 is still not issued. Where is my money?",Customer reaching out to @AmazonHelp regarding return and refund status.,We apologize for the delay. Eighteen days exceeds our normal processing timeline. Please send us a DM with your order number so a billing specialist can review the return status and manually release your refund: https://amzn.to/dm ^AB,return_and_refund_status,ESCALATE_TO_HUMAN,Refund overdue beyond standard SLA (>14 days); requires manual finance clearance.
conv_amzn_01421,AmazonHelp,conv_amzn_01421,@AmazonHelp Delivery photo shows a completely different apartment number (342) and a red doormat. I live in unit 147 and don't have a red mat!,Customer reaching out to @AmazonHelp regarding missing or stolen package.,"We apologize for the misdelivery! Please send us a direct message with your order number so we can review the courier photo, verify your unit, and process an immediate replacement: https://amzn.to/dm ^DL",missing_or_stolen_package,ESCALATE_TO_HUMAN,Photographic proof of misdelivery to wrong unit; requires replacement authorization.
conv_amzn_01422,AmazonHelp,conv_amzn_01422,@AmazonHelp Order #114-9817116-9538417 contains urgent medical supplies for my family that was guaranteed yesterday. Where is the courier right now?,Customer reaching out to @AmazonHelp regarding delivery delay and tracking.,"We sincerely apologize for this critical delay. Given the urgency of these supplies, please DM us immediately so a priority dispatcher can coordinate with the local logistics hub: https://amzn.to/dm ^TB",delivery_delay_and_tracking,ESCALATE_TO_HUMAN,Time-critical urgent medical delivery requiring priority dispatcher intervention.
conv_amzn_01423,AmazonHelp,conv_amzn_01423,@AmazonHelp Order #114-4047894-7196589 contains urgent medical supplies for my family that was guaranteed yesterday. Where is the courier right now?,Customer reaching out to @AmazonHelp regarding delivery delay and tracking.,"We sincerely apologize for this critical delay. Given the urgency of these supplies, please DM us immediately so a priority dispatcher can coordinate with the local logistics hub: https://amzn.to/dm ^KL",delivery_delay_and_tracking,ESCALATE_TO_HUMAN,Time-critical urgent medical delivery requiring priority dispatcher intervention.
conv_amzn_01424,AmazonHelp,conv_amzn_01424,"@AmazonHelp Tracking says 'Carrier picked up package' since Thursday, but there have been no new updates for 4 days. Is my order #113-2189210-4104711 lost?",Customer reaching out to @AmazonHelp regarding delivery delay and tracking.,We understand your concern regarding the lack of tracking movement. Please send us a direct message with your order number and email address so we can initiate an investigation with the carrier: https://amzn.to/dm ^DL,delivery_delay_and_tracking,ESCALATE_TO_HUMAN,Carrier stall exceeding 48h SLA; requires human carrier tracing.
conv_amzn_01425,AmazonHelp,conv_amzn_01425,"@AmazonHelp Tracking says 'Out for Delivery' since Tuesday, but there have been no new updates for 4 days. Is my order #113-8316492-7443483 lost?",Customer reaching out to @AmazonHelp regarding delivery delay and tracking.,We understand your concern regarding the lack of tracking movement. Please send us a direct message with your order number and email address so we can initiate an investigation with the carrier: https://amzn.to/dm ^TB,delivery_delay_and_tracking,ESCALATE_TO_HUMAN,Carrier stall exceeding 48h SLA; requires human carrier tracing.
conv_amzn_01426,AmazonHelp,conv_amzn_01426,"@AmazonHelp It has been 18 days since your return center acknowledged receipt of my #111-1845750-4420073, but my refund of $415.99 is still not issued. Where is my money?",Customer reaching out to @AmazonHelp regarding return and refund status.,We apologize for the delay. Eighteen days exceeds our normal processing timeline. Please send us a DM with your order number so a billing specialist can review the return status and manually release your refund: https://amzn.to/dm ^SJ,return_and_refund_status,ESCALATE_TO_HUMAN,Refund overdue beyond standard SLA (>14 days); requires manual finance clearance.
conv_amzn_01427,AmazonHelp,conv_amzn_01427,@AmazonHelp It has been 36 hours since my package #112-9908938-8778463 was marked delivered. I checked with neighbors and my building management. It is not here.,Customer reaching out to @AmazonHelp regarding missing or stolen package.,"Thank you for thoroughly checking around your property. Since 36 hours have passed, please DM us your order ID so our team can file a missing package claim and issue a replacement or refund: https://amzn.to/dm ^MK",missing_or_stolen_package,ESCALATE_TO_HUMAN,Waiting window expired and parcel missing; requires human claims specialist.
conv_amzn_01428,AmazonHelp,conv_amzn_01428,"@AmazonHelp My Oral-B Electric Toothbrush was promised for delivery by 9 PM today, but tracking shows it hasn't even left the facility. Order #112-7233938-2031196.",Customer reaching out to @AmazonHelp regarding delivery delay and tracking.,"We apologize for the delay! Carrier transit times can vary. You can view the most up-to-date tracking information here: https://amzn.to/track. If it doesn't arrive by tomorrow evening, please DM us with your order ID: https://amzn.to/dm ^TB",delivery_delay_and_tracking,AUTO_HANDLE,Standard transit buffer; directed customer to official live tracking.
conv_amzn_01429,AmazonHelp,conv_amzn_01429,"@AmazonHelp Driver marked package attempted because they couldn't access the building gate, but no one buzzed my apartment 551!",Customer reaching out to @AmazonHelp regarding delivery delay and tracking.,"We're sorry for the inconvenience! Drivers will automatically re-attempt delivery on the next business day. You can add permanent gate codes in Your Account > Addresses: https://amzn.to/delivery-instructions. If urgent, DM us: https://amzn.to/dm ^SJ",delivery_delay_and_tracking,AUTO_HANDLE,Gate access issue; self-service delivery instruction update provided.
conv_amzn_01430,AmazonHelp,conv_amzn_01430,@AmazonHelp I need an official tax invoice with VAT ID for my company purchase order #112-2120838-8866117.,Customer reaching out to @AmazonHelp regarding general product or policy inquiry.,You can download official tax invoices directly from Your Orders by clicking 'Invoice' on the order details page: https://amzn.to/your-orders ^DL,general_product_or_policy_inquiry,AUTO_HANDLE,Self-service business invoice download guidance.
conv_amzn_01431,AmazonHelp,conv_amzn_01431,@AmazonHelp It has been 36 hours since my package #113-6558876-7374413 was marked delivered. I checked with neighbors and my building management. It is not here.,Customer reaching out to @AmazonHelp regarding missing or stolen package.,"Thank you for thoroughly checking around your property. Since 36 hours have passed, please DM us your order ID so our team can file a missing package claim and issue a replacement or refund: https://amzn.to/dm ^AB",missing_or_stolen_package,ESCALATE_TO_HUMAN,Waiting window expired and parcel missing; requires human claims specialist.
conv_amzn_01432,AmazonHelp,conv_amzn_01432,@AmazonHelp I ordered a Samsung 55-inch OLED TV ($322.50) and you sent me a box of cat litter! Order #112-6516528-6754119. This is a totally different item!,Customer reaching out to @AmazonHelp regarding damaged or incorrect item.,We sincerely apologize for this warehouse mix-up! Please DM us your order number so our fulfillment escalation team can investigate the inventory error and dispatch the correct item immediately: https://amzn.to/dm ^MK,damaged_or_incorrect_item,ESCALATE_TO_HUMAN,Severe inventory mispick requiring warehouse audit and expedited replacement.
conv_amzn_01433,AmazonHelp,conv_amzn_01433,@AmazonHelp Order #113-1931730-1764473 contains urgent medical supplies for my family that was guaranteed yesterday. Where is the courier right now?,Customer reaching out to @AmazonHelp regarding delivery delay and tracking.,"We sincerely apologize for this critical delay. Given the urgency of these supplies, please DM us immediately so a priority dispatcher can coordinate with the local logistics hub: https://amzn.to/dm ^TB",delivery_delay_and_tracking,ESCALATE_TO_HUMAN,Time-critical urgent medical delivery requiring priority dispatcher intervention.
conv_amzn_01434,AmazonHelp,conv_amzn_01434,@AmazonHelp Order #113-7170559-5130915 contains urgent medical supplies for my family that was guaranteed yesterday. Where is the courier right now?,Customer reaching out to @AmazonHelp regarding delivery delay and tracking.,"We sincerely apologize for this critical delay. Given the urgency of these supplies, please DM us immediately so a priority dispatcher can coordinate with the local logistics hub: https://amzn.to/dm ^AB",delivery_delay_and_tracking,ESCALATE_TO_HUMAN,Time-critical urgent medical delivery requiring priority dispatcher intervention.
conv_amzn_01435,AmazonHelp,conv_amzn_01435,@AmazonHelp I ordered a Kindle Paperwhite ($513.99) and you sent me a box of dog food! Order #112-2840251-2119044. This is a totally different item!,Customer reaching out to @AmazonHelp regarding damaged or incorrect item.,We sincerely apologize for this warehouse mix-up! Please DM us your order number so our fulfillment escalation team can investigate the inventory error and dispatch the correct item immediately: https://amzn.to/dm ^AB,damaged_or_incorrect_item,ESCALATE_TO_HUMAN,Severe inventory mispick requiring warehouse audit and expedited replacement.
conv_amzn_01436,AmazonHelp,conv_amzn_01436,@AmazonHelp It has been 36 hours since my package #114-7248463-5025983 was marked delivered. I checked with neighbors and my building management. It is not here.,Customer reaching out to @AmazonHelp regarding missing or stolen package.,"Thank you for thoroughly checking around your property. Since 36 hours have passed, please DM us your order ID so our team can file a missing package claim and issue a replacement or refund: https://amzn.to/dm ^AB",missing_or_stolen_package,ESCALATE_TO_HUMAN,Waiting window expired and parcel missing; requires human claims specialist.
conv_amzn_01437,AmazonHelp,conv_amzn_01437,@AmazonHelp I need an official tax invoice with VAT ID for my company purchase order #113-6072473-8201698.,Customer reaching out to @AmazonHelp regarding general product or policy inquiry.,You can download official tax invoices directly from Your Orders by clicking 'Invoice' on the order details page: https://amzn.to/your-orders ^KL,general_product_or_policy_inquiry,AUTO_HANDLE,Self-service business invoice download guidance.
conv_amzn_01438,AmazonHelp,conv_amzn_01438,"@AmazonHelp Driver marked package attempted because they couldn't access the building gate, but no one buzzed my apartment 768!",Customer reaching out to @AmazonHelp regarding delivery delay and tracking.,"We're sorry for the inconvenience! Drivers will automatically re-attempt delivery on the next business day. You can add permanent gate codes in Your Account > Addresses: https://amzn.to/delivery-instructions. If urgent, DM us: https://amzn.to/dm ^KL",delivery_delay_and_tracking,AUTO_HANDLE,Gate access issue; self-service delivery instruction update provided.
conv_amzn_01439,AmazonHelp,conv_amzn_01439,@AmazonHelp It has been 36 hours since my package #112-7437773-3967717 was marked delivered. I checked with neighbors and my building management. It is not here.,Customer reaching out to @AmazonHelp regarding missing or stolen package.,"Thank you for thoroughly checking around your property. Since 36 hours have passed, please DM us your order ID so our team can file a missing package claim and issue a replacement or refund: https://amzn.to/dm ^RG",missing_or_stolen_package,ESCALATE_TO_HUMAN,Waiting window expired and parcel missing; requires human claims specialist.
conv_amzn_01440,AmazonHelp,conv_amzn_01440,"@AmazonHelp I was just charged $607.50 for Amazon Prime annual renewal today, but I forgot to cancel. Can I get a refund if I haven't used it?",Customer reaching out to @AmazonHelp regarding prime membership and billing.,"Yes! If you haven't used any Prime benefits since the renewal charge, you will automatically receive a full refund when you cancel at: https://amzn.to/manage-prime ^SJ",prime_membership_and_billing,AUTO_HANDLE,Prorated/unused Prime auto-refund policy self-service guidance.
conv_amzn_01441,AmazonHelp,conv_amzn_01441,@AmazonHelp I need an official tax invoice with VAT ID for my company purchase order #112-2298900-9322943.,Customer reaching out to @AmazonHelp regarding general product or policy inquiry.,You can download official tax invoices directly from Your Orders by clicking 'Invoice' on the order details page: https://amzn.to/your-orders ^TB,general_product_or_policy_inquiry,AUTO_HANDLE,Self-service business invoice download guidance.
conv_amzn_01442,AmazonHelp,conv_amzn_01442,@AmazonHelp Order #112-2942516-9842609 contains urgent medical supplies for my family that was guaranteed yesterday. Where is the courier right now?,Customer reaching out to @AmazonHelp regarding delivery delay and tracking.,"We sincerely apologize for this critical delay. Given the urgency of these supplies, please DM us immediately so a priority dispatcher can coordinate with the local logistics hub: https://amzn.to/dm ^SJ",delivery_delay_and_tracking,ESCALATE_TO_HUMAN,Time-critical urgent medical delivery requiring priority dispatcher intervention.
conv_amzn_01443,AmazonHelp,conv_amzn_01443,"@AmazonHelp Tracking says 'Departed facility' since Tuesday, but there have been no new updates for 4 days. Is my order #111-6431359-5553149 lost?",Customer reaching out to @AmazonHelp regarding delivery delay and tracking.,We understand your concern regarding the lack of tracking movement. Please send us a direct message with your order number and email address so we can initiate an investigation with the carrier: https://amzn.to/dm ^JW,delivery_delay_and_tracking,ESCALATE_TO_HUMAN,Carrier stall exceeding 48h SLA; requires human carrier tracing.
conv_amzn_01444,AmazonHelp,conv_amzn_01444,@AmazonHelp I ordered a Ninja Air Fryer ($580.50) and you sent me a box of coffee mugs! Order #114-5026802-5084046. This is a totally different item!,Customer reaching out to @AmazonHelp regarding damaged or incorrect item.,We sincerely apologize for this warehouse mix-up! Please DM us your order number so our fulfillment escalation team can investigate the inventory error and dispatch the correct item immediately: https://amzn.to/dm ^TB,damaged_or_incorrect_item,ESCALATE_TO_HUMAN,Severe inventory mispick requiring warehouse audit and expedited replacement.
conv_amzn_01445,AmazonHelp,conv_amzn_01445,"@AmazonHelp It has been 18 days since your return center acknowledged receipt of my #114-8838327-2462131, but my refund of $48.50 is still not issued. Where is my money?",Customer reaching out to @AmazonHelp regarding return and refund status.,We apologize for the delay. Eighteen days exceeds our normal processing timeline. Please send us a DM with your order number so a billing specialist can review the return status and manually release your refund: https://amzn.to/dm ^JW,return_and_refund_status,ESCALATE_TO_HUMAN,Refund overdue beyond standard SLA (>14 days); requires manual finance clearance.
conv_amzn_01446,AmazonHelp,conv_amzn_01446,@AmazonHelp It has been 36 hours since my package #114-6955173-9386099 was marked delivered. I checked with neighbors and my building management. It is not here.,Customer reaching out to @AmazonHelp regarding missing or stolen package.,"Thank you for thoroughly checking around your property. Since 36 hours have passed, please DM us your order ID so our team can file a missing package claim and issue a replacement or refund: https://amzn.to/dm ^SJ",missing_or_stolen_package,ESCALATE_TO_HUMAN,Waiting window expired and parcel missing; requires human claims specialist.
conv_amzn_01447,AmazonHelp,conv_amzn_01447,"@AmazonHelp It has been 18 days since your return center acknowledged receipt of my #112-5683268-3097471, but my refund of $245.00 is still not issued. Where is my money?",Customer reaching out to @AmazonHelp regarding return and refund status.,We apologize for the delay. Eighteen days exceeds our normal processing timeline. Please send us a DM with your order number so a billing specialist can review the return status and manually release your refund: https://amzn.to/dm ^MK,return_and_refund_status,ESCALATE_TO_HUMAN,Refund overdue beyond standard SLA (>14 days); requires manual finance clearance.
conv_amzn_01448,AmazonHelp,conv_amzn_01448,"@AmazonHelp My Sony Wireless Headphones was promised for delivery by 5 PM today, but tracking shows it hasn't even left the facility. Order #112-6054056-4155155.",Customer reaching out to @AmazonHelp regarding delivery delay and tracking.,"We apologize for the delay! Carrier transit times can vary. You can view the most up-to-date tracking information here: https://amzn.to/track. If it doesn't arrive by tomorrow evening, please DM us with your order ID: https://amzn.to/dm ^SJ",delivery_delay_and_tracking,AUTO_HANDLE,Standard transit buffer; directed customer to official live tracking.
conv_amzn_01449,AmazonHelp,conv_amzn_01449,"@AmazonHelp Tracking says 'Out for Delivery' since Saturday, but there have been no new updates for 4 days. Is my order #112-6292011-3713014 lost?",Customer reaching out to @AmazonHelp regarding delivery delay and tracking.,We understand your concern regarding the lack of tracking movement. Please send us a direct message with your order number and email address so we can initiate an investigation with the carrier: https://amzn.to/dm ^SJ,delivery_delay_and_tracking,ESCALATE_TO_HUMAN,Carrier stall exceeding 48h SLA; requires human carrier tracing.
conv_amzn_01450,AmazonHelp,conv_amzn_01450,@AmazonHelp Delivery photo shows a completely different apartment number (245) and a red doormat. I live in unit 209 and don't have a red mat!,Customer reaching out to @AmazonHelp regarding missing or stolen package.,"We apologize for the misdelivery! Please send us a direct message with your order number so we can review the courier photo, verify your unit, and process an immediate replacement: https://amzn.to/dm ^KL",missing_or_stolen_package,ESCALATE_TO_HUMAN,Photographic proof of misdelivery to wrong unit; requires replacement authorization.
conv_amzn_01451,AmazonHelp,conv_amzn_01451,@AmazonHelp I ordered a Kindle Paperwhite ($307.50) and you sent me a box of dog food! Order #113-8485197-7000321. This is a totally different item!,Customer reaching out to @AmazonHelp regarding damaged or incorrect item.,We sincerely apologize for this warehouse mix-up! Please DM us your order number so our fulfillment escalation team can investigate the inventory error and dispatch the correct item immediately: https://amzn.to/dm ^MK,damaged_or_incorrect_item,ESCALATE_TO_HUMAN,Severe inventory mispick requiring warehouse audit and expedited replacement.
conv_amzn_01452,AmazonHelp,conv_amzn_01452,@AmazonHelp I need an official tax invoice with VAT ID for my company purchase order #112-6046426-9174501.,Customer reaching out to @AmazonHelp regarding general product or policy inquiry.,You can download official tax invoices directly from Your Orders by clicking 'Invoice' on the order details page: https://amzn.to/your-orders ^MK,general_product_or_policy_inquiry,AUTO_HANDLE,Self-service business invoice download guidance.
conv_amzn_01453,AmazonHelp,conv_amzn_01453,@AmazonHelp Delivery photo shows a completely different apartment number (673) and a red doormat. I live in unit 190 and don't have a red mat!,Customer reaching out to @AmazonHelp regarding missing or stolen package.,"We apologize for the misdelivery! Please send us a direct message with your order number so we can review the courier photo, verify your unit, and process an immediate replacement: https://amzn.to/dm ^KL",missing_or_stolen_package,ESCALATE_TO_HUMAN,Photographic proof of misdelivery to wrong unit; requires replacement authorization.
conv_amzn_01454,AmazonHelp,conv_amzn_01454,@AmazonHelp Order #113-8902904-7575373 contains urgent medical supplies for my family that was guaranteed yesterday. Where is the courier right now?,Customer reaching out to @AmazonHelp regarding delivery delay and tracking.,"We sincerely apologize for this critical delay. Given the urgency of these supplies, please DM us immediately so a priority dispatcher can coordinate with the local logistics hub: https://amzn.to/dm ^DL",delivery_delay_and_tracking,ESCALATE_TO_HUMAN,Time-critical urgent medical delivery requiring priority dispatcher intervention.
conv_amzn_01455,AmazonHelp,conv_amzn_01455,@AmazonHelp It has been 36 hours since my package #114-9563159-7043083 was marked delivered. I checked with neighbors and my building management. It is not here.,Customer reaching out to @AmazonHelp regarding missing or stolen package.,"Thank you for thoroughly checking around your property. Since 36 hours have passed, please DM us your order ID so our team can file a missing package claim and issue a replacement or refund: https://amzn.to/dm ^DL",missing_or_stolen_package,ESCALATE_TO_HUMAN,Waiting window expired and parcel missing; requires human claims specialist.
conv_amzn_01456,AmazonHelp,conv_amzn_01456,"@AmazonHelp It has been 18 days since your return center acknowledged receipt of my #111-2006905-2918936, but my refund of $450.50 is still not issued. Where is my money?",Customer reaching out to @AmazonHelp regarding return and refund status.,We apologize for the delay. Eighteen days exceeds our normal processing timeline. Please send us a DM with your order number so a billing specialist can review the return status and manually release your refund: https://amzn.to/dm ^TB,return_and_refund_status,ESCALATE_TO_HUMAN,Refund overdue beyond standard SLA (>14 days); requires manual finance clearance.
conv_amzn_01457,AmazonHelp,conv_amzn_01457,"@AmazonHelp It has been 18 days since your return center acknowledged receipt of my #113-3503165-7008214, but my refund of $440.50 is still not issued. Where is my money?",Customer reaching out to @AmazonHelp regarding return and refund status.,We apologize for the delay. Eighteen days exceeds our normal processing timeline. Please send us a DM with your order number so a billing specialist can review the return status and manually release your refund: https://amzn.to/dm ^RG,return_and_refund_status,ESCALATE_TO_HUMAN,Refund overdue beyond standard SLA (>14 days); requires manual finance clearance.
conv_amzn_01458,AmazonHelp,conv_amzn_01458,@AmazonHelp Order #111-6746505-9627535 contains urgent medical supplies for my family that was guaranteed yesterday. Where is the courier right now?,Customer reaching out to @AmazonHelp regarding delivery delay and tracking.,"We sincerely apologize for this critical delay. Given the urgency of these supplies, please DM us immediately so a priority dispatcher can coordinate with the local logistics hub: https://amzn.to/dm ^RG",delivery_delay_and_tracking,ESCALATE_TO_HUMAN,Time-critical urgent medical delivery requiring priority dispatcher intervention.
conv_amzn_01459,AmazonHelp,conv_amzn_01459,@AmazonHelp Delivery photo shows a completely different apartment number (244) and a red doormat. I live in unit 340 and don't have a red mat!,Customer reaching out to @AmazonHelp regarding missing or stolen package.,"We apologize for the misdelivery! Please send us a direct message with your order number so we can review the courier photo, verify your unit, and process an immediate replacement: https://amzn.to/dm ^MK",missing_or_stolen_package,ESCALATE_TO_HUMAN,Photographic proof of misdelivery to wrong unit; requires replacement authorization.
conv_amzn_01460,AmazonHelp,conv_amzn_01460,"@AmazonHelp It has been 18 days since your return center acknowledged receipt of my #111-8088496-4203361, but my refund of $133.50 is still not issued. Where is my money?",Customer reaching out to @AmazonHelp regarding return and refund status.,We apologize for the delay. Eighteen days exceeds our normal processing timeline. Please send us a DM with your order number so a billing specialist can review the return status and manually release your refund: https://amzn.to/dm ^JW,return_and_refund_status,ESCALATE_TO_HUMAN,Refund overdue beyond standard SLA (>14 days); requires manual finance clearance.
conv_amzn_01461,AmazonHelp,conv_amzn_01461,"@AmazonHelp My Dyson V8 Vacuum was promised for delivery by 8 PM today, but tracking shows it hasn't even left the facility. Order #114-7097021-8315396.",Customer reaching out to @AmazonHelp regarding delivery delay and tracking.,"We apologize for the delay! Carrier transit times can vary. You can view the most up-to-date tracking information here: https://amzn.to/track. If it doesn't arrive by tomorrow evening, please DM us with your order ID: https://amzn.to/dm ^JW",delivery_delay_and_tracking,AUTO_HANDLE,Standard transit buffer; directed customer to official live tracking.
conv_amzn_01462,AmazonHelp,conv_amzn_01462,"@AmazonHelp I was just charged $118.99 for Amazon Prime annual renewal today, but I forgot to cancel. Can I get a refund if I haven't used it?",Customer reaching out to @AmazonHelp regarding prime membership and billing.,"Yes! If you haven't used any Prime benefits since the renewal charge, you will automatically receive a full refund when you cancel at: https://amzn.to/manage-prime ^SJ",prime_membership_and_billing,AUTO_HANDLE,Prorated/unused Prime auto-refund policy self-service guidance.
conv_amzn_01463,AmazonHelp,conv_amzn_01463,@AmazonHelp Order #111-9052500-4677277 contains urgent medical supplies for my family that was guaranteed yesterday. Where is the courier right now?,Customer reaching out to @AmazonHelp regarding delivery delay and tracking.,"We sincerely apologize for this critical delay. Given the urgency of these supplies, please DM us immediately so a priority dispatcher can coordinate with the local logistics hub: https://amzn.to/dm ^TB",delivery_delay_and_tracking,ESCALATE_TO_HUMAN,Time-critical urgent medical delivery requiring priority dispatcher intervention.
conv_amzn_01464,AmazonHelp,conv_amzn_01464,@AmazonHelp I dropped off my return of Sony Wireless Headphones at Amazon Locker on Friday. When should I expect the refund to appear on my credit card?,Customer reaching out to @AmazonHelp regarding return and refund status.,"Once the return is received, refunds typically take 3 to 5 business days to process back to your original payment method. You can track refund progress under Your Orders: https://amzn.to/refund-status ^KL",return_and_refund_status,AUTO_HANDLE,Standard banking processing timeline explanation.
conv_amzn_01465,AmazonHelp,conv_amzn_01465,"@AmazonHelp I was just charged $626.00 for Amazon Prime annual renewal today, but I forgot to cancel. Can I get a refund if I haven't used it?",Customer reaching out to @AmazonHelp regarding prime membership and billing.,"Yes! If you haven't used any Prime benefits since the renewal charge, you will automatically receive a full refund when you cancel at: https://amzn.to/manage-prime ^MK",prime_membership_and_billing,AUTO_HANDLE,Prorated/unused Prime auto-refund policy self-service guidance.
conv_amzn_01466,AmazonHelp,conv_amzn_01466,@AmazonHelp I dropped off my return of LEGO Star Wars Set at Amazon Locker on Thursday. When should I expect the refund to appear on my credit card?,Customer reaching out to @AmazonHelp regarding return and refund status.,"Once the return is received, refunds typically take 3 to 5 business days to process back to your original payment method. You can track refund progress under Your Orders: https://amzn.to/refund-status ^MK",return_and_refund_status,AUTO_HANDLE,Standard banking processing timeline explanation.
conv_amzn_01467,AmazonHelp,conv_amzn_01467,@AmazonHelp Order #111-6143908-3649191 contains urgent medical supplies for my family that was guaranteed yesterday. Where is the courier right now?,Customer reaching out to @AmazonHelp regarding delivery delay and tracking.,"We sincerely apologize for this critical delay. Given the urgency of these supplies, please DM us immediately so a priority dispatcher can coordinate with the local logistics hub: https://amzn.to/dm ^KL",delivery_delay_and_tracking,ESCALATE_TO_HUMAN,Time-critical urgent medical delivery requiring priority dispatcher intervention.
conv_amzn_01468,AmazonHelp,conv_amzn_01468,"@AmazonHelp My Ninja Air Fryer was promised for delivery by 8 PM today, but tracking shows it hasn't even left the facility. Order #112-3212700-4230855.",Customer reaching out to @AmazonHelp regarding delivery delay and tracking.,"We apologize for the delay! Carrier transit times can vary. You can view the most up-to-date tracking information here: https://amzn.to/track. If it doesn't arrive by tomorrow evening, please DM us with your order ID: https://amzn.to/dm ^SJ",delivery_delay_and_tracking,AUTO_HANDLE,Standard transit buffer; directed customer to official live tracking.
conv_amzn_01469,AmazonHelp,conv_amzn_01469,"@AmazonHelp Driver marked package attempted because they couldn't access the building gate, but no one buzzed my apartment 174!",Customer reaching out to @AmazonHelp regarding delivery delay and tracking.,"We're sorry for the inconvenience! Drivers will automatically re-attempt delivery on the next business day. You can add permanent gate codes in Your Account > Addresses: https://amzn.to/delivery-instructions. If urgent, DM us: https://amzn.to/dm ^TB",delivery_delay_and_tracking,AUTO_HANDLE,Gate access issue; self-service delivery instruction update provided.
conv_amzn_01470,AmazonHelp,conv_amzn_01470,@AmazonHelp I ordered a Ceramic Dinnerware Set ($218.99) and you sent me a box of pack of socks! Order #112-7359212-6821514. This is a totally different item!,Customer reaching out to @AmazonHelp regarding damaged or incorrect item.,We sincerely apologize for this warehouse mix-up! Please DM us your order number so our fulfillment escalation team can investigate the inventory error and dispatch the correct item immediately: https://amzn.to/dm ^DL,damaged_or_incorrect_item,ESCALATE_TO_HUMAN,Severe inventory mispick requiring warehouse audit and expedited replacement.
conv_amzn_01471,AmazonHelp,conv_amzn_01471,"@AmazonHelp I was just charged $442.00 for Amazon Prime annual renewal today, but I forgot to cancel. Can I get a refund if I haven't used it?",Customer reaching out to @AmazonHelp regarding prime membership and billing.,"Yes! If you haven't used any Prime benefits since the renewal charge, you will automatically receive a full refund when you cancel at: https://amzn.to/manage-prime ^AB",prime_membership_and_billing,AUTO_HANDLE,Prorated/unused Prime auto-refund policy self-service guidance.
conv_amzn_01472,AmazonHelp,conv_amzn_01472,@AmazonHelp I ordered a Ceramic Dinnerware Set ($294.50) and you sent me a box of coffee mugs! Order #112-2883971-5183945. This is a totally different item!,Customer reaching out to @AmazonHelp regarding damaged or incorrect item.,We sincerely apologize for this warehouse mix-up! Please DM us your order number so our fulfillment escalation team can investigate the inventory error and dispatch the correct item immediately: https://amzn.to/dm ^JW,damaged_or_incorrect_item,ESCALATE_TO_HUMAN,Severe inventory mispick requiring warehouse audit and expedited replacement.
conv_amzn_01473,AmazonHelp,conv_amzn_01473,@AmazonHelp I ordered a Fitbit Charge 6 ($261.00) and you sent me a box of dog food! Order #113-8025352-5918265. This is a totally different item!,Customer reaching out to @AmazonHelp regarding damaged or incorrect item.,We sincerely apologize for this warehouse mix-up! Please DM us your order number so our fulfillment escalation team can investigate the inventory error and dispatch the correct item immediately: https://amzn.to/dm ^RG,damaged_or_incorrect_item,ESCALATE_TO_HUMAN,Severe inventory mispick requiring warehouse audit and expedited replacement.
conv_amzn_01474,AmazonHelp,conv_amzn_01474,@AmazonHelp I need an official tax invoice with VAT ID for my company purchase order #113-9536145-3409352.,Customer reaching out to @AmazonHelp regarding general product or policy inquiry.,You can download official tax invoices directly from Your Orders by clicking 'Invoice' on the order details page: https://amzn.to/your-orders ^TB,general_product_or_policy_inquiry,AUTO_HANDLE,Self-service business invoice download guidance.
conv_amzn_01475,AmazonHelp,conv_amzn_01475,@AmazonHelp I need an official tax invoice with VAT ID for my company purchase order #113-2837653-8053279.,Customer reaching out to @AmazonHelp regarding general product or policy inquiry.,You can download official tax invoices directly from Your Orders by clicking 'Invoice' on the order details page: https://amzn.to/your-orders ^AB,general_product_or_policy_inquiry,AUTO_HANDLE,Self-service business invoice download guidance.
conv_amzn_01476,AmazonHelp,conv_amzn_01476,"@AmazonHelp Driver marked package attempted because they couldn't access the building gate, but no one buzzed my apartment 644!",Customer reaching out to @AmazonHelp regarding delivery delay and tracking.,"We're sorry for the inconvenience! Drivers will automatically re-attempt delivery on the next business day. You can add permanent gate codes in Your Account > Addresses: https://amzn.to/delivery-instructions. If urgent, DM us: https://amzn.to/dm ^DL",delivery_delay_and_tracking,AUTO_HANDLE,Gate access issue; self-service delivery instruction update provided.
conv_amzn_01477,AmazonHelp,conv_amzn_01477,@AmazonHelp Delivery photo shows a completely different apartment number (360) and a red doormat. I live in unit 567 and don't have a red mat!,Customer reaching out to @AmazonHelp regarding missing or stolen package.,"We apologize for the misdelivery! Please send us a direct message with your order number so we can review the courier photo, verify your unit, and process an immediate replacement: https://amzn.to/dm ^DL",missing_or_stolen_package,ESCALATE_TO_HUMAN,Photographic proof of misdelivery to wrong unit; requires replacement authorization.
conv_amzn_01478,AmazonHelp,conv_amzn_01478,"@AmazonHelp I was just charged $514.99 for Amazon Prime annual renewal today, but I forgot to cancel. Can I get a refund if I haven't used it?",Customer reaching out to @AmazonHelp regarding prime membership and billing.,"Yes! If you haven't used any Prime benefits since the renewal charge, you will automatically receive a full refund when you cancel at: https://amzn.to/manage-prime ^SJ",prime_membership_and_billing,AUTO_HANDLE,Prorated/unused Prime auto-refund policy self-service guidance.
conv_amzn_01479,AmazonHelp,conv_amzn_01479,"@AmazonHelp It has been 18 days since your return center acknowledged receipt of my #113-6840302-4172879, but my refund of $520.00 is still not issued. Where is my money?",Customer reaching out to @AmazonHelp regarding return and refund status.,We apologize for the delay. Eighteen days exceeds our normal processing timeline. Please send us a DM with your order number so a billing specialist can review the return status and manually release your refund: https://amzn.to/dm ^JW,return_and_refund_status,ESCALATE_TO_HUMAN,Refund overdue beyond standard SLA (>14 days); requires manual finance clearance.
conv_amzn_01480,AmazonHelp,conv_amzn_01480,"@AmazonHelp It has been 18 days since your return center acknowledged receipt of my #111-9135290-5857776, but my refund of $170.99 is still not issued. Where is my money?",Customer reaching out to @AmazonHelp regarding return and refund status.,We apologize for the delay. Eighteen days exceeds our normal processing timeline. Please send us a DM with your order number so a billing specialist can review the return status and manually release your refund: https://amzn.to/dm ^SJ,return_and_refund_status,ESCALATE_TO_HUMAN,Refund overdue beyond standard SLA (>14 days); requires manual finance clearance.
conv_amzn_01481,AmazonHelp,conv_amzn_01481,"@AmazonHelp I was just charged $566.00 for Amazon Prime annual renewal today, but I forgot to cancel. Can I get a refund if I haven't used it?",Customer reaching out to @AmazonHelp regarding prime membership and billing.,"Yes! If you haven't used any Prime benefits since the renewal charge, you will automatically receive a full refund when you cancel at: https://amzn.to/manage-prime ^SJ",prime_membership_and_billing,AUTO_HANDLE,Prorated/unused Prime auto-refund policy self-service guidance.
conv_amzn_01482,AmazonHelp,conv_amzn_01482,"@AmazonHelp Tracking says 'Departed facility' since Tuesday, but there have been no new updates for 4 days. Is my order #111-4314942-7072099 lost?",Customer reaching out to @AmazonHelp regarding delivery delay and tracking.,We understand your concern regarding the lack of tracking movement. Please send us a direct message with your order number and email address so we can initiate an investigation with the carrier: https://amzn.to/dm ^JW,delivery_delay_and_tracking,ESCALATE_TO_HUMAN,Carrier stall exceeding 48h SLA; requires human carrier tracing.
conv_amzn_01483,AmazonHelp,conv_amzn_01483,@AmazonHelp I need an official tax invoice with VAT ID for my company purchase order #111-9454063-4165898.,Customer reaching out to @AmazonHelp regarding general product or policy inquiry.,You can download official tax invoices directly from Your Orders by clicking 'Invoice' on the order details page: https://amzn.to/your-orders ^KL,general_product_or_policy_inquiry,AUTO_HANDLE,Self-service business invoice download guidance.
conv_amzn_01484,AmazonHelp,conv_amzn_01484,"@AmazonHelp My Kindle Paperwhite was promised for delivery by 5 PM today, but tracking shows it hasn't even left the facility. Order #111-3464359-6370731.",Customer reaching out to @AmazonHelp regarding delivery delay and tracking.,"We apologize for the delay! Carrier transit times can vary. You can view the most up-to-date tracking information here: https://amzn.to/track. If it doesn't arrive by tomorrow evening, please DM us with your order ID: https://amzn.to/dm ^RG",delivery_delay_and_tracking,AUTO_HANDLE,Standard transit buffer; directed customer to official live tracking.
conv_amzn_01485,AmazonHelp,conv_amzn_01485,@AmazonHelp It has been 36 hours since my package #113-3543531-1748834 was marked delivered. I checked with neighbors and my building management. It is not here.,Customer reaching out to @AmazonHelp regarding missing or stolen package.,"Thank you for thoroughly checking around your property. Since 36 hours have passed, please DM us your order ID so our team can file a missing package claim and issue a replacement or refund: https://amzn.to/dm ^DL",missing_or_stolen_package,ESCALATE_TO_HUMAN,Waiting window expired and parcel missing; requires human claims specialist.
conv_amzn_01486,AmazonHelp,conv_amzn_01486,"@AmazonHelp I was just charged $291.50 for Amazon Prime annual renewal today, but I forgot to cancel. Can I get a refund if I haven't used it?",Customer reaching out to @AmazonHelp regarding prime membership and billing.,"Yes! If you haven't used any Prime benefits since the renewal charge, you will automatically receive a full refund when you cancel at: https://amzn.to/manage-prime ^DL",prime_membership_and_billing,AUTO_HANDLE,Prorated/unused Prime auto-refund policy self-service guidance.
conv_amzn_01487,AmazonHelp,conv_amzn_01487,@AmazonHelp It has been 36 hours since my package #111-1694644-1767904 was marked delivered. I checked with neighbors and my building management. It is not here.,Customer reaching out to @AmazonHelp regarding missing or stolen package.,"Thank you for thoroughly checking around your property. Since 36 hours have passed, please DM us your order ID so our team can file a missing package claim and issue a replacement or refund: https://amzn.to/dm ^RG",missing_or_stolen_package,ESCALATE_TO_HUMAN,Waiting window expired and parcel missing; requires human claims specialist.
conv_amzn_01488,AmazonHelp,conv_amzn_01488,"@AmazonHelp Tracking says 'Out for Delivery' since Monday, but there have been no new updates for 4 days. Is my order #113-6442296-1981199 lost?",Customer reaching out to @AmazonHelp regarding delivery delay and tracking.,We understand your concern regarding the lack of tracking movement. Please send us a direct message with your order number and email address so we can initiate an investigation with the carrier: https://amzn.to/dm ^AB,delivery_delay_and_tracking,ESCALATE_TO_HUMAN,Carrier stall exceeding 48h SLA; requires human carrier tracing.
conv_amzn_01489,AmazonHelp,conv_amzn_01489,@AmazonHelp I ordered a Samsung 55-inch OLED TV ($310.99) and you sent me a box of dog food! Order #112-5987872-9017037. This is a totally different item!,Customer reaching out to @AmazonHelp regarding damaged or incorrect item.,We sincerely apologize for this warehouse mix-up! Please DM us your order number so our fulfillment escalation team can investigate the inventory error and dispatch the correct item immediately: https://amzn.to/dm ^TB,damaged_or_incorrect_item,ESCALATE_TO_HUMAN,Severe inventory mispick requiring warehouse audit and expedited replacement.
conv_amzn_01490,AmazonHelp,conv_amzn_01490,"@AmazonHelp My Oral-B Electric Toothbrush was promised for delivery by 8 PM today, but tracking shows it hasn't even left the facility. Order #111-4290664-2730003.",Customer reaching out to @AmazonHelp regarding delivery delay and tracking.,"We apologize for the delay! Carrier transit times can vary. You can view the most up-to-date tracking information here: https://amzn.to/track. If it doesn't arrive by tomorrow evening, please DM us with your order ID: https://amzn.to/dm ^AB",delivery_delay_and_tracking,AUTO_HANDLE,Standard transit buffer; directed customer to official live tracking.
conv_amzn_01491,AmazonHelp,conv_amzn_01491,@AmazonHelp Delivery photo shows a completely different apartment number (191) and a red doormat. I live in unit 545 and don't have a red mat!,Customer reaching out to @AmazonHelp regarding missing or stolen package.,"We apologize for the misdelivery! Please send us a direct message with your order number so we can review the courier photo, verify your unit, and process an immediate replacement: https://amzn.to/dm ^RG",missing_or_stolen_package,ESCALATE_TO_HUMAN,Photographic proof of misdelivery to wrong unit; requires replacement authorization.
conv_amzn_01492,AmazonHelp,conv_amzn_01492,@AmazonHelp I dropped off my return of Fitbit Charge 6 at The UPS Store on Friday. When should I expect the refund to appear on my credit card?,Customer reaching out to @AmazonHelp regarding return and refund status.,"Once the return is received, refunds typically take 3 to 5 business days to process back to your original payment method. You can track refund progress under Your Orders: https://amzn.to/refund-status ^DL",return_and_refund_status,AUTO_HANDLE,Standard banking processing timeline explanation.
conv_amzn_01493,AmazonHelp,conv_amzn_01493,@AmazonHelp I dropped off my return of Keurig Coffee Maker at Kohl's Drop-off on Saturday. When should I expect the refund to appear on my credit card?,Customer reaching out to @AmazonHelp regarding return and refund status.,"Once the return is received, refunds typically take 3 to 5 business days to process back to your original payment method. You can track refund progress under Your Orders: https://amzn.to/refund-status ^KL",return_and_refund_status,AUTO_HANDLE,Standard banking processing timeline explanation.
conv_amzn_01494,AmazonHelp,conv_amzn_01494,@AmazonHelp I dropped off my return of Ninja Air Fryer at Amazon Locker on Wednesday. When should I expect the refund to appear on my credit card?,Customer reaching out to @AmazonHelp regarding return and refund status.,"Once the return is received, refunds typically take 3 to 5 business days to process back to your original payment method. You can track refund progress under Your Orders: https://amzn.to/refund-status ^AB",return_and_refund_status,AUTO_HANDLE,Standard banking processing timeline explanation.
conv_amzn_01495,AmazonHelp,conv_amzn_01495,"@AmazonHelp My Instant Pot Duo was promised for delivery by 8 PM today, but tracking shows it hasn't even left the facility. Order #112-5186673-2039816.",Customer reaching out to @AmazonHelp regarding delivery delay and tracking.,"We apologize for the delay! Carrier transit times can vary. You can view the most up-to-date tracking information here: https://amzn.to/track. If it doesn't arrive by tomorrow evening, please DM us with your order ID: https://amzn.to/dm ^RG",delivery_delay_and_tracking,AUTO_HANDLE,Standard transit buffer; directed customer to official live tracking.
conv_amzn_01496,AmazonHelp,conv_amzn_01496,@AmazonHelp Delivery photo shows a completely different apartment number (817) and a red doormat. I live in unit 641 and don't have a red mat!,Customer reaching out to @AmazonHelp regarding missing or stolen package.,"We apologize for the misdelivery! Please send us a direct message with your order number so we can review the courier photo, verify your unit, and process an immediate replacement: https://amzn.to/dm ^JW",missing_or_stolen_package,ESCALATE_TO_HUMAN,Photographic proof of misdelivery to wrong unit; requires replacement authorization.
conv_amzn_01497,AmazonHelp,conv_amzn_01497,@AmazonHelp Order #113-2193800-6631039 contains urgent medical supplies for my family that was guaranteed yesterday. Where is the courier right now?,Customer reaching out to @AmazonHelp regarding delivery delay and tracking.,"We sincerely apologize for this critical delay. Given the urgency of these supplies, please DM us immediately so a priority dispatcher can coordinate with the local logistics hub: https://amzn.to/dm ^JW",delivery_delay_and_tracking,ESCALATE_TO_HUMAN,Time-critical urgent medical delivery requiring priority dispatcher intervention.
conv_amzn_01498,AmazonHelp,conv_amzn_01498,@AmazonHelp I ordered a Ceramic Dinnerware Set ($105.00) and you sent me a box of plastic hangers! Order #111-6390965-7607549. This is a totally different item!,Customer reaching out to @AmazonHelp regarding damaged or incorrect item.,We sincerely apologize for this warehouse mix-up! Please DM us your order number so our fulfillment escalation team can investigate the inventory error and dispatch the correct item immediately: https://amzn.to/dm ^AB,damaged_or_incorrect_item,ESCALATE_TO_HUMAN,Severe inventory mispick requiring warehouse audit and expedited replacement.
conv_amzn_01499,AmazonHelp,conv_amzn_01499,"@AmazonHelp I was just charged $270.99 for Amazon Prime annual renewal today, but I forgot to cancel. Can I get a refund if I haven't used it?",Customer reaching out to @AmazonHelp regarding prime membership and billing.,"Yes! If you haven't used any Prime benefits since the renewal charge, you will automatically receive a full refund when you cancel at: https://amzn.to/manage-prime ^RG",prime_membership_and_billing,AUTO_HANDLE,Prorated/unused Prime auto-refund policy self-service guidance.
